0 verbose cli C:\Program Files\nodejs\node.exe C:\Program Files\nodejs\node_modules\npm\bin\npm-cli.js
1 info using npm@11.9.0
2 info using node@v24.14.0
3 silly config load:file:C:\Program Files\nodejs\node_modules\npm\npmrc
4 silly config load:file:C:\Users\aimee\Downloads\calculadora-e-temporizador-main\.npmrc
5 silly config load:file:C:\Users\aimee\.npmrc
6 silly config load:file:C:\Users\aimee\AppData\Roaming\npm\etc\npmrc
7 verbose title npm exec expo start
8 verbose argv "exec" "--" "expo" "start"
9 verbose logfile logs-max:10 dir:C:\Users\aimee\Downloads\calculadora-e-temporizador-main\c\users\aimee\AppData\Roaming\_logs\2026-04-01T00_51_54_443Z-
10 verbose logfile C:\Users\aimee\Downloads\calculadora-e-temporizador-main\c\users\aimee\AppData\Roaming\_logs\2026-04-01T00_51_54_443Z-debug-0.log
11 silly logfile done cleaning log files
12 silly packumentCache heap:4496293888 maxSize:1124073472 maxEntrySize:562036736
13 http fetch GET 200 https://registry.npmjs.org/npm 229ms
14 http fetch GET 200 https://registry.npmjs.org/expo 215ms (cache miss)
15 silly packumentCache heap:4496293888 maxSize:1124073472 maxEntrySize:562036736
16 silly packumentCache heap:4496293888 maxSize:1124073472 maxEntrySize:562036736
17 silly idealTree buildDeps
18 silly fetch manifest expo@55.0.9
19 silly packumentCache full:https://registry.npmjs.org/expo cache-miss
20 http fetch GET 200 https://registry.npmjs.org/expo 76ms (cache miss)
21 silly packumentCache full:https://registry.npmjs.org/expo set size:undefined disposed:false
22 silly fetch manifest @expo/dom-webview@*
23 silly packumentCache full:https://registry.npmjs.org/@expo%2fdom-webview cache-miss
24 http fetch GET 200 https://registry.npmjs.org/@expo%2fdom-webview 72ms (cache miss)
25 silly packumentCache full:https://registry.npmjs.org/@expo%2fdom-webview set size:undefined disposed:false
26 silly fetch manifest react@*
27 silly packumentCache full:https://registry.npmjs.org/react cache-miss
28 http fetch GET 200 https://registry.npmjs.org/react 160ms (cache miss)
29 silly packumentCache full:https://registry.npmjs.org/react set size:undefined disposed:false
30 silly fetch manifest react-native@*
31 silly packumentCache full:https://registry.npmjs.org/react-native cache-miss
32 http fetch GET 200 https://registry.npmjs.org/react-native 200ms (cache miss)
33 silly packumentCache full:https://registry.npmjs.org/react-native set size:undefined disposed:false
34 silly fetch manifest @types/react@^19.1.1
35 silly packumentCache full:https://registry.npmjs.org/@types%2freact cache-miss
36 http fetch GET 200 https://registry.npmjs.org/@types%2freact 71ms (cache miss)
37 silly packumentCache full:https://registry.npmjs.org/@types%2freact set size:undefined disposed:false
38 silly fetch manifest @expo/metro-runtime@*
39 silly packumentCache full:https://registry.npmjs.org/@expo%2fmetro-runtime cache-miss
40 http fetch GET 200 https://registry.npmjs.org/@expo%2fmetro-runtime 77ms (cache miss)
41 silly packumentCache full:https://registry.npmjs.org/@expo%2fmetro-runtime set size:undefined disposed:false
42 silly fetch manifest react-dom@*
43 silly packumentCache full:https://registry.npmjs.org/react-dom cache-miss
44 http fetch GET 200 https://registry.npmjs.org/react-dom 162ms (cache miss)
45 silly packumentCache full:https://registry.npmjs.org/react-dom set size:undefined disposed:false
46 silly fetch manifest react-native-webview@*
47 silly packumentCache full:https://registry.npmjs.org/react-native-webview cache-miss
48 http fetch GET 200 https://registry.npmjs.org/react-native-webview 77ms (cache miss)
49 silly packumentCache full:https://registry.npmjs.org/react-native-webview set size:undefined disposed:false
50 silly placeDep ROOT expo@55.0.9 OK for:  want: 55.0.9
51 silly placeDep ROOT react@19.2.4 OK for: expo@55.0.9 want: *
52 silly placeDep ROOT react-native@0.84.1 OK for: expo@55.0.9 want: *
53 silly fetch manifest @expo/cli@55.0.19
54 silly packumentCache full:https://registry.npmjs.org/@expo%2fcli cache-miss
55 silly fetch manifest expo-font@~55.0.4
56 silly packumentCache full:https://registry.npmjs.org/expo-font cache-miss
57 silly fetch manifest expo-asset@~55.0.10
58 silly packumentCache full:https://registry.npmjs.org/expo-asset cache-miss
59 silly fetch manifest @expo/metro@~54.2.0
60 silly packumentCache full:https://registry.npmjs.org/@expo%2fmetro cache-miss
61 silly fetch manifest @expo/config@~55.0.11
62 silly packumentCache full:https://registry.npmjs.org/@expo%2fconfig cache-miss
63 silly fetch manifest @expo/log-box@55.0.8
64 silly packumentCache full:https://registry.npmjs.org/@expo%2flog-box cache-miss
65 silly fetch manifest pretty-format@^29.7.0
66 silly packumentCache full:https://registry.npmjs.org/pretty-format cache-miss
67 http fetch GET 200 https://registry.npmjs.org/expo-font 73ms (cache miss)
68 silly packumentCache full:https://registry.npmjs.org/expo-font set size:undefined disposed:false
69 silly fetch manifest react-refresh@^0.14.2
70 silly packumentCache full:https://registry.npmjs.org/react-refresh cache-miss
71 http fetch GET 200 https://registry.npmjs.org/@expo%2fcli 84ms (cache miss)
72 silly packumentCache full:https://registry.npmjs.org/@expo%2fcli set size:undefined disposed:false
73 silly fetch manifest @babel/runtime@^7.20.0
74 silly packumentCache full:https://registry.npmjs.org/@babel%2fruntime cache-miss
75 http fetch GET 200 https://registry.npmjs.org/expo-asset 156ms (cache miss)
76 silly packumentCache full:https://registry.npmjs.org/expo-asset set size:undefined disposed:false
77 silly fetch manifest @expo/devtools@55.0.2
78 silly packumentCache full:https://registry.npmjs.org/@expo%2fdevtools cache-miss
79 http fetch GET 200 https://registry.npmjs.org/@expo%2fmetro 164ms (cache miss)
80 silly packumentCache full:https://registry.npmjs.org/@expo%2fmetro set size:undefined disposed:false
81 silly fetch manifest expo-constants@~55.0.9
82 silly packumentCache full:https://registry.npmjs.org/expo-constants cache-miss
83 http fetch GET 200 https://registry.npmjs.org/@expo%2flog-box 189ms (cache miss)
84 silly packumentCache full:https://registry.npmjs.org/@expo%2flog-box set size:undefined disposed:false
85 silly fetch manifest expo-keep-awake@~55.0.4
86 silly packumentCache full:https://registry.npmjs.org/expo-keep-awake cache-miss
87 http fetch GET 200 https://registry.npmjs.org/react-refresh 185ms (cache miss)
88 silly packumentCache full:https://registry.npmjs.org/react-refresh set size:undefined disposed:false
89 silly fetch manifest expo-file-system@~55.0.12
90 silly packumentCache full:https://registry.npmjs.org/expo-file-system cache-miss
91 http fetch GET 200 https://registry.npmjs.org/pretty-format 301ms (cache miss)
92 silly packumentCache full:https://registry.npmjs.org/pretty-format set size:undefined disposed:false
93 silly fetch manifest @expo/fingerprint@0.16.6
94 silly packumentCache full:https://registry.npmjs.org/@expo%2ffingerprint cache-miss
95 http fetch GET 200 https://registry.npmjs.org/@expo%2fdevtools 161ms (cache miss)
96 silly packumentCache full:https://registry.npmjs.org/@expo%2fdevtools set size:undefined disposed:false
97 silly fetch manifest babel-preset-expo@~55.0.13
98 silly packumentCache full:https://registry.npmjs.org/babel-preset-expo cache-miss
99 http fetch GET 200 https://registry.npmjs.org/@babel%2fruntime 230ms (cache miss)
100 silly packumentCache full:https://registry.npmjs.org/@babel%2fruntime set size:undefined disposed:false
101 silly fetch manifest expo-modules-core@55.0.18
102 silly packumentCache full:https://registry.npmjs.org/expo-modules-core cache-miss
103 http fetch GET 200 https://registry.npmjs.org/expo-constants 186ms (cache miss)
104 silly packumentCache full:https://registry.npmjs.org/expo-constants set size:undefined disposed:false
105 silly fetch manifest @expo/metro-config@55.0.11
106 silly packumentCache full:https://registry.npmjs.org/@expo%2fmetro-config cache-miss
107 http fetch GET 200 https://registry.npmjs.org/expo-keep-awake 172ms (cache miss)
108 silly packumentCache full:https://registry.npmjs.org/expo-keep-awake set size:undefined disposed:false
109 silly fetch manifest @expo/vector-icons@^15.0.2
110 silly packumentCache full:https://registry.npmjs.org/@expo%2fvector-icons cache-miss
111 http fetch GET 200 https://registry.npmjs.org/@expo%2fconfig 374ms (cache miss)
112 silly packumentCache full:https://registry.npmjs.org/@expo%2fconfig set size:undefined disposed:false
113 silly fetch manifest whatwg-url-minimum@^0.1.1
114 silly packumentCache full:https://registry.npmjs.org/whatwg-url-minimum cache-miss
115 http fetch GET 200 https://registry.npmjs.org/@expo%2ffingerprint 83ms (cache miss)
116 silly packumentCache full:https://registry.npmjs.org/@expo%2ffingerprint set size:undefined disposed:false
117 silly fetch manifest @expo/config-plugins@~55.0.7
118 silly packumentCache full:https://registry.npmjs.org/@expo%2fconfig-plugins cache-miss
119 http fetch GET 200 https://registry.npmjs.org/expo-file-system 94ms (cache miss)
120 silly packumentCache full:https://registry.npmjs.org/expo-file-system set size:undefined disposed:false
121 silly fetch manifest @ungap/structured-clone@^1.3.0
122 silly packumentCache full:https://registry.npmjs.org/@ungap%2fstructured-clone cache-miss
123 http fetch GET 200 https://registry.npmjs.org/babel-preset-expo 77ms (cache miss)
124 silly packumentCache full:https://registry.npmjs.org/babel-preset-expo set size:undefined disposed:false
125 silly fetch manifest expo-modules-autolinking@55.0.12
126 silly packumentCache full:https://registry.npmjs.org/expo-modules-autolinking cache-miss
127 http fetch GET 200 https://registry.npmjs.org/whatwg-url-minimum 45ms (cache miss)
128 silly packumentCache full:https://registry.npmjs.org/whatwg-url-minimum set size:undefined disposed:false
129 silly fetch manifest @expo/local-build-cache-provider@55.0.7
130 silly packumentCache full:https://registry.npmjs.org/@expo%2flocal-build-cache-provider cache-miss
131 http fetch GET 200 https://registry.npmjs.org/expo-modules-core 85ms (cache miss)
132 silly packumentCache full:https://registry.npmjs.org/expo-modules-core set size:undefined disposed:false
133 silly fetch manifest ws@^7.5.10
134 silly packumentCache full:https://registry.npmjs.org/ws cache-miss
135 http fetch GET 200 https://registry.npmjs.org/@expo%2fmetro-config 90ms (cache miss)
136 silly packumentCache full:https://registry.npmjs.org/@expo%2fmetro-config set size:undefined disposed:false
137 silly fetch manifest anser@^1.4.9
138 silly packumentCache full:https://registry.npmjs.org/anser cache-miss
139 http fetch GET 200 https://registry.npmjs.org/@expo%2fvector-icons 121ms (cache miss)
140 silly packumentCache full:https://registry.npmjs.org/@expo%2fvector-icons set size:undefined disposed:false
141 silly fetch manifest yargs@^17.6.2
142 silly packumentCache full:https://registry.npmjs.org/yargs cache-miss
143 http fetch GET 200 https://registry.npmjs.org/@ungap%2fstructured-clone 100ms (cache miss)
144 silly packumentCache full:https://registry.npmjs.org/@ungap%2fstructured-clone set size:undefined disposed:false
145 silly fetch manifest semver@^7.1.3
146 silly packumentCache full:https://registry.npmjs.org/semver cache-miss
147 http fetch GET 200 https://registry.npmjs.org/@expo%2flocal-build-cache-provider 79ms (cache miss)
148 silly packumentCache full:https://registry.npmjs.org/@expo%2flocal-build-cache-provider set size:undefined disposed:false
149 silly fetch manifest promise@^8.3.0
150 silly packumentCache full:https://registry.npmjs.org/promise cache-miss
151 http fetch GET 200 https://registry.npmjs.org/expo-modules-autolinking 105ms (cache miss)
152 silly packumentCache full:https://registry.npmjs.org/expo-modules-autolinking set size:undefined disposed:false
153 silly fetch manifest base64-js@^1.5.1
154 silly packumentCache full:https://registry.npmjs.org/base64-js cache-miss
155 http fetch GET 200 https://registry.npmjs.org/ws 85ms (cache miss)
156 silly packumentCache full:https://registry.npmjs.org/ws set size:undefined disposed:false
157 silly fetch manifest commander@^12.0.0
158 silly packumentCache full:https://registry.npmjs.org/commander cache-miss
159 http fetch GET 200 https://registry.npmjs.org/@expo%2fconfig-plugins 138ms (cache miss)
160 silly packumentCache full:https://registry.npmjs.org/@expo%2fconfig-plugins set size:undefined disposed:false
161 silly fetch manifest invariant@^2.2.4
162 silly packumentCache full:https://registry.npmjs.org/invariant cache-miss
163 http fetch GET 200 https://registry.npmjs.org/anser 89ms (cache miss)
164 silly packumentCache full:https://registry.npmjs.org/anser set size:undefined disposed:false
165 silly fetch manifest scheduler@0.27.0
166 silly packumentCache full:https://registry.npmjs.org/scheduler cache-miss
167 http fetch GET 200 https://registry.npmjs.org/semver 60ms (cache miss)
168 silly packumentCache full:https://registry.npmjs.org/semver set size:undefined disposed:false
169 silly fetch manifest ansi-regex@^5.0.0
170 silly packumentCache full:https://registry.npmjs.org/ansi-regex cache-miss
171 http fetch GET 200 https://registry.npmjs.org/yargs 74ms (cache miss)
172 silly packumentCache full:https://registry.npmjs.org/yargs set size:undefined disposed:false
173 silly fetch manifest babel-jest@^29.7.0
174 silly packumentCache full:https://registry.npmjs.org/babel-jest cache-miss
175 http fetch GET 200 https://registry.npmjs.org/base64-js 51ms (cache miss)
176 silly packumentCache full:https://registry.npmjs.org/base64-js set size:undefined disposed:false
177 silly fetch manifest nullthrows@^1.1.1
178 silly packumentCache full:https://registry.npmjs.org/nullthrows cache-miss
179 http fetch GET 200 https://registry.npmjs.org/promise 65ms (cache miss)
180 silly packumentCache full:https://registry.npmjs.org/promise set size:undefined disposed:false
181 silly fetch manifest tinyglobby@^0.2.15
182 silly packumentCache full:https://registry.npmjs.org/tinyglobby cache-miss
183 http fetch GET 200 https://registry.npmjs.org/invariant 39ms (cache miss)
184 silly packumentCache full:https://registry.npmjs.org/invariant set size:undefined disposed:false
185 silly fetch manifest memoize-one@^5.0.0
186 silly packumentCache full:https://registry.npmjs.org/memoize-one cache-miss
187 http fetch GET 200 https://registry.npmjs.org/commander 55ms (cache miss)
188 silly packumentCache full:https://registry.npmjs.org/commander set size:undefined disposed:false
189 silly fetch manifest whatwg-fetch@^3.0.0
190 silly packumentCache full:https://registry.npmjs.org/whatwg-fetch cache-miss
191 http fetch GET 200 https://registry.npmjs.org/ansi-regex 45ms (cache miss)
192 silly packumentCache full:https://registry.npmjs.org/ansi-regex set size:undefined disposed:false
193 silly fetch manifest metro-runtime@^0.83.3
194 silly packumentCache full:https://registry.npmjs.org/metro-runtime cache-miss
195 http fetch GET 200 https://registry.npmjs.org/nullthrows 59ms (cache miss)
196 silly packumentCache full:https://registry.npmjs.org/nullthrows set size:undefined disposed:false
197 silly fetch manifest react-refresh@^0.14.0
198 silly packumentCache full:https://registry.npmjs.org/react-refresh cache-miss
199 http fetch GET 200 https://registry.npmjs.org/tinyglobby 71ms (cache miss)
200 silly packumentCache full:https://registry.npmjs.org/tinyglobby set size:undefined disposed:false
201 silly fetch manifest hermes-compiler@250829098.0.9
202 silly packumentCache full:https://registry.npmjs.org/hermes-compiler cache-miss
203 http cache https://registry.npmjs.org/react-refresh 25ms (cache hit)
204 silly packumentCache full:https://registry.npmjs.org/react-refresh set size:6271726 disposed:false
205 silly fetch manifest abort-controller@^3.0.0
206 silly packumentCache full:https://registry.npmjs.org/abort-controller cache-miss
207 http fetch GET 200 https://registry.npmjs.org/memoize-one 115ms (cache miss)
208 silly packumentCache full:https://registry.npmjs.org/memoize-one set size:undefined disposed:false
209 silly fetch manifest metro-source-map@^0.83.3
210 silly packumentCache full:https://registry.npmjs.org/metro-source-map cache-miss
211 http fetch GET 200 https://registry.npmjs.org/babel-jest 132ms (cache miss)
212 silly packumentCache full:https://registry.npmjs.org/babel-jest set size:undefined disposed:false
213 silly fetch manifest stacktrace-parser@^0.1.10
214 silly packumentCache full:https://registry.npmjs.org/stacktrace-parser cache-miss
215 http fetch GET 200 https://registry.npmjs.org/whatwg-fetch 127ms (cache miss)
216 silly packumentCache full:https://registry.npmjs.org/whatwg-fetch set size:undefined disposed:false
217 silly fetch manifest flow-enums-runtime@^0.0.6
218 silly packumentCache full:https://registry.npmjs.org/flow-enums-runtime cache-miss
219 http fetch GET 200 https://registry.npmjs.org/metro-runtime 105ms (cache miss)
220 silly packumentCache full:https://registry.npmjs.org/metro-runtime set size:undefined disposed:false
221 silly fetch manifest react-devtools-core@^6.1.5
222 silly packumentCache full:https://registry.npmjs.org/react-devtools-core cache-miss
223 http fetch GET 200 https://registry.npmjs.org/hermes-compiler 83ms (cache miss)
224 silly packumentCache full:https://registry.npmjs.org/hermes-compiler set size:undefined disposed:false
225 silly fetch manifest regenerator-runtime@^0.13.2
226 silly packumentCache full:https://registry.npmjs.org/regenerator-runtime cache-miss
227 http fetch GET 200 https://registry.npmjs.org/abort-controller 54ms (cache miss)
228 silly packumentCache full:https://registry.npmjs.org/abort-controller set size:undefined disposed:false
229 silly fetch manifest @react-native/codegen@0.84.1
230 silly packumentCache full:https://registry.npmjs.org/@react-native%2fcodegen cache-miss
231 http fetch GET 200 https://registry.npmjs.org/scheduler 204ms (cache miss)
232 silly packumentCache full:https://registry.npmjs.org/scheduler set size:undefined disposed:false
233 silly fetch manifest jest-environment-node@^29.7.0
234 silly packumentCache full:https://registry.npmjs.org/jest-environment-node cache-miss
235 http fetch GET 200 https://registry.npmjs.org/metro-source-map 80ms (cache miss)
236 silly packumentCache full:https://registry.npmjs.org/metro-source-map set size:undefined disposed:false
237 silly fetch manifest @react-native/js-polyfills@0.84.1
238 silly packumentCache full:https://registry.npmjs.org/@react-native%2fjs-polyfills cache-miss
239 http fetch GET 200 https://registry.npmjs.org/flow-enums-runtime 72ms (cache miss)
240 silly packumentCache full:https://registry.npmjs.org/flow-enums-runtime set size:undefined disposed:false
241 silly fetch manifest @react-native/gradle-plugin@0.84.1
242 silly packumentCache full:https://registry.npmjs.org/@react-native%2fgradle-plugin cache-miss
243 http fetch GET 200 https://registry.npmjs.org/stacktrace-parser 94ms (cache miss)
244 silly packumentCache full:https://registry.npmjs.org/stacktrace-parser set size:undefined disposed:false
245 silly fetch manifest @react-native/assets-registry@0.84.1
246 silly packumentCache full:https://registry.npmjs.org/@react-native%2fassets-registry cache-miss
247 http fetch GET 200 https://registry.npmjs.org/regenerator-runtime 74ms (cache miss)
248 silly packumentCache full:https://registry.npmjs.org/regenerator-runtime set size:undefined disposed:false
249 silly fetch manifest @react-native/normalize-colors@0.84.1
250 silly packumentCache full:https://registry.npmjs.org/@react-native%2fnormalize-colors cache-miss
251 http fetch GET 200 https://registry.npmjs.org/react-devtools-core 94ms (cache miss)
252 silly packumentCache full:https://registry.npmjs.org/react-devtools-core set size:undefined disposed:false
253 silly fetch manifest @jest/create-cache-key-function@^29.7.0
254 silly packumentCache full:https://registry.npmjs.org/@jest%2fcreate-cache-key-function cache-miss
255 http fetch GET 200 https://registry.npmjs.org/jest-environment-node 80ms (cache miss)
256 silly packumentCache full:https://registry.npmjs.org/jest-environment-node set size:undefined disposed:false
257 silly fetch manifest @react-native/virtualized-lists@0.84.1
258 silly packumentCache full:https://registry.npmjs.org/@react-native%2fvirtualized-lists cache-miss
259 http fetch GET 200 https://registry.npmjs.org/@react-native%2fcodegen 121ms (cache miss)
260 silly packumentCache full:https://registry.npmjs.org/@react-native%2fcodegen set size:undefined disposed:false
261 silly fetch manifest babel-plugin-syntax-hermes-parser@0.32.0
262 silly packumentCache full:https://registry.npmjs.org/babel-plugin-syntax-hermes-parser cache-miss
263 http fetch GET 200 https://registry.npmjs.org/@react-native%2fgradle-plugin 124ms (cache miss)
264 silly packumentCache full:https://registry.npmjs.org/@react-native%2fgradle-plugin set size:undefined disposed:false
265 silly fetch manifest @react-native/community-cli-plugin@0.84.1
266 silly packumentCache full:https://registry.npmjs.org/@react-native%2fcommunity-cli-plugin cache-miss
267 http fetch GET 200 https://registry.npmjs.org/@jest%2fcreate-cache-key-function 130ms (cache miss)
268 silly packumentCache full:https://registry.npmjs.org/@jest%2fcreate-cache-key-function set size:undefined disposed:false
269 http fetch GET 200 https://registry.npmjs.org/@react-native%2fnormalize-colors 144ms (cache miss)
270 silly packumentCache full:https://registry.npmjs.org/@react-native%2fnormalize-colors set size:undefined disposed:false
271 http fetch GET 200 https://registry.npmjs.org/@react-native%2fassets-registry 162ms (cache miss)
272 silly packumentCache full:https://registry.npmjs.org/@react-native%2fassets-registry set size:undefined disposed:false
273 http fetch GET 200 https://registry.npmjs.org/@react-native%2fjs-polyfills 197ms (cache miss)
274 silly packumentCache full:https://registry.npmjs.org/@react-native%2fjs-polyfills set size:undefined disposed:false
275 http fetch GET 200 https://registry.npmjs.org/babel-plugin-syntax-hermes-parser 117ms (cache miss)
276 silly packumentCache full:https://registry.npmjs.org/babel-plugin-syntax-hermes-parser set size:undefined disposed:false
277 http fetch GET 200 https://registry.npmjs.org/@react-native%2fvirtualized-lists 160ms (cache miss)
278 silly packumentCache full:https://registry.npmjs.org/@react-native%2fvirtualized-lists set size:undefined disposed:false
279 http fetch GET 200 https://registry.npmjs.org/@react-native%2fcommunity-cli-plugin 106ms (cache miss)
280 silly packumentCache full:https://registry.npmjs.org/@react-native%2fcommunity-cli-plugin set size:undefined disposed:false
281 silly fetch manifest expo@*
282 silly packumentCache full:https://registry.npmjs.org/expo cache-miss
283 http cache https://registry.npmjs.org/expo 28ms (cache hit)
284 silly packumentCache full:https://registry.npmjs.org/expo set size:3583369 disposed:false
285 silly fetch manifest expo-router@*
286 silly packumentCache full:https://registry.npmjs.org/expo-router cache-miss
287 http fetch GET 200 https://registry.npmjs.org/expo-router 87ms (cache miss)
288 silly packumentCache full:https://registry.npmjs.org/expo-router set size:undefined disposed:false
289 silly fetch manifest @react-navigation/drawer@^7.9.4
290 silly packumentCache full:https://registry.npmjs.org/@react-navigation%2fdrawer cache-miss
291 http fetch GET 200 https://registry.npmjs.org/@react-navigation%2fdrawer 80ms (cache miss)
292 silly packumentCache full:https://registry.npmjs.org/@react-navigation%2fdrawer set size:undefined disposed:false
293 silly fetch manifest @react-navigation/native@^7.2.2
294 silly packumentCache full:https://registry.npmjs.org/@react-navigation%2fnative cache-miss
295 http fetch GET 200 https://registry.npmjs.org/@react-navigation%2fnative 82ms (cache miss)
296 silly packumentCache full:https://registry.npmjs.org/@react-navigation%2fnative set size:undefined disposed:false
297 silly fetch manifest react-native-gesture-handler@>= 2.0.0
298 silly packumentCache full:https://registry.npmjs.org/react-native-gesture-handler cache-miss
299 http fetch GET 200 https://registry.npmjs.org/react-native-gesture-handler 45ms (cache miss)
300 silly packumentCache full:https://registry.npmjs.org/react-native-gesture-handler set size:undefined disposed:false
301 silly fetch manifest react-native-reanimated@>= 2.0.0
302 silly packumentCache full:https://registry.npmjs.org/react-native-reanimated cache-miss
303 http fetch GET 200 https://registry.npmjs.org/react-native-reanimated 110ms (cache miss)
304 silly packumentCache full:https://registry.npmjs.org/react-native-reanimated set size:undefined disposed:false
305 silly fetch manifest react-native-worklets@0.8.x
306 silly packumentCache full:https://registry.npmjs.org/react-native-worklets cache-miss
307 http fetch GET 200 https://registry.npmjs.org/react-native-worklets 60ms (cache miss)
308 silly packumentCache full:https://registry.npmjs.org/react-native-worklets set size:undefined disposed:false
309 silly fetch manifest @babel/core@*
310 silly packumentCache full:https://registry.npmjs.org/@babel%2fcore cache-miss
311 http fetch GET 200 https://registry.npmjs.org/@babel%2fcore 61ms (cache miss)
312 silly packumentCache full:https://registry.npmjs.org/@babel%2fcore set size:undefined disposed:false
313 silly fetch manifest @react-native/metro-config@*
314 silly packumentCache full:https://registry.npmjs.org/@react-native%2fmetro-config cache-miss
315 http fetch GET 200 https://registry.npmjs.org/@react-native%2fmetro-config 86ms (cache miss)
316 silly packumentCache full:https://registry.npmjs.org/@react-native%2fmetro-config set size:undefined disposed:false
317 silly fetch manifest react-native-safe-area-context@>= 4.0.0
318 silly packumentCache full:https://registry.npmjs.org/react-native-safe-area-context cache-miss
319 http fetch GET 200 https://registry.npmjs.org/react-native-safe-area-context 56ms (cache miss)
320 silly packumentCache full:https://registry.npmjs.org/react-native-safe-area-context set size:undefined disposed:false
321 silly fetch manifest react-native-screens@>= 4.0.0
322 silly packumentCache full:https://registry.npmjs.org/react-native-screens cache-miss
323 http fetch GET 200 https://registry.npmjs.org/react-native-screens 76ms (cache miss)
324 silly packumentCache full:https://registry.npmjs.org/react-native-screens set size:undefined disposed:false
325 silly fetch manifest @testing-library/react-native@>= 13.2.0
326 silly packumentCache full:https://registry.npmjs.org/@testing-library%2freact-native cache-miss
327 http fetch GET 200 https://registry.npmjs.org/@testing-library%2freact-native 72ms (cache miss)
328 silly packumentCache full:https://registry.npmjs.org/@testing-library%2freact-native set size:undefined disposed:false
329 silly fetch manifest jest@>=29.0.0
330 silly packumentCache full:https://registry.npmjs.org/jest cache-miss
331 http fetch GET 200 https://registry.npmjs.org/jest 56ms (cache miss)
332 silly packumentCache full:https://registry.npmjs.org/jest set size:undefined disposed:false
333 silly fetch manifest node-notifier@^8.0.1 || ^9.0.0 || ^10.0.0
334 silly packumentCache full:https://registry.npmjs.org/node-notifier cache-miss
335 http fetch GET 200 https://registry.npmjs.org/node-notifier 43ms (cache miss)
336 silly packumentCache full:https://registry.npmjs.org/node-notifier set size:undefined disposed:false
337 silly fetch manifest react-test-renderer@>=18.2.0
338 silly packumentCache full:https://registry.npmjs.org/react-test-renderer cache-miss
339 http fetch GET 200 https://registry.npmjs.org/react-test-renderer 157ms (cache miss)
340 silly packumentCache full:https://registry.npmjs.org/react-test-renderer set size:undefined disposed:false
341 silly fetch manifest expo-linking@^55.0.9
342 silly packumentCache full:https://registry.npmjs.org/expo-linking cache-miss
343 http fetch GET 200 https://registry.npmjs.org/expo-linking 71ms (cache miss)
344 silly packumentCache full:https://registry.npmjs.org/expo-linking set size:undefined disposed:false
345 silly fetch manifest react-native-web@*
346 silly packumentCache full:https://registry.npmjs.org/react-native-web cache-miss
347 http fetch GET 200 https://registry.npmjs.org/react-native-web 91ms (cache miss)
348 silly packumentCache full:https://registry.npmjs.org/react-native-web set size:undefined disposed:false
349 silly fetch manifest react-server-dom-webpack@~19.0.4 || ~19.1.5 || ~19.2.4
350 silly packumentCache full:https://registry.npmjs.org/react-server-dom-webpack cache-miss
351 http fetch GET 200 https://registry.npmjs.org/react-server-dom-webpack 127ms (cache miss)
352 silly packumentCache full:https://registry.npmjs.org/react-server-dom-webpack set size:undefined disposed:false
353 silly fetch manifest webpack@^5.59.0
354 silly packumentCache full:https://registry.npmjs.org/webpack cache-miss
355 http fetch GET 200 https://registry.npmjs.org/webpack 92ms (cache miss)
356 silly packumentCache full:https://registry.npmjs.org/webpack set size:undefined disposed:false
357 silly fetch manifest expo-widgets@^55.0.8
358 silly packumentCache full:https://registry.npmjs.org/expo-widgets cache-miss
359 http fetch GET 200 https://registry.npmjs.org/expo-widgets 54ms (cache miss)
360 silly packumentCache full:https://registry.npmjs.org/expo-widgets set size:undefined disposed:false
361 silly placeDep ROOT @babel/runtime@7.29.2 OK for: expo@55.0.9 want: ^7.20.0
362 silly placeDep ROOT @expo/cli@55.0.19 OK for: expo@55.0.9 want: 55.0.19
363 silly placeDep ROOT @expo/config@55.0.11 OK for: expo@55.0.9 want: ~55.0.11
364 silly placeDep ROOT @expo/config-plugins@55.0.7 OK for: expo@55.0.9 want: ~55.0.7
365 silly placeDep ROOT @expo/devtools@55.0.2 OK for: expo@55.0.9 want: 55.0.2
366 silly placeDep ROOT @expo/fingerprint@0.16.6 OK for: expo@55.0.9 want: 0.16.6
367 silly placeDep ROOT @expo/local-build-cache-provider@55.0.7 OK for: expo@55.0.9 want: 55.0.7
368 silly placeDep ROOT @expo/log-box@55.0.8 OK for: expo@55.0.9 want: 55.0.8
369 silly placeDep ROOT @expo/metro@54.2.0 OK for: expo@55.0.9 want: ~54.2.0
370 silly placeDep ROOT @expo/metro-config@55.0.11 OK for: expo@55.0.9 want: 55.0.11
371 silly placeDep ROOT @expo/vector-icons@15.1.1 OK for: expo@55.0.9 want: ^15.0.2
372 silly placeDep ROOT expo-font@55.0.4 OK for: @expo/vector-icons@15.1.1 want: >=14.0.4
373 silly placeDep ROOT @ungap/structured-clone@1.3.0 OK for: expo@55.0.9 want: ^1.3.0
374 silly placeDep ROOT babel-preset-expo@55.0.13 OK for: expo@55.0.9 want: ~55.0.13
375 silly placeDep ROOT react-refresh@0.14.2 OK for: babel-preset-expo@55.0.13 want: >=0.14.0 <1.0.0
376 silly placeDep ROOT expo-asset@55.0.10 OK for: expo@55.0.9 want: ~55.0.10
377 silly placeDep ROOT expo-constants@55.0.9 OK for: expo@55.0.9 want: ~55.0.9
378 silly placeDep ROOT expo-file-system@55.0.12 OK for: expo@55.0.9 want: ~55.0.12
379 silly placeDep ROOT expo-keep-awake@55.0.4 OK for: expo@55.0.9 want: ~55.0.4
380 silly placeDep ROOT expo-modules-autolinking@55.0.12 OK for: expo@55.0.9 want: 55.0.12
381 silly placeDep ROOT expo-modules-core@55.0.18 OK for: expo@55.0.9 want: 55.0.18
382 silly placeDep ROOT pretty-format@29.7.0 OK for: expo@55.0.9 want: ^29.7.0
383 silly placeDep ROOT whatwg-url-minimum@0.1.1 OK for: expo@55.0.9 want: ^0.1.1
384 silly fetch manifest ws@^8.12.1
385 silly packumentCache full:https://registry.npmjs.org/ws cache-miss
386 silly fetch manifest arg@^5.0.2
387 silly packumentCache full:https://registry.npmjs.org/arg cache-miss
388 silly fetch manifest ora@^3.4.0
389 silly packumentCache full:https://registry.npmjs.org/ora cache-miss
390 silly fetch manifest zod@^3.25.76
391 silly packumentCache full:https://registry.npmjs.org/zod cache-miss
392 silly fetch manifest glob@^13.0.0
393 silly packumentCache full:https://registry.npmjs.org/glob cache-miss
394 silly fetch manifest send@^0.19.0
395 silly packumentCache full:https://registry.npmjs.org/send cache-miss
396 silly fetch manifest toqr@^0.1.1
397 silly packumentCache full:https://registry.npmjs.org/toqr cache-miss
398 http cache https://registry.npmjs.org/ws 12ms (cache hit)
399 silly packumentCache full:https://registry.npmjs.org/ws set size:415737 disposed:false
400 silly fetch manifest chalk@^4.0.0
401 silly packumentCache full:https://registry.npmjs.org/chalk cache-miss
402 http fetch GET 200 https://registry.npmjs.org/arg 38ms (cache miss)
403 silly packumentCache full:https://registry.npmjs.org/arg set size:undefined disposed:false
404 silly fetch manifest debug@^4.3.4
405 silly packumentCache full:https://registry.npmjs.org/debug cache-miss
406 http fetch GET 200 https://registry.npmjs.org/toqr 51ms (cache miss)
407 silly packumentCache full:https://registry.npmjs.org/toqr set size:undefined disposed:false
408 silly fetch manifest getenv@^2.0.0
409 silly packumentCache full:https://registry.npmjs.org/getenv cache-miss
410 http fetch GET 200 https://registry.npmjs.org/ora 57ms (cache miss)
411 silly packumentCache full:https://registry.npmjs.org/ora set size:undefined disposed:false
412 silly fetch manifest semver@^7.6.0
413 silly packumentCache full:https://registry.npmjs.org/semver cache-miss
414 http fetch GET 200 https://registry.npmjs.org/send 62ms (cache miss)
415 silly packumentCache full:https://registry.npmjs.org/send set size:undefined disposed:false
416 silly fetch manifest accepts@^1.3.8
417 silly packumentCache full:https://registry.npmjs.org/accepts cache-miss
418 http fetch GET 200 https://registry.npmjs.org/chalk 52ms (cache miss)
419 silly packumentCache full:https://registry.npmjs.org/chalk set size:undefined disposed:false
420 silly fetch manifest ci-info@^3.3.0
421 silly packumentCache full:https://registry.npmjs.org/ci-info cache-miss
422 http cache https://registry.npmjs.org/semver 12ms (cache hit)
423 silly packumentCache full:https://registry.npmjs.org/semver set size:229620 disposed:false
424 silly fetch manifest connect@^3.7.0
425 silly packumentCache full:https://registry.npmjs.org/connect cache-miss
426 http fetch GET 200 https://registry.npmjs.org/glob 98ms (cache miss)
427 silly packumentCache full:https://registry.npmjs.org/glob set size:undefined disposed:false
428 silly fetch manifest prompts@^2.3.2
429 silly packumentCache full:https://registry.npmjs.org/prompts cache-miss
430 http fetch GET 200 https://registry.npmjs.org/debug 69ms (cache miss)
431 silly packumentCache full:https://registry.npmjs.org/debug set size:undefined disposed:false
432 silly fetch manifest slugify@^1.3.4
433 silly packumentCache full:https://registry.npmjs.org/slugify cache-miss
434 http fetch GET 200 https://registry.npmjs.org/accepts 80ms (cache miss)
435 silly packumentCache full:https://registry.npmjs.org/accepts set size:undefined disposed:false
436 silly fetch manifest progress@^2.0.3
437 silly packumentCache full:https://registry.npmjs.org/progress cache-miss
438 http fetch GET 200 https://registry.npmjs.org/getenv 95ms (cache miss)
439 silly packumentCache full:https://registry.npmjs.org/getenv set size:undefined disposed:false
440 silly fetch manifest @expo/env@~2.1.1
441 silly packumentCache full:https://registry.npmjs.org/@expo%2fenv cache-miss
442 http fetch GET 200 https://registry.npmjs.org/ci-info 77ms (cache miss)
443 silly packumentCache full:https://registry.npmjs.org/ci-info set size:undefined disposed:false
444 silly fetch manifest multitars@^0.2.3
445 silly packumentCache full:https://registry.npmjs.org/multitars cache-miss
446 http fetch GET 200 https://registry.npmjs.org/connect 76ms (cache miss)
447 silly packumentCache full:https://registry.npmjs.org/connect set size:undefined disposed:false
448 silly fetch manifest picomatch@^4.0.3
449 silly packumentCache full:https://registry.npmjs.org/picomatch cache-miss
450 http fetch GET 200 https://registry.npmjs.org/zod 162ms (cache miss)
451 silly packumentCache full:https://registry.npmjs.org/zod set size:undefined disposed:false
452 silly fetch manifest wrap-ansi@^7.0.0
453 silly packumentCache full:https://registry.npmjs.org/wrap-ansi cache-miss
454 http fetch GET 200 https://registry.npmjs.org/prompts 89ms (cache miss)
455 silly packumentCache full:https://registry.npmjs.org/prompts set size:undefined disposed:false
456 silly fetch manifest better-opn@~3.0.2
457 silly packumentCache full:https://registry.npmjs.org/better-opn cache-miss
458 http fetch GET 200 https://registry.npmjs.org/slugify 81ms (cache miss)
459 silly packumentCache full:https://registry.npmjs.org/slugify set size:undefined disposed:false
460 silly fetch manifest node-forge@^1.3.3
461 silly packumentCache full:https://registry.npmjs.org/node-forge cache-miss
462 http fetch GET 200 https://registry.npmjs.org/progress 57ms (cache miss)
463 silly packumentCache full:https://registry.npmjs.org/progress set size:undefined disposed:false
464 silly fetch manifest @expo/plist@^0.5.2
465 silly packumentCache full:https://registry.npmjs.org/@expo%2fplist cache-miss
466 http fetch GET 200 https://registry.npmjs.org/picomatch 58ms (cache miss)
467 silly packumentCache full:https://registry.npmjs.org/picomatch set size:undefined disposed:false
468 silly fetch manifest compression@^1.7.4
469 silly packumentCache full:https://registry.npmjs.org/compression cache-miss
470 http fetch GET 200 https://registry.npmjs.org/@expo%2fenv 70ms (cache miss)
471 silly packumentCache full:https://registry.npmjs.org/@expo%2fenv set size:undefined disposed:false
472 silly fetch manifest expo-server@^55.0.6
473 silly packumentCache full:https://registry.npmjs.org/expo-server cache-miss
474 http fetch GET 200 https://registry.npmjs.org/better-opn 49ms (cache miss)
475 silly packumentCache full:https://registry.npmjs.org/better-opn set size:undefined disposed:false
476 silly fetch manifest lan-network@^0.2.0
477 silly packumentCache full:https://registry.npmjs.org/lan-network cache-miss
478 http fetch GET 200 https://registry.npmjs.org/node-forge 50ms (cache miss)
479 silly packumentCache full:https://registry.npmjs.org/node-forge set size:undefined disposed:false
480 silly fetch manifest resolve-from@^5.0.0
481 silly packumentCache full:https://registry.npmjs.org/resolve-from cache-miss
482 http fetch GET 200 https://registry.npmjs.org/compression 44ms (cache miss)
483 silly packumentCache full:https://registry.npmjs.org/compression set size:undefined disposed:false
484 silly fetch manifest @expo/devcert@^1.2.1
485 silly packumentCache full:https://registry.npmjs.org/@expo%2fdevcert cache-miss
486 http fetch GET 200 https://registry.npmjs.org/expo-server 43ms (cache miss)
487 silly packumentCache full:https://registry.npmjs.org/expo-server set size:undefined disposed:false
488 silly fetch manifest bplist-parser@^0.3.1
489 silly packumentCache full:https://registry.npmjs.org/bplist-parser cache-miss
490 http fetch GET 200 https://registry.npmjs.org/@expo%2fplist 84ms (cache miss)
491 silly packumentCache full:https://registry.npmjs.org/@expo%2fplist set size:undefined disposed:false
492 silly fetch manifest terminal-link@^2.1.1
493 silly packumentCache full:https://registry.npmjs.org/terminal-link cache-miss
494 http fetch GET 200 https://registry.npmjs.org/lan-network 52ms (cache miss)
495 silly packumentCache full:https://registry.npmjs.org/lan-network set size:undefined disposed:false
496 silly fetch manifest @expo/xcpretty@^4.4.0
497 silly packumentCache full:https://registry.npmjs.org/@expo%2fxcpretty cache-miss
498 http fetch GET 200 https://registry.npmjs.org/resolve-from 48ms (cache miss)
499 silly packumentCache full:https://registry.npmjs.org/resolve-from set size:undefined disposed:false
500 silly fetch manifest bplist-creator@0.1.0
501 silly packumentCache full:https://registry.npmjs.org/bplist-creator cache-miss
502 http fetch GET 200 https://registry.npmjs.org/bplist-parser 42ms (cache miss)
503 silly packumentCache full:https://registry.npmjs.org/bplist-parser set size:undefined disposed:false
504 silly fetch manifest fetch-nodeshim@^0.4.6
505 silly packumentCache full:https://registry.npmjs.org/fetch-nodeshim cache-miss
506 http fetch GET 200 https://registry.npmjs.org/@expo%2fdevcert 53ms (cache miss)
507 silly packumentCache full:https://registry.npmjs.org/@expo%2fdevcert set size:undefined disposed:false
508 silly fetch manifest @expo/json-file@^10.0.12
509 silly packumentCache full:https://registry.npmjs.org/@expo%2fjson-file cache-miss
510 http fetch GET 200 https://registry.npmjs.org/terminal-link 51ms (cache miss)
511 silly packumentCache full:https://registry.npmjs.org/terminal-link set size:undefined disposed:false
512 silly fetch manifest @expo/osascript@^2.4.2
513 silly packumentCache full:https://registry.npmjs.org/@expo%2fosascript cache-miss
514 http fetch GET 200 https://registry.npmjs.org/bplist-creator 45ms (cache miss)
515 silly packumentCache full:https://registry.npmjs.org/bplist-creator set size:undefined disposed:false
516 silly fetch manifest @expo/ws-tunnel@^1.0.1
517 silly packumentCache full:https://registry.npmjs.org/@expo%2fws-tunnel cache-miss
518 http fetch GET 200 https://registry.npmjs.org/fetch-nodeshim 46ms (cache miss)
519 silly packumentCache full:https://registry.npmjs.org/fetch-nodeshim set size:undefined disposed:false
520 silly fetch manifest dnssd-advertise@^1.1.3
521 silly packumentCache full:https://registry.npmjs.org/dnssd-advertise cache-miss
522 http fetch GET 200 https://registry.npmjs.org/multitars 214ms (cache miss)
523 silly packumentCache full:https://registry.npmjs.org/multitars set size:undefined disposed:false
524 silly fetch manifest npm-package-arg@^11.0.0
525 silly packumentCache full:https://registry.npmjs.org/npm-package-arg cache-miss
526 http fetch GET 200 https://registry.npmjs.org/@expo%2fxcpretty 72ms (cache miss)
527 silly packumentCache full:https://registry.npmjs.org/@expo%2fxcpretty set size:undefined disposed:false
528 silly fetch manifest @expo/image-utils@^0.8.12
529 silly packumentCache full:https://registry.npmjs.org/@expo%2fimage-utils cache-miss
530 http fetch GET 200 https://registry.npmjs.org/@expo%2fjson-file 75ms (cache miss)
531 silly packumentCache full:https://registry.npmjs.org/@expo%2fjson-file set size:undefined disposed:false
532 silly fetch manifest @expo/spawn-async@^1.7.2
533 silly packumentCache full:https://registry.npmjs.org/@expo%2fspawn-async cache-miss
534 http fetch GET 200 https://registry.npmjs.org/dnssd-advertise 46ms (cache miss)
535 silly packumentCache full:https://registry.npmjs.org/dnssd-advertise set size:undefined disposed:false
536 silly fetch manifest @expo/metro-config@~55.0.11
537 silly packumentCache full:https://registry.npmjs.org/@expo%2fmetro-config cache-miss
538 http fetch GET 200 https://registry.npmjs.org/npm-package-arg 44ms (cache miss)
539 silly packumentCache full:https://registry.npmjs.org/npm-package-arg set size:undefined disposed:false
540 silly fetch manifest @expo/schema-utils@^55.0.2
541 silly packumentCache full:https://registry.npmjs.org/@expo%2fschema-utils cache-miss
542 http cache https://registry.npmjs.org/@expo%2fmetro-config 13ms (cache hit)
543 silly packumentCache full:https://registry.npmjs.org/@expo%2fmetro-config set size:1375009 disposed:false
544 silly fetch manifest source-map-support@~0.5.21
545 silly packumentCache full:https://registry.npmjs.org/source-map-support cache-miss
546 http fetch GET 200 https://registry.npmjs.org/@expo%2fws-tunnel 85ms (cache miss)
547 silly packumentCache full:https://registry.npmjs.org/@expo%2fws-tunnel set size:undefined disposed:false
548 silly fetch manifest structured-headers@^0.4.1
549 silly packumentCache full:https://registry.npmjs.org/structured-headers cache-miss
550 http fetch GET 200 https://registry.npmjs.org/@expo%2fosascript 91ms (cache miss)
551 silly packumentCache full:https://registry.npmjs.org/@expo%2fosascript set size:undefined disposed:false
552 silly fetch manifest @expo/require-utils@^55.0.3
553 silly packumentCache full:https://registry.npmjs.org/@expo%2frequire-utils cache-miss
554 http fetch GET 200 https://registry.npmjs.org/wrap-ansi 265ms (cache miss)
555 silly packumentCache full:https://registry.npmjs.org/wrap-ansi set size:undefined disposed:false
556 silly fetch manifest @expo/router-server@^55.0.11
557 silly packumentCache full:https://registry.npmjs.org/@expo%2frouter-server cache-miss
558 http fetch GET 200 https://registry.npmjs.org/@expo%2fspawn-async 57ms (cache miss)
559 silly packumentCache full:https://registry.npmjs.org/@expo%2fspawn-async set size:undefined disposed:false
560 silly fetch manifest @expo/package-manager@^1.10.3
561 silly packumentCache full:https://registry.npmjs.org/@expo%2fpackage-manager cache-miss
562 http fetch GET 200 https://registry.npmjs.org/@expo%2fimage-utils 83ms (cache miss)
563 silly packumentCache full:https://registry.npmjs.org/@expo%2fimage-utils set size:undefined disposed:false
564 silly fetch manifest @expo/prebuild-config@^55.0.11
565 silly packumentCache full:https://registry.npmjs.org/@expo%2fprebuild-config cache-miss
566 http fetch GET 200 https://registry.npmjs.org/source-map-support 49ms (cache miss)
567 silly packumentCache full:https://registry.npmjs.org/source-map-support set size:undefined disposed:false
568 silly fetch manifest @react-native/dev-middleware@0.83.4
569 silly packumentCache full:https://registry.npmjs.org/@react-native%2fdev-middleware cache-miss
570 http fetch GET 200 https://registry.npmjs.org/@expo%2fschema-utils 69ms (cache miss)
571 silly packumentCache full:https://registry.npmjs.org/@expo%2fschema-utils set size:undefined disposed:false
572 silly fetch manifest @expo/code-signing-certificates@^0.0.6
573 silly packumentCache full:https://registry.npmjs.org/@expo%2fcode-signing-certificates cache-miss
574 http fetch GET 200 https://registry.npmjs.org/structured-headers 49ms (cache miss)
575 silly packumentCache full:https://registry.npmjs.org/structured-headers set size:undefined disposed:false
576 silly fetch manifest deepmerge@^4.3.1
577 silly packumentCache full:https://registry.npmjs.org/deepmerge cache-miss
578 http fetch GET 200 https://registry.npmjs.org/@expo%2frouter-server 53ms (cache miss)
579 silly packumentCache full:https://registry.npmjs.org/@expo%2frouter-server set size:undefined disposed:false
580 silly fetch manifest @expo/config-types@^55.0.5
581 silly packumentCache full:https://registry.npmjs.org/@expo%2fconfig-types cache-miss
582 http fetch GET 200 https://registry.npmjs.org/@expo%2frequire-utils 75ms (cache miss)
583 silly packumentCache full:https://registry.npmjs.org/@expo%2frequire-utils set size:undefined disposed:false
584 silly fetch manifest resolve-workspace-root@^2.0.0
585 silly packumentCache full:https://registry.npmjs.org/resolve-workspace-root cache-miss
586 http fetch GET 200 https://registry.npmjs.org/@expo%2fprebuild-config 66ms (cache miss)
587 silly packumentCache full:https://registry.npmjs.org/@expo%2fprebuild-config set size:undefined disposed:false
588 silly fetch manifest chalk@^4.1.2
589 silly packumentCache full:https://registry.npmjs.org/chalk cache-miss
590 http cache https://registry.npmjs.org/chalk 8ms (cache hit)
591 silly packumentCache full:https://registry.npmjs.org/chalk set size:117861 disposed:false
592 silly fetch manifest debug@^4.3.5
593 silly packumentCache full:https://registry.npmjs.org/debug cache-miss
594 http cache https://registry.npmjs.org/debug 9ms (cache hit)
595 silly packumentCache full:https://registry.npmjs.org/debug set size:195840 disposed:false
596 silly fetch manifest xcode@^3.0.1
597 silly packumentCache full:https://registry.npmjs.org/xcode cache-miss
598 http fetch GET 200 https://registry.npmjs.org/deepmerge 78ms (cache miss)
599 silly packumentCache full:https://registry.npmjs.org/deepmerge set size:undefined disposed:false
600 silly fetch manifest semver@^7.5.4
601 silly packumentCache full:https://registry.npmjs.org/semver cache-hit
602 silly fetch manifest xml2js@0.6.0
603 silly packumentCache full:https://registry.npmjs.org/xml2js cache-miss
604 http fetch GET 200 https://registry.npmjs.org/@expo%2fpackage-manager 115ms (cache miss)
605 silly packumentCache full:https://registry.npmjs.org/@expo%2fpackage-manager set size:undefined disposed:false
606 silly fetch manifest slugify@^1.6.6
607 silly packumentCache full:https://registry.npmjs.org/slugify cache-miss
608 http fetch GET 200 https://registry.npmjs.org/@expo%2fcode-signing-certificates 94ms (cache miss)
609 silly packumentCache full:https://registry.npmjs.org/@expo%2fcode-signing-certificates set size:undefined disposed:false
610 silly fetch manifest @expo/json-file@~10.0.12
611 silly packumentCache full:https://registry.npmjs.org/@expo%2fjson-file cache-miss
612 http cache https://registry.npmjs.org/slugify 10ms (cache hit)
613 silly packumentCache full:https://registry.npmjs.org/slugify set size:101530 disposed:false
614 silly fetch manifest @expo/config-types@^55.0.5
615 silly packumentCache full:https://registry.npmjs.org/@expo%2fconfig-types cache-miss
616 http cache https://registry.npmjs.org/@expo%2fjson-file 13ms (cache hit)
617 silly packumentCache full:https://registry.npmjs.org/@expo%2fjson-file set size:685111 disposed:false
618 silly fetch manifest @expo/sdk-runtime-versions@^1.0.0
619 silly packumentCache full:https://registry.npmjs.org/@expo%2fsdk-runtime-versions cache-miss
620 http fetch GET 200 https://registry.npmjs.org/resolve-workspace-root 81ms (cache miss)
621 silly packumentCache full:https://registry.npmjs.org/resolve-workspace-root set size:undefined disposed:false
622 silly fetch manifest ignore@^5.3.1
623 silly packumentCache full:https://registry.npmjs.org/ignore cache-miss
624 http fetch GET 200 https://registry.npmjs.org/@expo%2fconfig-types 109ms (cache miss)
625 silly packumentCache full:https://registry.npmjs.org/@expo%2fconfig-types set size:undefined disposed:false
626 silly fetch manifest @expo/env@^2.0.11
627 silly packumentCache full:https://registry.npmjs.org/@expo%2fenv cache-miss
628 http cache https://registry.npmjs.org/@expo%2fenv 8ms (cache hit)
629 silly packumentCache full:https://registry.npmjs.org/@expo%2fenv set size:497861 disposed:false
630 silly fetch manifest minimatch@^10.2.2
631 silly packumentCache full:https://registry.npmjs.org/minimatch cache-miss
632 http fetch GET 200 https://registry.npmjs.org/@react-native%2fdev-middleware 152ms (cache miss)
633 silly packumentCache full:https://registry.npmjs.org/@react-native%2fdev-middleware set size:undefined disposed:false
634 silly fetch manifest @expo/dom-webview@^55.0.3
635 silly packumentCache full:https://registry.npmjs.org/@expo%2fdom-webview cache-miss
636 http cache https://registry.npmjs.org/@expo%2fdom-webview 7ms (cache hit)
637 silly packumentCache full:https://registry.npmjs.org/@expo%2fdom-webview set size:332148 disposed:false
638 silly fetch manifest metro@0.83.3
639 silly packumentCache full:https://registry.npmjs.org/metro cache-miss
640 http fetch GET 200 https://registry.npmjs.org/xml2js 105ms (cache miss)
641 silly packumentCache full:https://registry.npmjs.org/xml2js set size:undefined disposed:false
642 silly fetch manifest metro-core@0.83.3
643 silly packumentCache full:https://registry.npmjs.org/metro-core cache-miss
644 http fetch GET 200 https://registry.npmjs.org/ignore 92ms (cache miss)
645 silly packumentCache full:https://registry.npmjs.org/ignore set size:undefined disposed:false
646 silly fetch manifest metro-cache@0.83.3
647 silly packumentCache full:https://registry.npmjs.org/metro-cache cache-miss
648 http fetch GET 200 https://registry.npmjs.org/@expo%2fsdk-runtime-versions 104ms (cache miss)
649 silly packumentCache full:https://registry.npmjs.org/@expo%2fsdk-runtime-versions set size:undefined disposed:false
650 silly fetch manifest metro-config@0.83.3
651 silly packumentCache full:https://registry.npmjs.org/metro-config cache-miss
652 http fetch GET 200 https://registry.npmjs.org/@expo%2fconfig-types 120ms (cache miss)
653 silly packumentCache full:https://registry.npmjs.org/@expo%2fconfig-types set size:undefined disposed:false
654 silly fetch manifest metro-runtime@0.83.3
655 silly packumentCache full:https://registry.npmjs.org/metro-runtime cache-miss
656 http fetch GET 200 https://registry.npmjs.org/minimatch 88ms (cache miss)
657 silly packumentCache full:https://registry.npmjs.org/minimatch set size:undefined disposed:false
658 silly fetch manifest metro-file-map@0.83.3
659 silly packumentCache full:https://registry.npmjs.org/metro-file-map cache-miss
660 http cache https://registry.npmjs.org/metro-runtime 16ms (cache hit)
661 silly packumentCache full:https://registry.npmjs.org/metro-runtime set size:207320 disposed:false
662 silly fetch manifest metro-resolver@0.83.3
663 silly packumentCache full:https://registry.npmjs.org/metro-resolver cache-miss
664 http fetch GET 200 https://registry.npmjs.org/metro 79ms (cache miss)
665 silly packumentCache full:https://registry.npmjs.org/metro set size:undefined disposed:false
666 silly fetch manifest metro-cache-key@0.83.3
667 silly packumentCache full:https://registry.npmjs.org/metro-cache-key cache-miss
668 http fetch GET 200 https://registry.npmjs.org/metro-core 77ms (cache miss)
669 silly packumentCache full:https://registry.npmjs.org/metro-core set size:undefined disposed:false
670 silly fetch manifest metro-source-map@0.83.3
671 silly packumentCache full:https://registry.npmjs.org/metro-source-map cache-miss
672 http cache https://registry.npmjs.org/metro-source-map 9ms (cache hit)
673 silly packumentCache full:https://registry.npmjs.org/metro-source-map set size:415295 disposed:false
674 silly fetch manifest metro-symbolicate@0.83.3
675 silly packumentCache full:https://registry.npmjs.org/metro-symbolicate cache-miss
676 http fetch GET 200 https://registry.npmjs.org/metro-cache 74ms (cache miss)
677 silly packumentCache full:https://registry.npmjs.org/metro-cache set size:undefined disposed:false
678 silly fetch manifest metro-minify-terser@0.83.3
679 silly packumentCache full:https://registry.npmjs.org/metro-minify-terser cache-miss
680 http fetch GET 200 https://registry.npmjs.org/metro-config 78ms (cache miss)
681 silly packumentCache full:https://registry.npmjs.org/metro-config set size:undefined disposed:false
682 silly fetch manifest metro-transform-worker@0.83.3
683 silly packumentCache full:https://registry.npmjs.org/metro-transform-worker cache-miss
684 http fetch GET 200 https://registry.npmjs.org/metro-file-map 73ms (cache miss)
685 silly packumentCache full:https://registry.npmjs.org/metro-file-map set size:undefined disposed:false
686 silly fetch manifest metro-babel-transformer@0.83.3
687 silly packumentCache full:https://registry.npmjs.org/metro-babel-transformer cache-miss
688 http fetch GET 200 https://registry.npmjs.org/metro-resolver 67ms (cache miss)
689 silly packumentCache full:https://registry.npmjs.org/metro-resolver set size:undefined disposed:false
690 silly fetch manifest metro-transform-plugins@0.83.3
691 silly packumentCache full:https://registry.npmjs.org/metro-transform-plugins cache-miss
692 http fetch GET 200 https://registry.npmjs.org/metro-cache-key 61ms (cache miss)
693 silly packumentCache full:https://registry.npmjs.org/metro-cache-key set size:undefined disposed:false
694 silly fetch manifest chalk@^4.1.0
695 silly packumentCache full:https://registry.npmjs.org/chalk cache-hit
696 silly fetch manifest debug@^4.3.2
697 silly packumentCache full:https://registry.npmjs.org/debug cache-hit
698 silly fetch manifest postcss@~8.4.32
699 silly packumentCache full:https://registry.npmjs.org/postcss cache-miss
700 http fetch GET 200 https://registry.npmjs.org/xcode 252ms (cache miss)
701 silly packumentCache full:https://registry.npmjs.org/xcode set size:undefined disposed:false
702 silly fetch manifest @babel/core@^7.20.0
703 silly packumentCache full:https://registry.npmjs.org/@babel%2fcore cache-miss
704 http cache https://registry.npmjs.org/@babel%2fcore 23ms (cache hit)
705 silly packumentCache full:https://registry.npmjs.org/@babel%2fcore set size:760113 disposed:false
706 silly fetch manifest browserslist@^4.25.0
707 silly packumentCache full:https://registry.npmjs.org/browserslist cache-miss
708 http fetch GET 200 https://registry.npmjs.org/metro-transform-worker 97ms (cache miss)
709 silly packumentCache full:https://registry.npmjs.org/metro-transform-worker set size:undefined disposed:false
710 silly fetch manifest jsc-safe-url@^0.2.4
711 silly packumentCache full:https://registry.npmjs.org/jsc-safe-url cache-miss
712 http fetch GET 200 https://registry.npmjs.org/metro-symbolicate 118ms (cache miss)
713 silly packumentCache full:https://registry.npmjs.org/metro-symbolicate set size:undefined disposed:false
714 silly fetch manifest lightningcss@^1.30.1
715 silly packumentCache full:https://registry.npmjs.org/lightningcss cache-miss
716 http fetch GET 200 https://registry.npmjs.org/metro-transform-plugins 85ms (cache miss)
717 silly packumentCache full:https://registry.npmjs.org/metro-transform-plugins set size:undefined disposed:false
718 silly fetch manifest hermes-parser@^0.32.0
719 silly packumentCache full:https://registry.npmjs.org/hermes-parser cache-miss
720 http fetch GET 200 https://registry.npmjs.org/metro-babel-transformer 97ms (cache miss)
721 silly packumentCache full:https://registry.npmjs.org/metro-babel-transformer set size:undefined disposed:false
722 silly fetch manifest @babel/generator@^7.20.5
723 silly packumentCache full:https://registry.npmjs.org/@babel%2fgenerator cache-miss
724 http fetch GET 200 https://registry.npmjs.org/metro-minify-terser 127ms (cache miss)
725 silly packumentCache full:https://registry.npmjs.org/metro-minify-terser set size:undefined disposed:false
726 silly fetch manifest @babel/code-frame@^7.20.0
727 silly packumentCache full:https://registry.npmjs.org/@babel%2fcode-frame cache-miss
728 http fetch GET 200 https://registry.npmjs.org/postcss 96ms (cache miss)
729 silly packumentCache full:https://registry.npmjs.org/postcss set size:undefined disposed:false
730 silly fetch manifest fontfaceobserver@^2.1.0
731 silly packumentCache full:https://registry.npmjs.org/fontfaceobserver cache-miss
732 http fetch GET 200 https://registry.npmjs.org/jsc-safe-url 57ms (cache miss)
733 silly packumentCache full:https://registry.npmjs.org/jsc-safe-url set size:undefined disposed:false
734 silly fetch manifest @babel/generator@^7.20.5
735 silly packumentCache full:https://registry.npmjs.org/@babel%2fgenerator cache-miss
736 http fetch GET 200 https://registry.npmjs.org/browserslist 66ms (cache miss)
737 silly packumentCache full:https://registry.npmjs.org/browserslist set size:undefined disposed:false
738 silly fetch manifest @babel/preset-react@^7.22.15
739 silly packumentCache full:https://registry.npmjs.org/@babel%2fpreset-react cache-miss
740 http fetch GET 200 https://registry.npmjs.org/lightningcss 65ms (cache miss)
741 silly packumentCache full:https://registry.npmjs.org/lightningcss set size:undefined disposed:false
742 silly fetch manifest @babel/preset-typescript@^7.23.0
743 silly packumentCache full:https://registry.npmjs.org/@babel%2fpreset-typescript cache-miss
744 http fetch GET 200 https://registry.npmjs.org/hermes-parser 70ms (cache miss)
745 silly packumentCache full:https://registry.npmjs.org/hermes-parser set size:undefined disposed:false
746 silly fetch manifest @react-native/babel-preset@0.83.4
747 silly packumentCache full:https://registry.npmjs.org/@react-native%2fbabel-preset cache-miss
748 http fetch GET 200 https://registry.npmjs.org/fontfaceobserver 51ms (cache miss)
749 silly packumentCache full:https://registry.npmjs.org/fontfaceobserver set size:undefined disposed:false
750 silly fetch manifest babel-plugin-react-compiler@^1.0.0
751 silly packumentCache full:https://registry.npmjs.org/babel-plugin-react-compiler cache-miss
752 http fetch GET 200 https://registry.npmjs.org/@babel%2fcode-frame 75ms (cache miss)
753 silly packumentCache full:https://registry.npmjs.org/@babel%2fcode-frame set size:undefined disposed:false
754 silly fetch manifest @babel/helper-module-imports@^7.25.9
755 silly packumentCache full:https://registry.npmjs.org/@babel%2fhelper-module-imports cache-miss
756 http fetch GET 200 https://registry.npmjs.org/@babel%2fgenerator 83ms (cache miss)
757 silly packumentCache full:https://registry.npmjs.org/@babel%2fgenerator set size:undefined disposed:false
758 silly fetch manifest babel-plugin-react-native-web@~0.21.0
759 silly packumentCache full:https://registry.npmjs.org/babel-plugin-react-native-web cache-miss
760 http fetch GET 200 https://registry.npmjs.org/@babel%2fgenerator 86ms (cache miss)
761 silly packumentCache full:https://registry.npmjs.org/@babel%2fgenerator set size:undefined disposed:false
762 silly fetch manifest @babel/plugin-transform-runtime@^7.24.7
763 silly packumentCache full:https://registry.npmjs.org/@babel%2fplugin-transform-runtime cache-miss
764 http fetch GET 200 https://registry.npmjs.org/@babel%2fpreset-react 89ms (cache miss)
765 silly packumentCache full:https://registry.npmjs.org/@babel%2fpreset-react set size:undefined disposed:false
766 silly fetch manifest @babel/plugin-proposal-decorators@^7.12.9
767 silly packumentCache full:https://registry.npmjs.org/@babel%2fplugin-proposal-decorators cache-miss
768 http fetch GET 200 https://registry.npmjs.org/@babel%2fpreset-typescript 88ms (cache miss)
769 silly packumentCache full:https://registry.npmjs.org/@babel%2fpreset-typescript set size:undefined disposed:false
770 silly fetch manifest babel-plugin-syntax-hermes-parser@^0.32.0
771 silly packumentCache full:https://registry.npmjs.org/babel-plugin-syntax-hermes-parser cache-miss
772 http fetch GET 200 https://registry.npmjs.org/@babel%2fhelper-module-imports 70ms (cache miss)
773 silly packumentCache full:https://registry.npmjs.org/@babel%2fhelper-module-imports set size:undefined disposed:false
774 silly fetch manifest babel-plugin-transform-flow-enums@^0.0.2
775 silly packumentCache full:https://registry.npmjs.org/babel-plugin-transform-flow-enums cache-miss
776 http fetch GET 200 https://registry.npmjs.org/babel-plugin-react-native-web 71ms (cache miss)
777 silly packumentCache full:https://registry.npmjs.org/babel-plugin-react-native-web set size:undefined disposed:false
778 silly fetch manifest @babel/plugin-transform-parameters@^7.24.7
779 silly packumentCache full:https://registry.npmjs.org/@babel%2fplugin-transform-parameters cache-miss
780 http cache https://registry.npmjs.org/babel-plugin-syntax-hermes-parser 16ms (cache hit)
781 silly packumentCache full:https://registry.npmjs.org/babel-plugin-syntax-hermes-parser set size:98227 disposed:false
782 silly fetch manifest @babel/plugin-transform-private-methods@^7.24.7
783 silly packumentCache full:https://registry.npmjs.org/@babel%2fplugin-transform-private-methods cache-miss
784 http fetch GET 200 https://registry.npmjs.org/babel-plugin-react-compiler 100ms (cache miss)
785 silly packumentCache full:https://registry.npmjs.org/babel-plugin-react-compiler set size:undefined disposed:false
786 silly fetch manifest @babel/plugin-syntax-export-default-from@^7.24.7
787 silly packumentCache full:https://registry.npmjs.org/@babel%2fplugin-syntax-export-default-from cache-miss
788 http fetch GET 200 https://registry.npmjs.org/babel-plugin-transform-flow-enums 49ms (cache miss)
789 silly packumentCache full:https://registry.npmjs.org/babel-plugin-transform-flow-enums set size:undefined disposed:false
790 silly fetch manifest @babel/plugin-transform-flow-strip-types@^7.25.2
791 silly packumentCache full:https://registry.npmjs.org/@babel%2fplugin-transform-flow-strip-types cache-miss
792 http fetch GET 200 https://registry.npmjs.org/@babel%2fplugin-transform-runtime 77ms (cache miss)
793 silly packumentCache full:https://registry.npmjs.org/@babel%2fplugin-transform-runtime set size:undefined disposed:false
794 silly fetch manifest @babel/plugin-transform-modules-commonjs@^7.24.8
795 silly packumentCache full:https://registry.npmjs.org/@babel%2fplugin-transform-modules-commonjs cache-miss
796 http fetch GET 200 https://registry.npmjs.org/@babel%2fplugin-proposal-decorators 77ms (cache miss)
797 silly packumentCache full:https://registry.npmjs.org/@babel%2fplugin-proposal-decorators set size:undefined disposed:false
798 silly fetch manifest @babel/plugin-proposal-export-default-from@^7.24.7
799 silly packumentCache full:https://registry.npmjs.org/@babel%2fplugin-proposal-export-default-from cache-miss
800 http fetch GET 200 https://registry.npmjs.org/@babel%2fplugin-transform-private-methods 62ms (cache miss)
801 silly packumentCache full:https://registry.npmjs.org/@babel%2fplugin-transform-private-methods set size:undefined disposed:false
802 silly fetch manifest @babel/plugin-transform-class-static-block@^7.27.1
803 silly packumentCache full:https://registry.npmjs.org/@babel%2fplugin-transform-class-static-block cache-miss
804 http fetch GET 200 https://registry.npmjs.org/@babel%2fplugin-transform-parameters 78ms (cache miss)
805 silly packumentCache full:https://registry.npmjs.org/@babel%2fplugin-transform-parameters set size:undefined disposed:false
806 silly fetch manifest @babel/plugin-transform-object-rest-spread@^7.24.7
807 silly packumentCache full:https://registry.npmjs.org/@babel%2fplugin-transform-object-rest-spread cache-miss
808 http fetch GET 200 https://registry.npmjs.org/@babel%2fplugin-syntax-export-default-from 65ms (cache miss)
809 silly packumentCache full:https://registry.npmjs.org/@babel%2fplugin-syntax-export-default-from set size:undefined disposed:false
810 silly fetch manifest @babel/plugin-transform-export-namespace-from@^7.25.9
811 silly packumentCache full:https://registry.npmjs.org/@babel%2fplugin-transform-export-namespace-from cache-miss
812 http fetch GET 200 https://registry.npmjs.org/@react-native%2fbabel-preset 190ms (cache miss)
813 silly packumentCache full:https://registry.npmjs.org/@react-native%2fbabel-preset set size:undefined disposed:false
814 silly fetch manifest @babel/plugin-transform-private-property-in-object@^7.24.7
815 silly packumentCache full:https://registry.npmjs.org/@babel%2fplugin-transform-private-property-in-object cache-miss
816 http fetch GET 200 https://registry.npmjs.org/@babel%2fplugin-transform-class-static-block 51ms (cache miss)
817 silly packumentCache full:https://registry.npmjs.org/@babel%2fplugin-transform-class-static-block set size:undefined disposed:false
818 silly fetch manifest commander@^7.2.0
819 silly packumentCache full:https://registry.npmjs.org/commander cache-miss
820 http fetch GET 200 https://registry.npmjs.org/@babel%2fplugin-transform-flow-strip-types 80ms (cache miss)
821 silly packumentCache full:https://registry.npmjs.org/@babel%2fplugin-transform-flow-strip-types set size:undefined disposed:false
822 silly fetch manifest react-is@^18.0.0
823 silly packumentCache full:https://registry.npmjs.org/react-is cache-miss
824 http fetch GET 200 https://registry.npmjs.org/@babel%2fplugin-proposal-export-default-from 70ms (cache miss)
825 silly packumentCache full:https://registry.npmjs.org/@babel%2fplugin-proposal-export-default-from set size:undefined disposed:false
826 silly fetch manifest ansi-styles@^5.0.0
827 silly packumentCache full:https://registry.npmjs.org/ansi-styles cache-miss
828 http fetch GET 200 https://registry.npmjs.org/@babel%2fplugin-transform-modules-commonjs 86ms (cache miss)
829 silly packumentCache full:https://registry.npmjs.org/@babel%2fplugin-transform-modules-commonjs set size:undefined disposed:false
830 silly fetch manifest @jest/schemas@^29.6.3
831 silly packumentCache full:https://registry.npmjs.org/@jest%2fschemas cache-miss
832 http cache https://registry.npmjs.org/commander 20ms (cache hit)
833 silly packumentCache full:https://registry.npmjs.org/commander set size:306325 disposed:false
834 http fetch GET 200 https://registry.npmjs.org/@babel%2fplugin-transform-export-namespace-from 63ms (cache miss)
835 silly packumentCache full:https://registry.npmjs.org/@babel%2fplugin-transform-export-namespace-from set size:undefined disposed:false
836 http fetch GET 200 https://registry.npmjs.org/@babel%2fplugin-transform-object-rest-spread 71ms (cache miss)
837 silly packumentCache full:https://registry.npmjs.org/@babel%2fplugin-transform-object-rest-spread set size:undefined disposed:false
838 http fetch GET 200 https://registry.npmjs.org/@babel%2fplugin-transform-private-property-in-object 56ms (cache miss)
839 silly packumentCache full:https://registry.npmjs.org/@babel%2fplugin-transform-private-property-in-object set size:undefined disposed:false
840 http fetch GET 200 https://registry.npmjs.org/ansi-styles 46ms (cache miss)
841 silly packumentCache full:https://registry.npmjs.org/ansi-styles set size:undefined disposed:false
842 http fetch GET 200 https://registry.npmjs.org/@jest%2fschemas 84ms (cache miss)
843 silly packumentCache full:https://registry.npmjs.org/@jest%2fschemas set size:undefined disposed:false
844 http fetch GET 200 https://registry.npmjs.org/react-is 164ms (cache miss)
845 silly packumentCache full:https://registry.npmjs.org/react-is set size:undefined disposed:false
846 silly fetch manifest bufferutil@^4.0.1
847 silly packumentCache full:https://registry.npmjs.org/bufferutil cache-miss
848 http fetch GET 200 https://registry.npmjs.org/bufferutil 36ms (cache miss)
849 silly packumentCache full:https://registry.npmjs.org/bufferutil set size:undefined disposed:false
850 silly fetch manifest utf-8-validate@>=5.0.2
851 silly packumentCache full:https://registry.npmjs.org/utf-8-validate cache-miss
852 http fetch GET 200 https://registry.npmjs.org/utf-8-validate 45ms (cache miss)
853 silly packumentCache full:https://registry.npmjs.org/utf-8-validate set size:undefined disposed:false
854 silly fetch manifest typescript@^5.0.0 || ^5.0.0-0
855 silly packumentCache full:https://registry.npmjs.org/typescript cache-miss
856 http fetch GET 200 https://registry.npmjs.org/typescript 211ms (cache miss)
857 silly packumentCache full:https://registry.npmjs.org/typescript set size:undefined disposed:false
858 silly fetch manifest @expo/metro-runtime@^55.0.6
859 silly packumentCache full:https://registry.npmjs.org/@expo%2fmetro-runtime cache-miss
860 http cache https://registry.npmjs.org/@expo%2fmetro-runtime 9ms (cache hit)
861 silly packumentCache full:https://registry.npmjs.org/@expo%2fmetro-runtime set size:597307 disposed:false
862 silly fetch manifest expo-constants@^55.0.9
863 silly packumentCache full:https://registry.npmjs.org/expo-constants cache-miss
864 http cache https://registry.npmjs.org/expo-constants 7ms (cache hit)
865 silly packumentCache full:https://registry.npmjs.org/expo-constants set size:931460 disposed:false
866 silly fetch manifest expo-font@^55.0.4
867 silly packumentCache full:https://registry.npmjs.org/expo-font cache-miss
868 http cache https://registry.npmjs.org/expo-font 7ms (cache hit)
869 silly packumentCache full:https://registry.npmjs.org/expo-font set size:815798 disposed:false
870 silly placeDep ROOT @expo/code-signing-certificates@0.0.6 OK for: @expo/cli@55.0.19 want: ^0.0.6
871 silly placeDep ROOT @expo/devcert@1.2.1 OK for: @expo/cli@55.0.19 want: ^1.2.1
872 silly placeDep ROOT @expo/env@2.1.1 OK for: @expo/cli@55.0.19 want: ~2.1.1
873 silly placeDep ROOT @expo/image-utils@0.8.12 OK for: @expo/cli@55.0.19 want: ^0.8.12
874 silly placeDep ROOT @expo/json-file@10.0.12 OK for: @expo/cli@55.0.19 want: ^10.0.12
875 silly placeDep ROOT @expo/osascript@2.4.2 OK for: @expo/cli@55.0.19 want: ^2.4.2
876 silly placeDep ROOT @expo/package-manager@1.10.3 OK for: @expo/cli@55.0.19 want: ^1.10.3
877 silly placeDep ROOT @expo/plist@0.5.2 OK for: @expo/cli@55.0.19 want: ^0.5.2
878 silly placeDep ROOT @expo/prebuild-config@55.0.11 OK for: @expo/cli@55.0.19 want: ^55.0.11
879 silly placeDep ROOT @expo/require-utils@55.0.3 OK for: @expo/cli@55.0.19 want: ^55.0.3
880 silly placeDep ROOT @expo/router-server@55.0.11 OK for: @expo/cli@55.0.19 want: ^55.0.11
881 silly placeDep ROOT expo-server@55.0.6 OK for: @expo/router-server@55.0.11 want: ^55.0.6
882 silly placeDep ROOT @expo/schema-utils@55.0.2 OK for: @expo/cli@55.0.19 want: ^55.0.2
883 silly placeDep ROOT @expo/spawn-async@1.7.2 OK for: @expo/cli@55.0.19 want: ^1.7.2
884 silly placeDep ROOT @expo/ws-tunnel@1.0.6 OK for: @expo/cli@55.0.19 want: ^1.0.1
885 silly placeDep ROOT @expo/xcpretty@4.4.1 OK for: @expo/cli@55.0.19 want: ^4.4.0
886 silly placeDep ROOT @react-native/dev-middleware@0.83.4 OK for: @expo/cli@55.0.19 want: 0.83.4
887 silly placeDep ROOT accepts@1.3.8 OK for: @expo/cli@55.0.19 want: ^1.3.8
888 silly placeDep ROOT arg@5.0.2 OK for: @expo/cli@55.0.19 want: ^5.0.2
889 silly placeDep ROOT better-opn@3.0.2 OK for: @expo/cli@55.0.19 want: ~3.0.2
890 silly placeDep ROOT bplist-creator@0.1.0 OK for: @expo/cli@55.0.19 want: 0.1.0
891 silly placeDep ROOT bplist-parser@0.3.2 OK for: @expo/cli@55.0.19 want: ^0.3.1
892 silly placeDep ROOT chalk@4.1.2 OK for: @expo/cli@55.0.19 want: ^4.0.0
893 silly placeDep ROOT ci-info@3.9.0 OK for: @expo/cli@55.0.19 want: ^3.3.0
894 silly placeDep ROOT compression@1.8.1 OK for: @expo/cli@55.0.19 want: ^1.7.4
895 silly placeDep ROOT connect@3.7.0 OK for: @expo/cli@55.0.19 want: ^3.7.0
896 silly placeDep ROOT debug@4.4.3 OK for: @expo/cli@55.0.19 want: ^4.3.4
897 silly placeDep ROOT dnssd-advertise@1.1.4 OK for: @expo/cli@55.0.19 want: ^1.1.3
898 silly placeDep ROOT fetch-nodeshim@0.4.10 OK for: @expo/cli@55.0.19 want: ^0.4.6
899 silly placeDep ROOT getenv@2.0.0 OK for: @expo/cli@55.0.19 want: ^2.0.0
900 silly placeDep ROOT glob@13.0.6 OK for: @expo/cli@55.0.19 want: ^13.0.0
901 silly placeDep ROOT lan-network@0.2.0 OK for: @expo/cli@55.0.19 want: ^0.2.0
902 silly placeDep ROOT multitars@0.2.4 OK for: @expo/cli@55.0.19 want: ^0.2.3
903 silly placeDep ROOT node-forge@1.4.0 OK for: @expo/cli@55.0.19 want: ^1.3.3
904 silly placeDep ROOT npm-package-arg@11.0.3 OK for: @expo/cli@55.0.19 want: ^11.0.0
905 silly placeDep ROOT ora@3.4.0 OK for: @expo/cli@55.0.19 want: ^3.4.0
906 silly placeDep ROOT picomatch@4.0.4 OK for: @expo/cli@55.0.19 want: ^4.0.3
907 silly placeDep ROOT progress@2.0.3 OK for: @expo/cli@55.0.19 want: ^2.0.3
908 silly placeDep ROOT prompts@2.4.2 OK for: @expo/cli@55.0.19 want: ^2.3.2
909 silly placeDep ROOT resolve-from@5.0.0 OK for: @expo/cli@55.0.19 want: ^5.0.0
910 silly placeDep ROOT semver@7.7.4 OK for: @expo/cli@55.0.19 want: ^7.6.0
911 silly placeDep ROOT send@0.19.2 OK for: @expo/cli@55.0.19 want: ^0.19.0
912 silly placeDep ROOT slugify@1.6.8 OK for: @expo/cli@55.0.19 want: ^1.3.4
913 silly placeDep ROOT source-map-support@0.5.21 OK for: @expo/cli@55.0.19 want: ~0.5.21
914 silly placeDep ROOT stacktrace-parser@0.1.11 OK for: @expo/cli@55.0.19 want: ^0.1.10
915 silly placeDep ROOT structured-headers@0.4.1 OK for: @expo/cli@55.0.19 want: ^0.4.1
916 silly placeDep ROOT terminal-link@2.1.1 OK for: @expo/cli@55.0.19 want: ^2.1.1
917 silly placeDep ROOT toqr@0.1.1 OK for: @expo/cli@55.0.19 want: ^0.1.1
918 silly placeDep ROOT wrap-ansi@7.0.0 OK for: @expo/cli@55.0.19 want: ^7.0.0
919 silly placeDep ROOT ws@8.20.0 OK for: @expo/cli@55.0.19 want: ^8.12.1
920 silly placeDep ROOT zod@3.25.76 OK for: @expo/cli@55.0.19 want: ^3.25.76
921 silly fetch manifest debug@^3.1.0
922 silly packumentCache full:https://registry.npmjs.org/debug cache-hit
923 silly fetch manifest @expo/sudo-prompt@^9.3.1
924 silly packumentCache full:https://registry.npmjs.org/@expo%2fsudo-prompt cache-miss
925 silly fetch manifest parse-png@^2.1.0
926 silly packumentCache full:https://registry.npmjs.org/parse-png cache-miss
927 silly fetch manifest jimp-compact@0.16.1
928 silly packumentCache full:https://registry.npmjs.org/jimp-compact cache-miss
929 silly fetch manifest json5@^2.2.3
930 silly packumentCache full:https://registry.npmjs.org/json5 cache-miss
931 silly fetch manifest xmlbuilder@^15.1.1
932 silly packumentCache full:https://registry.npmjs.org/xmlbuilder cache-miss
933 silly fetch manifest @xmldom/xmldom@^0.8.8
934 silly packumentCache full:https://registry.npmjs.org/@xmldom%2fxmldom cache-miss
935 silly fetch manifest debug@^4.3.1
936 silly packumentCache full:https://registry.npmjs.org/debug cache-hit
937 silly fetch manifest @react-native/normalize-colors@0.83.4
938 silly packumentCache full:https://registry.npmjs.org/@react-native%2fnormalize-colors cache-miss
939 http cache https://registry.npmjs.org/@react-native%2fnormalize-colors 9ms (cache hit)
940 silly packumentCache full:https://registry.npmjs.org/@react-native%2fnormalize-colors set size:1787959 disposed:false
941 silly fetch manifest @babel/core@^7.25.2
942 silly packumentCache full:https://registry.npmjs.org/@babel%2fcore cache-hit
943 silly fetch manifest cross-spawn@^7.0.3
944 silly packumentCache full:https://registry.npmjs.org/cross-spawn cache-miss
945 http fetch GET 200 https://registry.npmjs.org/parse-png 48ms (cache miss)
946 silly packumentCache full:https://registry.npmjs.org/parse-png set size:undefined disposed:false
947 silly fetch manifest js-yaml@^4.1.0
948 silly packumentCache full:https://registry.npmjs.org/js-yaml cache-miss
949 http fetch GET 200 https://registry.npmjs.org/jimp-compact 49ms (cache miss)
950 silly packumentCache full:https://registry.npmjs.org/jimp-compact set size:undefined disposed:false
951 silly fetch manifest open@^7.0.3
952 silly packumentCache full:https://registry.npmjs.org/open cache-miss
953 http fetch GET 200 https://registry.npmjs.org/xmlbuilder 57ms (cache miss)
954 silly packumentCache full:https://registry.npmjs.org/xmlbuilder set size:undefined disposed:false
955 silly fetch manifest debug@^4.4.0
956 silly packumentCache full:https://registry.npmjs.org/debug cache-hit
957 silly fetch manifest connect@^3.6.5
958 silly packumentCache full:https://registry.npmjs.org/connect cache-miss
959 http fetch GET 200 https://registry.npmjs.org/json5 74ms (cache miss)
960 silly packumentCache full:https://registry.npmjs.org/json5 set size:undefined disposed:false
961 silly fetch manifest serve-static@^1.16.2
962 silly packumentCache full:https://registry.npmjs.org/serve-static cache-miss
963 http fetch GET 200 https://registry.npmjs.org/@expo%2fsudo-prompt 82ms (cache miss)
964 silly packumentCache full:https://registry.npmjs.org/@expo%2fsudo-prompt set size:undefined disposed:false
965 silly fetch manifest chrome-launcher@^0.15.2
966 silly packumentCache full:https://registry.npmjs.org/chrome-launcher cache-miss
967 http cache https://registry.npmjs.org/connect 25ms (cache hit)
968 silly packumentCache full:https://registry.npmjs.org/connect set size:438385 disposed:false
969 silly fetch manifest @isaacs/ttlcache@^1.4.1
970 silly packumentCache full:https://registry.npmjs.org/@isaacs%2fttlcache cache-miss
971 http fetch GET 200 https://registry.npmjs.org/cross-spawn 79ms (cache miss)
972 silly packumentCache full:https://registry.npmjs.org/cross-spawn set size:undefined disposed:false
973 silly fetch manifest chromium-edge-launcher@^0.2.0
974 silly packumentCache full:https://registry.npmjs.org/chromium-edge-launcher cache-miss
975 http fetch GET 200 https://registry.npmjs.org/@xmldom%2fxmldom 99ms (cache miss)
976 silly packumentCache full:https://registry.npmjs.org/@xmldom%2fxmldom set size:undefined disposed:false
977 silly fetch manifest @react-native/debugger-shell@0.83.4
978 silly packumentCache full:https://registry.npmjs.org/@react-native%2fdebugger-shell cache-miss
979 http fetch GET 200 https://registry.npmjs.org/open 55ms (cache miss)
980 silly packumentCache full:https://registry.npmjs.org/open set size:undefined disposed:false
981 silly fetch manifest @react-native/debugger-frontend@0.83.4
982 silly packumentCache full:https://registry.npmjs.org/@react-native%2fdebugger-frontend cache-miss
983 http fetch GET 200 https://registry.npmjs.org/js-yaml 60ms (cache miss)
984 silly packumentCache full:https://registry.npmjs.org/js-yaml set size:undefined disposed:false
985 silly fetch manifest mime-types@~2.1.34
986 silly packumentCache full:https://registry.npmjs.org/mime-types cache-miss
987 http fetch GET 200 https://registry.npmjs.org/serve-static 55ms (cache miss)
988 silly packumentCache full:https://registry.npmjs.org/serve-static set size:undefined disposed:false
989 silly fetch manifest negotiator@0.6.3
990 silly packumentCache full:https://registry.npmjs.org/negotiator cache-miss
991 http fetch GET 200 https://registry.npmjs.org/chrome-launcher 55ms (cache miss)
992 silly packumentCache full:https://registry.npmjs.org/chrome-launcher set size:undefined disposed:false
993 silly fetch manifest open@^8.0.4
994 silly packumentCache full:https://registry.npmjs.org/open cache-miss
995 http cache https://registry.npmjs.org/open 3ms (cache hit)
996 silly packumentCache full:https://registry.npmjs.org/open set size:136392 disposed:false
997 silly fetch manifest stream-buffers@2.2.x
998 silly packumentCache full:https://registry.npmjs.org/stream-buffers cache-miss
999 http fetch GET 200 https://registry.npmjs.org/@isaacs%2fttlcache 61ms (cache miss)
1000 silly packumentCache full:https://registry.npmjs.org/@isaacs%2fttlcache set size:undefined disposed:false
1001 silly fetch manifest big-integer@1.6.x
1002 silly packumentCache full:https://registry.npmjs.org/big-integer cache-miss
1003 http fetch GET 200 https://registry.npmjs.org/chromium-edge-launcher 58ms (cache miss)
1004 silly packumentCache full:https://registry.npmjs.org/chromium-edge-launcher set size:undefined disposed:false
1005 silly fetch manifest ansi-styles@^4.1.0
1006 silly packumentCache full:https://registry.npmjs.org/ansi-styles cache-miss
1007 http cache https://registry.npmjs.org/ansi-styles 4ms (cache hit)
1008 silly packumentCache full:https://registry.npmjs.org/ansi-styles set size:63233 disposed:false
1009 silly fetch manifest supports-color@^7.1.0
1010 silly packumentCache full:https://registry.npmjs.org/supports-color cache-miss
1011 http fetch GET 200 https://registry.npmjs.org/mime-types 57ms (cache miss)
1012 silly packumentCache full:https://registry.npmjs.org/mime-types set size:undefined disposed:false
1013 silly fetch manifest vary@~1.1.2
1014 silly packumentCache full:https://registry.npmjs.org/vary cache-miss
1015 http fetch GET 200 https://registry.npmjs.org/@react-native%2fdebugger-shell 75ms (cache miss)
1016 silly packumentCache full:https://registry.npmjs.org/@react-native%2fdebugger-shell set size:undefined disposed:false
1017 silly fetch manifest bytes@3.1.2
1018 silly packumentCache full:https://registry.npmjs.org/bytes cache-miss
1019 http fetch GET 200 https://registry.npmjs.org/negotiator 52ms (cache miss)
1020 silly packumentCache full:https://registry.npmjs.org/negotiator set size:undefined disposed:false
1021 silly fetch manifest debug@2.6.9
1022 silly packumentCache full:https://registry.npmjs.org/debug cache-hit
1023 silly fetch manifest negotiator@~0.6.4
1024 silly packumentCache full:https://registry.npmjs.org/negotiator cache-miss
1025 http cache https://registry.npmjs.org/negotiator 4ms (cache hit)
1026 silly packumentCache full:https://registry.npmjs.org/negotiator set size:48046 disposed:false
1027 silly fetch manifest on-headers@~1.1.0
1028 silly packumentCache full:https://registry.npmjs.org/on-headers cache-miss
1029 http fetch GET 200 https://registry.npmjs.org/stream-buffers 58ms (cache miss)
1030 silly packumentCache full:https://registry.npmjs.org/stream-buffers set size:undefined disposed:false
1031 silly fetch manifest safe-buffer@5.2.1
1032 silly packumentCache full:https://registry.npmjs.org/safe-buffer cache-miss
1033 http fetch GET 200 https://registry.npmjs.org/big-integer 53ms (cache miss)
1034 silly packumentCache full:https://registry.npmjs.org/big-integer set size:undefined disposed:false
1035 silly fetch manifest compressible@~2.0.18
1036 silly packumentCache full:https://registry.npmjs.org/compressible cache-miss
1037 http fetch GET 200 https://registry.npmjs.org/vary 43ms (cache miss)
1038 silly packumentCache full:https://registry.npmjs.org/vary set size:undefined disposed:false
1039 silly fetch manifest finalhandler@1.1.2
1040 silly packumentCache full:https://registry.npmjs.org/finalhandler cache-miss
1041 http fetch GET 200 https://registry.npmjs.org/@react-native%2fdebugger-frontend 108ms (cache miss)
1042 silly packumentCache full:https://registry.npmjs.org/@react-native%2fdebugger-frontend set size:undefined disposed:false
1043 silly fetch manifest parseurl@~1.3.3
1044 silly packumentCache full:https://registry.npmjs.org/parseurl cache-miss
1045 http fetch GET 200 https://registry.npmjs.org/supports-color 62ms (cache miss)
1046 silly packumentCache full:https://registry.npmjs.org/supports-color set size:undefined disposed:false
1047 silly fetch manifest utils-merge@1.0.1
1048 silly packumentCache full:https://registry.npmjs.org/utils-merge cache-miss
1049 http fetch GET 200 https://registry.npmjs.org/on-headers 42ms (cache miss)
1050 silly packumentCache full:https://registry.npmjs.org/on-headers set size:undefined disposed:false
1051 silly fetch manifest ms@^2.1.3
1052 silly packumentCache full:https://registry.npmjs.org/ms cache-miss
1053 http fetch GET 200 https://registry.npmjs.org/bytes 59ms (cache miss)
1054 silly packumentCache full:https://registry.npmjs.org/bytes set size:undefined disposed:false
1055 silly fetch manifest minipass@^7.1.3
1056 silly packumentCache full:https://registry.npmjs.org/minipass cache-miss
1057 http fetch GET 200 https://registry.npmjs.org/safe-buffer 46ms (cache miss)
1058 silly packumentCache full:https://registry.npmjs.org/safe-buffer set size:undefined disposed:false
1059 silly fetch manifest path-scurry@^2.0.2
1060 silly packumentCache full:https://registry.npmjs.org/path-scurry cache-miss
1061 http fetch GET 200 https://registry.npmjs.org/finalhandler 39ms (cache miss)
1062 silly packumentCache full:https://registry.npmjs.org/finalhandler set size:undefined disposed:false
1063 silly fetch manifest semver@^7.3.5
1064 silly packumentCache full:https://registry.npmjs.org/semver cache-hit
1065 silly fetch manifest proc-log@^4.0.0
1066 silly packumentCache full:https://registry.npmjs.org/proc-log cache-miss
1067 http fetch GET 200 https://registry.npmjs.org/compressible 44ms (cache miss)
1068 silly packumentCache full:https://registry.npmjs.org/compressible set size:undefined disposed:false
1069 silly fetch manifest hosted-git-info@^7.0.0
1070 silly packumentCache full:https://registry.npmjs.org/hosted-git-info cache-miss
1071 http fetch GET 200 https://registry.npmjs.org/parseurl 40ms (cache miss)
1072 silly packumentCache full:https://registry.npmjs.org/parseurl set size:undefined disposed:false
1073 silly fetch manifest validate-npm-package-name@^5.0.0
1074 silly packumentCache full:https://registry.npmjs.org/validate-npm-package-name cache-miss
1075 http fetch GET 200 https://registry.npmjs.org/utils-merge 54ms (cache miss)
1076 silly packumentCache full:https://registry.npmjs.org/utils-merge set size:undefined disposed:false
1077 silly fetch manifest chalk@^2.4.2
1078 silly packumentCache full:https://registry.npmjs.org/chalk cache-hit
1079 silly fetch manifest wcwidth@^1.0.1
1080 silly packumentCache full:https://registry.npmjs.org/wcwidth cache-miss
1081 http fetch GET 200 https://registry.npmjs.org/minipass 52ms (cache miss)
1082 silly packumentCache full:https://registry.npmjs.org/minipass set size:undefined disposed:false
1083 silly fetch manifest cli-cursor@^2.1.0
1084 silly packumentCache full:https://registry.npmjs.org/cli-cursor cache-miss
1085 http fetch GET 200 https://registry.npmjs.org/ms 67ms (cache miss)
1086 silly packumentCache full:https://registry.npmjs.org/ms set size:undefined disposed:false
1087 silly fetch manifest strip-ansi@^5.2.0
1088 silly packumentCache full:https://registry.npmjs.org/strip-ansi cache-miss
1089 http fetch GET 200 https://registry.npmjs.org/path-scurry 63ms (cache miss)
1090 silly packumentCache full:https://registry.npmjs.org/path-scurry set size:undefined disposed:false
1091 silly fetch manifest log-symbols@^2.2.0
1092 silly packumentCache full:https://registry.npmjs.org/log-symbols cache-miss
1093 http fetch GET 200 https://registry.npmjs.org/validate-npm-package-name 51ms (cache miss)
1094 silly packumentCache full:https://registry.npmjs.org/validate-npm-package-name set size:undefined disposed:false
1095 silly fetch manifest cli-spinners@^2.0.0
1096 silly packumentCache full:https://registry.npmjs.org/cli-spinners cache-miss
1097 http fetch GET 200 https://registry.npmjs.org/proc-log 62ms (cache miss)
1098 silly packumentCache full:https://registry.npmjs.org/proc-log set size:undefined disposed:false
1099 silly fetch manifest kleur@^3.0.3
1100 silly packumentCache full:https://registry.npmjs.org/kleur cache-miss
1101 http fetch GET 200 https://registry.npmjs.org/hosted-git-info 61ms (cache miss)
1102 silly packumentCache full:https://registry.npmjs.org/hosted-git-info set size:undefined disposed:false
1103 silly fetch manifest sisteransi@^1.0.5
1104 silly packumentCache full:https://registry.npmjs.org/sisteransi cache-miss
1105 http fetch GET 200 https://registry.npmjs.org/wcwidth 55ms (cache miss)
1106 silly packumentCache full:https://registry.npmjs.org/wcwidth set size:undefined disposed:false
1107 silly fetch manifest ms@2.1.3
1108 silly packumentCache full:https://registry.npmjs.org/ms cache-miss
1109 http fetch GET 200 https://registry.npmjs.org/cli-cursor 43ms (cache miss)
1110 silly packumentCache full:https://registry.npmjs.org/cli-cursor set size:undefined disposed:false
1111 silly fetch manifest depd@2.0.0
1112 silly packumentCache full:https://registry.npmjs.org/depd cache-miss
1113 http cache https://registry.npmjs.org/ms 8ms (cache hit)
1114 silly packumentCache full:https://registry.npmjs.org/ms set size:92208 disposed:false
1115 silly fetch manifest etag@~1.8.1
1116 silly packumentCache full:https://registry.npmjs.org/etag cache-miss
1117 http fetch GET 200 https://registry.npmjs.org/strip-ansi 48ms (cache miss)
1118 silly packumentCache full:https://registry.npmjs.org/strip-ansi set size:undefined disposed:false
1119 silly fetch manifest mime@1.6.0
1120 silly packumentCache full:https://registry.npmjs.org/mime cache-miss
1121 http fetch GET 200 https://registry.npmjs.org/cli-spinners 38ms (cache miss)
1122 silly packumentCache full:https://registry.npmjs.org/cli-spinners set size:undefined disposed:false
1123 silly fetch manifest fresh@~0.5.2
1124 silly packumentCache full:https://registry.npmjs.org/fresh cache-miss
1125 http fetch GET 200 https://registry.npmjs.org/log-symbols 49ms (cache miss)
1126 silly packumentCache full:https://registry.npmjs.org/log-symbols set size:undefined disposed:false
1127 silly fetch manifest destroy@1.2.0
1128 silly packumentCache full:https://registry.npmjs.org/destroy cache-miss
1129 http fetch GET 200 https://registry.npmjs.org/sisteransi 46ms (cache miss)
1130 silly packumentCache full:https://registry.npmjs.org/sisteransi set size:undefined disposed:false
1131 silly fetch manifest statuses@~2.0.2
1132 silly packumentCache full:https://registry.npmjs.org/statuses cache-miss
1133 http fetch GET 200 https://registry.npmjs.org/kleur 54ms (cache miss)
1134 silly packumentCache full:https://registry.npmjs.org/kleur set size:undefined disposed:false
1135 silly fetch manifest encodeurl@~2.0.0
1136 silly packumentCache full:https://registry.npmjs.org/encodeurl cache-miss
1137 http fetch GET 200 https://registry.npmjs.org/depd 47ms (cache miss)
1138 silly packumentCache full:https://registry.npmjs.org/depd set size:undefined disposed:false
1139 silly fetch manifest escape-html@~1.0.3
1140 silly packumentCache full:https://registry.npmjs.org/escape-html cache-miss
1141 http fetch GET 200 https://registry.npmjs.org/etag 43ms (cache miss)
1142 silly packumentCache full:https://registry.npmjs.org/etag set size:undefined disposed:false
1143 silly fetch manifest http-errors@~2.0.1
1144 silly packumentCache full:https://registry.npmjs.org/http-errors cache-miss
1145 http fetch GET 200 https://registry.npmjs.org/mime 45ms (cache miss)
1146 silly packumentCache full:https://registry.npmjs.org/mime set size:undefined disposed:false
1147 silly fetch manifest on-finished@~2.4.1
1148 silly packumentCache full:https://registry.npmjs.org/on-finished cache-miss
1149 http fetch GET 200 https://registry.npmjs.org/fresh 50ms (cache miss)
1150 silly packumentCache full:https://registry.npmjs.org/fresh set size:undefined disposed:false
1151 silly fetch manifest range-parser@~1.2.1
1152 silly packumentCache full:https://registry.npmjs.org/range-parser cache-miss
1153 http fetch GET 200 https://registry.npmjs.org/statuses 46ms (cache miss)
1154 silly packumentCache full:https://registry.npmjs.org/statuses set size:undefined disposed:false
1155 silly fetch manifest buffer-from@^1.0.0
1156 silly packumentCache full:https://registry.npmjs.org/buffer-from cache-miss
1157 http fetch GET 200 https://registry.npmjs.org/encodeurl 45ms (cache miss)
1158 silly packumentCache full:https://registry.npmjs.org/encodeurl set size:undefined disposed:false
1159 silly fetch manifest source-map@^0.6.0
1160 silly packumentCache full:https://registry.npmjs.org/source-map cache-miss
1161 http fetch GET 200 https://registry.npmjs.org/destroy 56ms (cache miss)
1162 silly packumentCache full:https://registry.npmjs.org/destroy set size:undefined disposed:false
1163 silly fetch manifest type-fest@^0.7.1
1164 silly packumentCache full:https://registry.npmjs.org/type-fest cache-miss
1165 http fetch GET 200 https://registry.npmjs.org/escape-html 39ms (cache miss)
1166 silly packumentCache full:https://registry.npmjs.org/escape-html set size:undefined disposed:false
1167 silly fetch manifest ansi-escapes@^4.2.1
1168 silly packumentCache full:https://registry.npmjs.org/ansi-escapes cache-miss
1169 http fetch GET 200 https://registry.npmjs.org/on-finished 40ms (cache miss)
1170 silly packumentCache full:https://registry.npmjs.org/on-finished set size:undefined disposed:false
1171 silly fetch manifest supports-hyperlinks@^2.0.0
1172 silly packumentCache full:https://registry.npmjs.org/supports-hyperlinks cache-miss
1173 http fetch GET 200 https://registry.npmjs.org/range-parser 43ms (cache miss)
1174 silly packumentCache full:https://registry.npmjs.org/range-parser set size:undefined disposed:false
1175 silly fetch manifest strip-ansi@^6.0.0
1176 silly packumentCache full:https://registry.npmjs.org/strip-ansi cache-miss
1177 http cache https://registry.npmjs.org/strip-ansi 9ms (cache hit)
1178 silly packumentCache full:https://registry.npmjs.org/strip-ansi set size:44998 disposed:false
1179 silly fetch manifest ansi-styles@^4.0.0
1180 silly packumentCache full:https://registry.npmjs.org/ansi-styles cache-hit
1181 silly fetch manifest string-width@^4.1.0
1182 silly packumentCache full:https://registry.npmjs.org/string-width cache-miss
1183 http fetch GET 200 https://registry.npmjs.org/http-errors 78ms (cache miss)
1184 silly packumentCache full:https://registry.npmjs.org/http-errors set size:undefined disposed:false
1185 http fetch GET 200 https://registry.npmjs.org/buffer-from 58ms (cache miss)
1186 silly packumentCache full:https://registry.npmjs.org/buffer-from set size:undefined disposed:false
1187 http fetch GET 200 https://registry.npmjs.org/ansi-escapes 52ms (cache miss)
1188 silly packumentCache full:https://registry.npmjs.org/ansi-escapes set size:undefined disposed:false
1189 http fetch GET 200 https://registry.npmjs.org/source-map 64ms (cache miss)
1190 silly packumentCache full:https://registry.npmjs.org/source-map set size:undefined disposed:false
1191 http fetch GET 200 https://registry.npmjs.org/type-fest 67ms (cache miss)
1192 silly packumentCache full:https://registry.npmjs.org/type-fest set size:undefined disposed:false
1193 http fetch GET 200 https://registry.npmjs.org/supports-hyperlinks 57ms (cache miss)
1194 silly packumentCache full:https://registry.npmjs.org/supports-hyperlinks set size:undefined disposed:false
1195 http fetch GET 200 https://registry.npmjs.org/string-width 45ms (cache miss)
1196 silly packumentCache full:https://registry.npmjs.org/string-width set size:undefined disposed:false
1197 silly placeDep ROOT @expo/config-types@55.0.5 OK for: @expo/config@55.0.11 want: ^55.0.5
1198 silly placeDep ROOT deepmerge@4.3.1 OK for: @expo/config@55.0.11 want: ^4.3.1
1199 silly placeDep ROOT resolve-workspace-root@2.0.1 OK for: @expo/config@55.0.11 want: ^2.0.0
1200 silly placeDep ROOT @expo/sdk-runtime-versions@1.0.0 OK for: @expo/config-plugins@55.0.7 want: ^1.0.0
1201 silly placeDep ROOT xcode@3.0.1 OK for: @expo/config-plugins@55.0.7 want: ^3.0.1
1202 silly placeDep ROOT xml2js@0.6.0 OK for: @expo/config-plugins@55.0.7 want: 0.6.0
1203 silly fetch manifest uuid@^7.0.3
1204 silly packumentCache full:https://registry.npmjs.org/uuid cache-miss
1205 silly fetch manifest simple-plist@^1.1.0
1206 silly packumentCache full:https://registry.npmjs.org/simple-plist cache-miss
1207 silly fetch manifest sax@>=0.6.0
1208 silly packumentCache full:https://registry.npmjs.org/sax cache-miss
1209 silly fetch manifest xmlbuilder@~11.0.0
1210 silly packumentCache full:https://registry.npmjs.org/xmlbuilder cache-miss
1211 http cache https://registry.npmjs.org/xmlbuilder 6ms (cache hit)
1212 silly packumentCache full:https://registry.npmjs.org/xmlbuilder set size:158707 disposed:false
1213 http fetch GET 200 https://registry.npmjs.org/sax 51ms (cache miss)
1214 silly packumentCache full:https://registry.npmjs.org/sax set size:undefined disposed:false
1215 http fetch GET 200 https://registry.npmjs.org/uuid 55ms (cache miss)
1216 silly packumentCache full:https://registry.npmjs.org/uuid set size:undefined disposed:false
1217 http fetch GET 200 https://registry.npmjs.org/simple-plist 59ms (cache miss)
1218 silly packumentCache full:https://registry.npmjs.org/simple-plist set size:undefined disposed:false
1219 silly placeDep ROOT @expo/sudo-prompt@9.3.2 OK for: @expo/devcert@1.2.1 want: ^9.3.1
1220 silly placeDep node_modules/@expo/devcert debug@3.2.7 OK for: @expo/devcert@1.2.1 want: ^3.1.0
1221 silly fetch manifest ms@^2.1.1
1222 silly packumentCache full:https://registry.npmjs.org/ms cache-hit
1223 silly placeDep ROOT ignore@5.3.2 OK for: @expo/fingerprint@0.16.6 want: ^5.3.1
1224 silly placeDep ROOT minimatch@10.2.5 OK for: @expo/fingerprint@0.16.6 want: ^10.2.2
1225 silly fetch manifest brace-expansion@^5.0.5
1226 silly packumentCache full:https://registry.npmjs.org/brace-expansion cache-miss
1227 http fetch GET 200 https://registry.npmjs.org/brace-expansion 37ms (cache miss)
1228 silly packumentCache full:https://registry.npmjs.org/brace-expansion set size:undefined disposed:false
1229 silly placeDep ROOT jimp-compact@0.16.1 OK for: @expo/image-utils@0.8.12 want: 0.16.1
1230 silly placeDep ROOT parse-png@2.1.0 OK for: @expo/image-utils@0.8.12 want: ^2.1.0
1231 silly fetch manifest pngjs@^3.3.0
1232 silly packumentCache full:https://registry.npmjs.org/pngjs cache-miss
1233 http fetch GET 200 https://registry.npmjs.org/pngjs 65ms (cache miss)
1234 silly packumentCache full:https://registry.npmjs.org/pngjs set size:undefined disposed:false
1235 silly placeDep ROOT @babel/code-frame@7.29.0 OK for: @expo/json-file@10.0.12 want: ^7.20.0
1236 silly placeDep ROOT json5@2.2.3 OK for: @expo/json-file@10.0.12 want: ^2.2.3
1237 silly fetch manifest js-tokens@^4.0.0
1238 silly packumentCache full:https://registry.npmjs.org/js-tokens cache-miss
1239 silly fetch manifest picocolors@^1.1.1
1240 silly packumentCache full:https://registry.npmjs.org/picocolors cache-miss
1241 silly fetch manifest @babel/helper-validator-identifier@^7.28.5
1242 silly packumentCache full:https://registry.npmjs.org/@babel%2fhelper-validator-identifier cache-miss
1243 http fetch GET 200 https://registry.npmjs.org/js-tokens 44ms (cache miss)
1244 silly packumentCache full:https://registry.npmjs.org/js-tokens set size:undefined disposed:false
1245 http fetch GET 200 https://registry.npmjs.org/picocolors 48ms (cache miss)
1246 silly packumentCache full:https://registry.npmjs.org/picocolors set size:undefined disposed:false
1247 http fetch GET 200 https://registry.npmjs.org/@babel%2fhelper-validator-identifier 61ms (cache miss)
1248 silly packumentCache full:https://registry.npmjs.org/@babel%2fhelper-validator-identifier set size:undefined disposed:false
1249 silly placeDep ROOT @babel/helper-validator-identifier@7.28.5 OK for: @babel/code-frame@7.29.0 want: ^7.28.5
1250 silly placeDep ROOT js-tokens@4.0.0 OK for: @babel/code-frame@7.29.0 want: ^4.0.0
1251 silly placeDep ROOT picocolors@1.1.1 OK for: @babel/code-frame@7.29.0 want: ^1.1.1
1252 silly placeDep ROOT @expo/dom-webview@55.0.3 OK for: @expo/log-box@55.0.8 want: ^55.0.3
1253 silly placeDep ROOT anser@1.4.10 OK for: @expo/log-box@55.0.8 want: ^1.4.9
1254 silly placeDep ROOT metro@0.83.3 OK for: @expo/metro@54.2.0 want: 0.83.3
1255 silly placeDep ROOT metro-babel-transformer@0.83.3 OK for: @expo/metro@54.2.0 want: 0.83.3
1256 silly placeDep ROOT metro-cache@0.83.3 OK for: @expo/metro@54.2.0 want: 0.83.3
1257 silly placeDep ROOT metro-cache-key@0.83.3 OK for: @expo/metro@54.2.0 want: 0.83.3
1258 silly placeDep ROOT metro-config@0.83.3 OK for: @expo/metro@54.2.0 want: 0.83.3
1259 silly placeDep ROOT metro-core@0.83.3 OK for: @expo/metro@54.2.0 want: 0.83.3
1260 silly placeDep ROOT metro-file-map@0.83.3 OK for: @expo/metro@54.2.0 want: 0.83.3
1261 silly placeDep ROOT metro-minify-terser@0.83.3 OK for: @expo/metro@54.2.0 want: 0.83.3
1262 silly placeDep ROOT metro-resolver@0.83.3 OK for: @expo/metro@54.2.0 want: 0.83.3
1263 silly placeDep ROOT metro-runtime@0.83.3 OK for: @expo/metro@54.2.0 want: 0.83.3
1264 silly placeDep ROOT metro-source-map@0.83.3 OK for: @expo/metro@54.2.0 want: 0.83.3
1265 silly placeDep ROOT metro-symbolicate@0.83.3 OK for: @expo/metro@54.2.0 want: 0.83.3
1266 silly placeDep ROOT metro-transform-plugins@0.83.3 OK for: @expo/metro@54.2.0 want: 0.83.3
1267 silly placeDep ROOT metro-transform-worker@0.83.3 OK for: @expo/metro@54.2.0 want: 0.83.3
1268 silly fetch manifest throat@^5.0.0
1269 silly packumentCache full:https://registry.npmjs.org/throat cache-miss
1270 silly fetch manifest ci-info@^2.0.0
1271 silly packumentCache full:https://registry.npmjs.org/ci-info cache-miss
1272 silly fetch manifest image-size@^1.0.2
1273 silly packumentCache full:https://registry.npmjs.org/image-size cache-miss
1274 silly fetch manifest mime-types@^2.1.27
1275 silly packumentCache full:https://registry.npmjs.org/mime-types cache-miss
1276 silly fetch manifest source-map@^0.5.6
1277 silly packumentCache full:https://registry.npmjs.org/source-map cache-miss
1278 silly fetch manifest graceful-fs@^4.2.4
1279 silly packumentCache full:https://registry.npmjs.org/graceful-fs cache-miss
1280 silly fetch manifest jest-worker@^29.7.0
1281 silly packumentCache full:https://registry.npmjs.org/jest-worker cache-miss
1282 http cache https://registry.npmjs.org/mime-types 16ms (cache hit)
1283 silly packumentCache full:https://registry.npmjs.org/mime-types set size:139110 disposed:false
1284 silly fetch manifest @babel/types@^7.25.2
1285 silly packumentCache full:https://registry.npmjs.org/@babel%2ftypes cache-miss
1286 http cache https://registry.npmjs.org/ci-info 23ms (cache hit)
1287 silly packumentCache full:https://registry.npmjs.org/ci-info set size:91363 disposed:false
1288 silly fetch manifest jsc-safe-url@^0.2.2
1289 silly packumentCache full:https://registry.npmjs.org/jsc-safe-url cache-miss
1290 http cache https://registry.npmjs.org/source-map 27ms (cache hit)
1291 silly packumentCache full:https://registry.npmjs.org/source-map set size:226141 disposed:false
1292 silly fetch manifest @babel/parser@^7.25.3
1293 silly packumentCache full:https://registry.npmjs.org/@babel%2fparser cache-miss
1294 http cache https://registry.npmjs.org/jsc-safe-url 11ms (cache hit)
1295 silly packumentCache full:https://registry.npmjs.org/jsc-safe-url set size:13143 disposed:false
1296 silly fetch manifest hermes-parser@0.32.0
1297 silly packumentCache full:https://registry.npmjs.org/hermes-parser cache-miss
1298 http cache https://registry.npmjs.org/hermes-parser 4ms (cache hit)
1299 silly packumentCache full:https://registry.npmjs.org/hermes-parser set size:162582 disposed:false
1300 silly fetch manifest @babel/template@^7.25.0
1301 silly packumentCache full:https://registry.npmjs.org/@babel%2ftemplate cache-miss
1302 http fetch GET 200 https://registry.npmjs.org/throat 60ms (cache miss)
1303 silly packumentCache full:https://registry.npmjs.org/throat set size:undefined disposed:false
1304 silly fetch manifest @babel/traverse@^7.25.3
1305 silly packumentCache full:https://registry.npmjs.org/@babel%2ftraverse cache-miss
1306 http fetch GET 200 https://registry.npmjs.org/image-size 62ms (cache miss)
1307 silly packumentCache full:https://registry.npmjs.org/image-size set size:undefined disposed:false
1308 silly fetch manifest lodash.throttle@^4.1.1
1309 silly packumentCache full:https://registry.npmjs.org/lodash.throttle cache-miss
1310 http fetch GET 200 https://registry.npmjs.org/graceful-fs 63ms (cache miss)
1311 silly packumentCache full:https://registry.npmjs.org/graceful-fs set size:undefined disposed:false
1312 silly fetch manifest serialize-error@^2.1.0
1313 silly packumentCache full:https://registry.npmjs.org/serialize-error cache-miss
1314 http fetch GET 200 https://registry.npmjs.org/jest-worker 69ms (cache miss)
1315 silly packumentCache full:https://registry.npmjs.org/jest-worker set size:undefined disposed:false
1316 silly fetch manifest @babel/generator@^7.25.0
1317 silly packumentCache full:https://registry.npmjs.org/@babel%2fgenerator cache-miss
1318 http cache https://registry.npmjs.org/@babel%2fgenerator 11ms (cache hit)
1319 silly packumentCache full:https://registry.npmjs.org/@babel%2fgenerator set size:507107 disposed:false
1320 silly fetch manifest error-stack-parser@^2.0.6
1321 silly packumentCache full:https://registry.npmjs.org/error-stack-parser cache-miss
1322 http fetch GET 200 https://registry.npmjs.org/@babel%2ftypes 73ms (cache miss)
1323 silly packumentCache full:https://registry.npmjs.org/@babel%2ftypes set size:undefined disposed:false
1324 silly fetch manifest https-proxy-agent@^7.0.5
1325 silly packumentCache full:https://registry.npmjs.org/https-proxy-agent cache-miss
1326 http fetch GET 200 https://registry.npmjs.org/lodash.throttle 52ms (cache miss)
1327 silly packumentCache full:https://registry.npmjs.org/lodash.throttle set size:undefined disposed:false
1328 silly fetch manifest exponential-backoff@^3.1.1
1329 silly packumentCache full:https://registry.npmjs.org/exponential-backoff cache-miss
1330 http fetch GET 200 https://registry.npmjs.org/@babel%2fparser 84ms (cache miss)
1331 silly packumentCache full:https://registry.npmjs.org/@babel%2fparser set size:undefined disposed:false
1332 silly fetch manifest yaml@^2.6.1
1333 silly packumentCache full:https://registry.npmjs.org/yaml cache-miss
1334 http fetch GET 200 https://registry.npmjs.org/serialize-error 58ms (cache miss)
1335 silly packumentCache full:https://registry.npmjs.org/serialize-error set size:undefined disposed:false
1336 silly fetch manifest jest-validate@^29.7.0
1337 silly packumentCache full:https://registry.npmjs.org/jest-validate cache-miss
1338 http fetch GET 200 https://registry.npmjs.org/@babel%2ftemplate 85ms (cache miss)
1339 silly packumentCache full:https://registry.npmjs.org/@babel%2ftemplate set size:undefined disposed:false
1340 silly fetch manifest walker@^1.0.7
1341 silly packumentCache full:https://registry.npmjs.org/walker cache-miss
1342 http fetch GET 200 https://registry.npmjs.org/@babel%2ftraverse 78ms (cache miss)
1343 silly packumentCache full:https://registry.npmjs.org/@babel%2ftraverse set size:undefined disposed:false
1344 silly fetch manifest micromatch@^4.0.4
1345 silly packumentCache full:https://registry.npmjs.org/micromatch cache-miss
1346 http fetch GET 200 https://registry.npmjs.org/https-proxy-agent 45ms (cache miss)
1347 silly packumentCache full:https://registry.npmjs.org/https-proxy-agent set size:undefined disposed:false
1348 silly fetch manifest fb-watchman@^2.0.0
1349 silly packumentCache full:https://registry.npmjs.org/fb-watchman cache-miss
1350 http fetch GET 200 https://registry.npmjs.org/error-stack-parser 60ms (cache miss)
1351 silly packumentCache full:https://registry.npmjs.org/error-stack-parser set size:undefined disposed:false
1352 silly fetch manifest terser@^5.15.0
1353 silly packumentCache full:https://registry.npmjs.org/terser cache-miss
1354 http fetch GET 200 https://registry.npmjs.org/exponential-backoff 44ms (cache miss)
1355 silly packumentCache full:https://registry.npmjs.org/exponential-backoff set size:undefined disposed:false
1356 silly fetch manifest ob1@0.83.3
1357 silly packumentCache full:https://registry.npmjs.org/ob1 cache-miss
1358 http fetch GET 200 https://registry.npmjs.org/jest-validate 55ms (cache miss)
1359 silly packumentCache full:https://registry.npmjs.org/jest-validate set size:undefined disposed:false
1360 silly fetch manifest vlq@^1.0.0
1361 silly packumentCache full:https://registry.npmjs.org/vlq cache-miss
1362 http fetch GET 200 https://registry.npmjs.org/walker 62ms (cache miss)
1363 silly packumentCache full:https://registry.npmjs.org/walker set size:undefined disposed:false
1364 silly fetch manifest @babel/traverse--for-generate-function-map@npm:@babel/traverse@^7.25.3
1365 silly packumentCache full:https://registry.npmjs.org/@babel%2ftraverse cache-miss
1366 http fetch GET 200 https://registry.npmjs.org/fb-watchman 53ms (cache miss)
1367 silly packumentCache full:https://registry.npmjs.org/fb-watchman set size:undefined disposed:false
1368 silly fetch manifest vlq@^1.0.0
1369 silly packumentCache full:https://registry.npmjs.org/vlq cache-miss
1370 http cache https://registry.npmjs.org/@babel%2ftraverse 12ms (cache hit)
1371 silly packumentCache full:https://registry.npmjs.org/@babel%2ftraverse set size:548722 disposed:false
1372 http fetch GET 200 https://registry.npmjs.org/yaml 90ms (cache miss)
1373 silly packumentCache full:https://registry.npmjs.org/yaml set size:undefined disposed:false
1374 http fetch GET 200 https://registry.npmjs.org/micromatch 76ms (cache miss)
1375 silly packumentCache full:https://registry.npmjs.org/micromatch set size:undefined disposed:false
1376 http fetch GET 200 https://registry.npmjs.org/ob1 85ms (cache miss)
1377 silly packumentCache full:https://registry.npmjs.org/ob1 set size:undefined disposed:false
1378 http fetch GET 200 https://registry.npmjs.org/terser 102ms (cache miss)
1379 silly packumentCache full:https://registry.npmjs.org/terser set size:undefined disposed:false
1380 http fetch GET 200 https://registry.npmjs.org/vlq 68ms (cache miss)
1381 silly packumentCache full:https://registry.npmjs.org/vlq set size:undefined disposed:false
1382 http fetch GET 200 https://registry.npmjs.org/vlq 82ms (cache miss)
1383 silly packumentCache full:https://registry.npmjs.org/vlq set size:undefined disposed:false
1384 silly placeDep ROOT @babel/core@7.29.0 OK for: @expo/metro-config@55.0.11 want: ^7.20.0
1385 silly placeDep ROOT @babel/generator@7.29.1 OK for: @expo/metro-config@55.0.11 want: ^7.20.5
1386 silly placeDep ROOT browserslist@4.28.2 OK for: @expo/metro-config@55.0.11 want: ^4.25.0
1387 silly placeDep ROOT hermes-parser@0.32.1 OK for: @expo/metro-config@55.0.11 want: ^0.32.0
1388 silly placeDep ROOT jsc-safe-url@0.2.4 OK for: @expo/metro-config@55.0.11 want: ^0.2.4
1389 silly placeDep ROOT lightningcss@1.32.0 OK for: @expo/metro-config@55.0.11 want: ^1.30.1
1390 silly placeDep ROOT postcss@8.4.49 OK for: @expo/metro-config@55.0.11 want: ~8.4.32
1391 silly fetch manifest semver@^6.3.1
1392 silly packumentCache full:https://registry.npmjs.org/semver cache-hit
1393 silly fetch manifest gensync@^1.0.0-beta.2
1394 silly packumentCache full:https://registry.npmjs.org/gensync cache-miss
1395 silly fetch manifest @babel/types@^7.29.0
1396 silly packumentCache full:https://registry.npmjs.org/@babel%2ftypes cache-miss
1397 silly fetch manifest @babel/parser@^7.29.0
1398 silly packumentCache full:https://registry.npmjs.org/@babel%2fparser cache-miss
1399 silly fetch manifest @babel/helpers@^7.28.6
1400 silly packumentCache full:https://registry.npmjs.org/@babel%2fhelpers cache-miss
1401 silly fetch manifest @babel/template@^7.28.6
1402 silly packumentCache full:https://registry.npmjs.org/@babel%2ftemplate cache-miss
1403 silly fetch manifest @babel/traverse@^7.29.0
1404 silly packumentCache full:https://registry.npmjs.org/@babel%2ftraverse cache-hit
1405 silly fetch manifest @babel/generator@^7.29.0
1406 silly packumentCache full:https://registry.npmjs.org/@babel%2fgenerator cache-hit
1407 silly fetch manifest convert-source-map@^2.0.0
1408 silly packumentCache full:https://registry.npmjs.org/convert-source-map cache-miss
1409 silly fetch manifest @jridgewell/remapping@^2.3.5
1410 silly packumentCache full:https://registry.npmjs.org/@jridgewell%2fremapping cache-miss
1411 http cache https://registry.npmjs.org/@babel%2fparser 14ms (cache hit)
1412 silly packumentCache full:https://registry.npmjs.org/@babel%2fparser set size:718758 disposed:false
1413 silly fetch manifest @babel/helper-module-transforms@^7.28.6
1414 silly packumentCache full:https://registry.npmjs.org/@babel%2fhelper-module-transforms cache-miss
1415 http cache https://registry.npmjs.org/@babel%2ftypes 22ms (cache hit)
1416 silly packumentCache full:https://registry.npmjs.org/@babel%2ftypes set size:487885 disposed:false
1417 silly fetch manifest @babel/helper-compilation-targets@^7.28.6
1418 silly packumentCache full:https://registry.npmjs.org/@babel%2fhelper-compilation-targets cache-miss
1419 http cache https://registry.npmjs.org/@babel%2ftemplate 25ms (cache hit)
1420 silly packumentCache full:https://registry.npmjs.org/@babel%2ftemplate set size:227169 disposed:false
1421 silly fetch manifest jsesc@^3.0.2
1422 silly packumentCache full:https://registry.npmjs.org/jsesc cache-miss
1423 http fetch GET 200 https://registry.npmjs.org/convert-source-map 49ms (cache miss)
1424 silly packumentCache full:https://registry.npmjs.org/convert-source-map set size:undefined disposed:false
1425 silly fetch manifest @jridgewell/gen-mapping@^0.3.12
1426 silly packumentCache full:https://registry.npmjs.org/@jridgewell%2fgen-mapping cache-miss
1427 http fetch GET 200 https://registry.npmjs.org/gensync 65ms (cache miss)
1428 silly packumentCache full:https://registry.npmjs.org/gensync set size:undefined disposed:false
1429 silly fetch manifest @jridgewell/trace-mapping@^0.3.28
1430 silly packumentCache full:https://registry.npmjs.org/@jridgewell%2ftrace-mapping cache-miss
1431 http fetch GET 200 https://registry.npmjs.org/@jridgewell%2fremapping 73ms (cache miss)
1432 silly packumentCache full:https://registry.npmjs.org/@jridgewell%2fremapping set size:undefined disposed:false
1433 silly fetch manifest baseline-browser-mapping@^2.10.12
1434 silly packumentCache full:https://registry.npmjs.org/baseline-browser-mapping cache-miss
1435 http fetch GET 200 https://registry.npmjs.org/@babel%2fhelpers 82ms (cache miss)
1436 silly packumentCache full:https://registry.npmjs.org/@babel%2fhelpers set size:undefined disposed:false
1437 silly fetch manifest caniuse-lite@^1.0.30001782
1438 silly packumentCache full:https://registry.npmjs.org/caniuse-lite cache-miss
1439 http fetch GET 200 https://registry.npmjs.org/@babel%2fhelper-module-transforms 74ms (cache miss)
1440 silly packumentCache full:https://registry.npmjs.org/@babel%2fhelper-module-transforms set size:undefined disposed:false
1441 silly fetch manifest electron-to-chromium@^1.5.328
1442 silly packumentCache full:https://registry.npmjs.org/electron-to-chromium cache-miss
1443 http fetch GET 200 https://registry.npmjs.org/jsesc 68ms (cache miss)
1444 silly packumentCache full:https://registry.npmjs.org/jsesc set size:undefined disposed:false
1445 silly fetch manifest node-releases@^2.0.36
1446 silly packumentCache full:https://registry.npmjs.org/node-releases cache-miss
1447 http fetch GET 200 https://registry.npmjs.org/@babel%2fhelper-compilation-targets 78ms (cache miss)
1448 silly packumentCache full:https://registry.npmjs.org/@babel%2fhelper-compilation-targets set size:undefined disposed:false
1449 silly fetch manifest update-browserslist-db@^1.2.3
1450 silly packumentCache full:https://registry.npmjs.org/update-browserslist-db cache-miss
1451 http fetch GET 200 https://registry.npmjs.org/@jridgewell%2ftrace-mapping 59ms (cache miss)
1452 silly packumentCache full:https://registry.npmjs.org/@jridgewell%2ftrace-mapping set size:undefined disposed:false
1453 silly fetch manifest hermes-estree@0.32.1
1454 silly packumentCache full:https://registry.npmjs.org/hermes-estree cache-miss
1455 http fetch GET 200 https://registry.npmjs.org/@jridgewell%2fgen-mapping 76ms (cache miss)
1456 silly packumentCache full:https://registry.npmjs.org/@jridgewell%2fgen-mapping set size:undefined disposed:false
1457 silly fetch manifest detect-libc@^2.0.3
1458 silly packumentCache full:https://registry.npmjs.org/detect-libc cache-miss
1459 http fetch GET 200 https://registry.npmjs.org/baseline-browser-mapping 67ms (cache miss)
1460 silly packumentCache full:https://registry.npmjs.org/baseline-browser-mapping set size:undefined disposed:false
1461 silly fetch manifest lightningcss-darwin-x64@1.32.0
1462 silly packumentCache full:https://registry.npmjs.org/lightningcss-darwin-x64 cache-miss
1463 http fetch GET 200 https://registry.npmjs.org/update-browserslist-db 63ms (cache miss)
1464 silly packumentCache full:https://registry.npmjs.org/update-browserslist-db set size:undefined disposed:false
1465 silly fetch manifest lightningcss-linux-x64-gnu@1.32.0
1466 silly packumentCache full:https://registry.npmjs.org/lightningcss-linux-x64-gnu cache-miss
1467 http fetch GET 200 https://registry.npmjs.org/node-releases 105ms (cache miss)
1468 silly packumentCache full:https://registry.npmjs.org/node-releases set size:undefined disposed:false
1469 silly fetch manifest lightningcss-win32-x64-msvc@1.32.0
1470 silly packumentCache full:https://registry.npmjs.org/lightningcss-win32-x64-msvc cache-miss
1471 http fetch GET 200 https://registry.npmjs.org/detect-libc 94ms (cache miss)
1472 silly packumentCache full:https://registry.npmjs.org/detect-libc set size:undefined disposed:false
1473 silly fetch manifest lightningcss-win32-arm64-msvc@1.32.0
1474 silly packumentCache full:https://registry.npmjs.org/lightningcss-win32-arm64-msvc cache-miss
1475 http fetch GET 200 https://registry.npmjs.org/caniuse-lite 145ms (cache miss)
1476 silly packumentCache full:https://registry.npmjs.org/caniuse-lite set size:undefined disposed:false
1477 silly fetch manifest lightningcss-darwin-arm64@1.32.0
1478 silly packumentCache full:https://registry.npmjs.org/lightningcss-darwin-arm64 cache-miss
1479 http fetch GET 200 https://registry.npmjs.org/hermes-estree 120ms (cache miss)
1480 silly packumentCache full:https://registry.npmjs.org/hermes-estree set size:undefined disposed:false
1481 silly fetch manifest lightningcss-linux-arm64-gnu@1.32.0
1482 silly packumentCache full:https://registry.npmjs.org/lightningcss-linux-arm64-gnu cache-miss
1483 http fetch GET 200 https://registry.npmjs.org/lightningcss-darwin-x64 107ms (cache miss)
1484 silly packumentCache full:https://registry.npmjs.org/lightningcss-darwin-x64 set size:undefined disposed:false
1485 silly fetch manifest lightningcss-linux-arm-gnueabihf@1.32.0
1486 silly packumentCache full:https://registry.npmjs.org/lightningcss-linux-arm-gnueabihf cache-miss
1487 http fetch GET 200 https://registry.npmjs.org/lightningcss-linux-x64-gnu 91ms (cache miss)
1488 silly packumentCache full:https://registry.npmjs.org/lightningcss-linux-x64-gnu set size:undefined disposed:false
1489 silly fetch manifest lightningcss-linux-arm64-musl@1.32.0
1490 silly packumentCache full:https://registry.npmjs.org/lightningcss-linux-arm64-musl cache-miss
1491 http fetch GET 200 https://registry.npmjs.org/lightningcss-win32-x64-msvc 71ms (cache miss)
1492 silly packumentCache full:https://registry.npmjs.org/lightningcss-win32-x64-msvc set size:undefined disposed:false
1493 silly fetch manifest lightningcss-linux-x64-musl@1.32.0
1494 silly packumentCache full:https://registry.npmjs.org/lightningcss-linux-x64-musl cache-miss
1495 http fetch GET 200 https://registry.npmjs.org/lightningcss-win32-arm64-msvc 62ms (cache miss)
1496 silly packumentCache full:https://registry.npmjs.org/lightningcss-win32-arm64-msvc set size:undefined disposed:false
1497 silly fetch manifest lightningcss-freebsd-x64@1.32.0
1498 silly packumentCache full:https://registry.npmjs.org/lightningcss-freebsd-x64 cache-miss
1499 http fetch GET 200 https://registry.npmjs.org/lightningcss-linux-arm-gnueabihf 52ms (cache miss)
1500 silly packumentCache full:https://registry.npmjs.org/lightningcss-linux-arm-gnueabihf set size:undefined disposed:false
1501 silly fetch manifest lightningcss-android-arm64@1.32.0
1502 silly packumentCache full:https://registry.npmjs.org/lightningcss-android-arm64 cache-miss
1503 http fetch GET 200 https://registry.npmjs.org/lightningcss-linux-arm64-gnu 63ms (cache miss)
1504 silly packumentCache full:https://registry.npmjs.org/lightningcss-linux-arm64-gnu set size:undefined disposed:false
1505 silly fetch manifest nanoid@^3.3.7
1506 silly packumentCache full:https://registry.npmjs.org/nanoid cache-miss
1507 http fetch GET 200 https://registry.npmjs.org/electron-to-chromium 220ms (cache miss)
1508 silly packumentCache full:https://registry.npmjs.org/electron-to-chromium set size:undefined disposed:false
1509 silly fetch manifest source-map-js@^1.2.1
1510 silly packumentCache full:https://registry.npmjs.org/source-map-js cache-miss
1511 http fetch GET 200 https://registry.npmjs.org/lightningcss-linux-arm64-musl 84ms (cache miss)
1512 silly packumentCache full:https://registry.npmjs.org/lightningcss-linux-arm64-musl set size:undefined disposed:false
1513 http fetch GET 200 https://registry.npmjs.org/lightningcss-darwin-arm64 103ms (cache miss)
1514 silly packumentCache full:https://registry.npmjs.org/lightningcss-darwin-arm64 set size:undefined disposed:false
1515 http fetch GET 200 https://registry.npmjs.org/lightningcss-android-arm64 41ms (cache miss)
1516 silly packumentCache full:https://registry.npmjs.org/lightningcss-android-arm64 set size:undefined disposed:false
1517 http fetch GET 200 https://registry.npmjs.org/lightningcss-linux-x64-musl 74ms (cache miss)
1518 silly packumentCache full:https://registry.npmjs.org/lightningcss-linux-x64-musl set size:undefined disposed:false
1519 http fetch GET 200 https://registry.npmjs.org/lightningcss-freebsd-x64 64ms (cache miss)
1520 silly packumentCache full:https://registry.npmjs.org/lightningcss-freebsd-x64 set size:undefined disposed:false
1521 http fetch GET 200 https://registry.npmjs.org/nanoid 53ms (cache miss)
1522 silly packumentCache full:https://registry.npmjs.org/nanoid set size:undefined disposed:false
1523 http fetch GET 200 https://registry.npmjs.org/source-map-js 46ms (cache miss)
1524 silly packumentCache full:https://registry.npmjs.org/source-map-js set size:undefined disposed:false
1525 silly fetch manifest @babel/core@^7.0.0
1526 silly packumentCache full:https://registry.npmjs.org/@babel%2fcore cache-hit
1527 silly placeDep ROOT @babel/helper-compilation-targets@7.28.6 OK for: @babel/core@7.29.0 want: ^7.28.6
1528 silly placeDep ROOT @babel/helper-module-transforms@7.28.6 OK for: @babel/core@7.29.0 want: ^7.28.6
1529 silly placeDep ROOT @babel/helpers@7.29.2 OK for: @babel/core@7.29.0 want: ^7.28.6
1530 silly placeDep ROOT @babel/parser@7.29.2 OK for: @babel/core@7.29.0 want: ^7.29.0
1531 silly placeDep ROOT @babel/template@7.28.6 OK for: @babel/core@7.29.0 want: ^7.28.6
1532 silly placeDep ROOT @babel/traverse@7.29.0 OK for: @babel/core@7.29.0 want: ^7.29.0
1533 silly placeDep ROOT @babel/types@7.29.0 OK for: @babel/core@7.29.0 want: ^7.29.0
1534 silly placeDep ROOT @jridgewell/remapping@2.3.5 OK for: @babel/core@7.29.0 want: ^2.3.5
1535 silly placeDep ROOT convert-source-map@2.0.0 OK for: @babel/core@7.29.0 want: ^2.0.0
1536 silly placeDep ROOT gensync@1.0.0-beta.2 OK for: @babel/core@7.29.0 want: ^1.0.0-beta.2
1537 silly placeDep node_modules/@babel/core semver@6.3.1 OK for: @babel/core@7.29.0 want: ^6.3.1
1538 silly fetch manifest lru-cache@^5.1.1
1539 silly packumentCache full:https://registry.npmjs.org/lru-cache cache-miss
1540 silly fetch manifest @babel/compat-data@^7.28.6
1541 silly packumentCache full:https://registry.npmjs.org/@babel%2fcompat-data cache-miss
1542 silly fetch manifest @babel/helper-validator-option@^7.27.1
1543 silly packumentCache full:https://registry.npmjs.org/@babel%2fhelper-validator-option cache-miss
1544 silly fetch manifest @babel/traverse@^7.28.6
1545 silly packumentCache full:https://registry.npmjs.org/@babel%2ftraverse cache-hit
1546 silly fetch manifest @babel/helper-module-imports@^7.28.6
1547 silly packumentCache full:https://registry.npmjs.org/@babel%2fhelper-module-imports cache-miss
1548 silly fetch manifest @babel/types@^7.28.6
1549 silly packumentCache full:https://registry.npmjs.org/@babel%2ftypes cache-hit
1550 silly fetch manifest @babel/helper-globals@^7.28.0
1551 silly packumentCache full:https://registry.npmjs.org/@babel%2fhelper-globals cache-miss
1552 silly fetch manifest @babel/helper-string-parser@^7.27.1
1553 silly packumentCache full:https://registry.npmjs.org/@babel%2fhelper-string-parser cache-miss
1554 silly fetch manifest @jridgewell/gen-mapping@^0.3.5
1555 silly packumentCache full:https://registry.npmjs.org/@jridgewell%2fgen-mapping cache-miss
1556 http cache https://registry.npmjs.org/@babel%2fhelper-module-imports 14ms (cache hit)
1557 silly packumentCache full:https://registry.npmjs.org/@babel%2fhelper-module-imports set size:193449 disposed:false
1558 silly fetch manifest @jridgewell/trace-mapping@^0.3.24
1559 silly packumentCache full:https://registry.npmjs.org/@jridgewell%2ftrace-mapping cache-miss
1560 http cache https://registry.npmjs.org/@jridgewell%2fgen-mapping 15ms (cache hit)
1561 silly packumentCache full:https://registry.npmjs.org/@jridgewell%2fgen-mapping set size:80719 disposed:false
1562 http cache https://registry.npmjs.org/@jridgewell%2ftrace-mapping 10ms (cache hit)
1563 silly packumentCache full:https://registry.npmjs.org/@jridgewell%2ftrace-mapping set size:170909 disposed:false
1564 http fetch GET 200 https://registry.npmjs.org/@babel%2fhelper-globals 89ms (cache miss)
1565 silly packumentCache full:https://registry.npmjs.org/@babel%2fhelper-globals set size:undefined disposed:false
1566 http fetch GET 200 https://registry.npmjs.org/@babel%2fhelper-string-parser 92ms (cache miss)
1567 silly packumentCache full:https://registry.npmjs.org/@babel%2fhelper-string-parser set size:undefined disposed:false
1568 http fetch GET 200 https://registry.npmjs.org/@babel%2fhelper-validator-option 98ms (cache miss)
1569 silly packumentCache full:https://registry.npmjs.org/@babel%2fhelper-validator-option set size:undefined disposed:false
1570 http fetch GET 200 https://registry.npmjs.org/lru-cache 101ms (cache miss)
1571 silly packumentCache full:https://registry.npmjs.org/lru-cache set size:undefined disposed:false
1572 http fetch GET 200 https://registry.npmjs.org/@babel%2fcompat-data 107ms (cache miss)
1573 silly packumentCache full:https://registry.npmjs.org/@babel%2fcompat-data set size:undefined disposed:false
1574 silly placeDep ROOT @jridgewell/gen-mapping@0.3.13 OK for: @babel/generator@7.29.1 want: ^0.3.12
1575 silly placeDep ROOT @jridgewell/trace-mapping@0.3.31 OK for: @babel/generator@7.29.1 want: ^0.3.28
1576 silly placeDep ROOT jsesc@3.1.0 OK for: @babel/generator@7.29.1 want: ^3.0.2
1577 silly fetch manifest @jridgewell/sourcemap-codec@^1.5.0
1578 silly packumentCache full:https://registry.npmjs.org/@jridgewell%2fsourcemap-codec cache-miss
1579 silly fetch manifest @jridgewell/resolve-uri@^3.1.0
1580 silly packumentCache full:https://registry.npmjs.org/@jridgewell%2fresolve-uri cache-miss
1581 silly fetch manifest @jridgewell/sourcemap-codec@^1.4.14
1582 silly packumentCache full:https://registry.npmjs.org/@jridgewell%2fsourcemap-codec cache-miss
1583 http fetch GET 200 https://registry.npmjs.org/@jridgewell%2fsourcemap-codec 63ms (cache miss)
1584 silly packumentCache full:https://registry.npmjs.org/@jridgewell%2fsourcemap-codec set size:undefined disposed:false
1585 http fetch GET 200 https://registry.npmjs.org/@jridgewell%2fresolve-uri 64ms (cache miss)
1586 silly packumentCache full:https://registry.npmjs.org/@jridgewell%2fresolve-uri set size:undefined disposed:false
1587 http fetch GET 200 https://registry.npmjs.org/@jridgewell%2fsourcemap-codec 89ms (cache miss)
1588 silly packumentCache full:https://registry.npmjs.org/@jridgewell%2fsourcemap-codec set size:undefined disposed:false
1589 silly placeDep ROOT @babel/compat-data@7.29.0 OK for: @babel/helper-compilation-targets@7.28.6 want: ^7.28.6
1590 silly placeDep ROOT @babel/helper-validator-option@7.27.1 OK for: @babel/helper-compilation-targets@7.28.6 want: ^7.27.1
1591 silly placeDep ROOT lru-cache@5.1.1 OK for: @babel/helper-compilation-targets@7.28.6 want: ^5.1.1
1592 silly placeDep node_modules/@babel/helper-compilation-targets semver@6.3.1 OK for: @babel/helper-compilation-targets@7.28.6 want: ^6.3.1
1593 silly fetch manifest yallist@^3.0.2
1594 silly packumentCache full:https://registry.npmjs.org/yallist cache-miss
1595 http fetch GET 200 https://registry.npmjs.org/yallist 39ms (cache miss)
1596 silly packumentCache full:https://registry.npmjs.org/yallist set size:undefined disposed:false
1597 silly placeDep ROOT @babel/helper-module-imports@7.28.6 OK for: @babel/helper-module-transforms@7.28.6 want: ^7.28.6
1598 silly placeDep ROOT @babel/helper-globals@7.28.0 OK for: @babel/traverse@7.29.0 want: ^7.28.0
1599 silly placeDep ROOT @babel/helper-string-parser@7.27.1 OK for: @babel/types@7.29.0 want: ^7.27.1
1600 silly placeDep ROOT @xmldom/xmldom@0.8.12 OK for: @expo/plist@0.5.2 want: ^0.8.8
1601 silly placeDep ROOT base64-js@1.5.1 OK for: @expo/plist@0.5.2 want: ^1.5.1
1602 silly placeDep ROOT xmlbuilder@15.1.1 OK for: @expo/plist@0.5.2 want: ^15.1.1
1603 silly placeDep ROOT @react-native/normalize-colors@0.83.4 OK for: @expo/prebuild-config@55.0.11 want: 0.83.4
1604 silly placeDep ROOT @babel/plugin-transform-modules-commonjs@7.28.6 OK for: @expo/require-utils@55.0.3 want: ^7.24.8
1605 silly fetch manifest @babel/helper-plugin-utils@^7.28.6
1606 silly packumentCache full:https://registry.npmjs.org/@babel%2fhelper-plugin-utils cache-miss
1607 http fetch GET 200 https://registry.npmjs.org/@babel%2fhelper-plugin-utils 65ms (cache miss)
1608 silly packumentCache full:https://registry.npmjs.org/@babel%2fhelper-plugin-utils set size:undefined disposed:false
1609 silly placeDep ROOT @babel/helper-plugin-utils@7.28.6 OK for: @babel/plugin-transform-modules-commonjs@7.28.6 want: ^7.28.6
1610 silly placeDep ROOT cross-spawn@7.0.6 OK for: @expo/spawn-async@1.7.2 want: ^7.0.3
1611 silly fetch manifest which@^2.0.1
1612 silly packumentCache full:https://registry.npmjs.org/which cache-miss
1613 silly fetch manifest path-key@^3.1.0
1614 silly packumentCache full:https://registry.npmjs.org/path-key cache-miss
1615 silly fetch manifest shebang-command@^2.0.0
1616 silly packumentCache full:https://registry.npmjs.org/shebang-command cache-miss
1617 http fetch GET 200 https://registry.npmjs.org/shebang-command 46ms (cache miss)
1618 silly packumentCache full:https://registry.npmjs.org/shebang-command set size:undefined disposed:false
1619 http fetch GET 200 https://registry.npmjs.org/which 47ms (cache miss)
1620 silly packumentCache full:https://registry.npmjs.org/which set size:undefined disposed:false
1621 http fetch GET 200 https://registry.npmjs.org/path-key 49ms (cache miss)
1622 silly packumentCache full:https://registry.npmjs.org/path-key set size:undefined disposed:false
1623 silly placeDep ROOT js-yaml@4.1.1 OK for: @expo/xcpretty@4.4.1 want: ^4.1.0
1624 silly fetch manifest argparse@^2.0.1
1625 silly packumentCache full:https://registry.npmjs.org/argparse cache-miss
1626 http fetch GET 200 https://registry.npmjs.org/argparse 47ms (cache miss)
1627 silly packumentCache full:https://registry.npmjs.org/argparse set size:undefined disposed:false
1628 silly placeDep ROOT @jridgewell/sourcemap-codec@1.5.5 OK for: @jridgewell/gen-mapping@0.3.13 want: ^1.5.0
1629 silly placeDep ROOT @jridgewell/resolve-uri@3.1.2 OK for: @jridgewell/trace-mapping@0.3.31 want: ^3.1.0
1630 silly fetch manifest utf-8-validate@^5.0.2
1631 silly packumentCache full:https://registry.npmjs.org/utf-8-validate cache-miss
1632 http cache https://registry.npmjs.org/utf-8-validate 4ms (cache hit)
1633 silly packumentCache full:https://registry.npmjs.org/utf-8-validate set size:77148 disposed:false
1634 silly placeDep ROOT @isaacs/ttlcache@1.4.1 OK for: @react-native/dev-middleware@0.83.4 want: ^1.4.1
1635 silly placeDep ROOT @react-native/debugger-frontend@0.83.4 OK for: @react-native/dev-middleware@0.83.4 want: 0.83.4
1636 silly placeDep ROOT @react-native/debugger-shell@0.83.4 OK for: @react-native/dev-middleware@0.83.4 want: 0.83.4
1637 silly placeDep ROOT chrome-launcher@0.15.2 OK for: @react-native/dev-middleware@0.83.4 want: ^0.15.2
1638 silly placeDep ROOT chromium-edge-launcher@0.2.0 OK for: @react-native/dev-middleware@0.83.4 want: ^0.2.0
1639 silly placeDep ROOT invariant@2.2.4 OK for: @react-native/dev-middleware@0.83.4 want: ^2.2.4
1640 silly placeDep ROOT nullthrows@1.1.1 OK for: @react-native/dev-middleware@0.83.4 want: ^1.1.1
1641 silly placeDep ROOT open@7.4.2 OK for: @react-native/dev-middleware@0.83.4 want: ^7.0.3
1642 silly placeDep ROOT serve-static@1.16.3 OK for: @react-native/dev-middleware@0.83.4 want: ^1.16.2
1643 silly placeDep node_modules/@react-native/dev-middleware ws@7.5.10 OK for: @react-native/dev-middleware@0.83.4 want: ^7.5.10
1644 silly fetch manifest fb-dotslash@0.5.8
1645 silly packumentCache full:https://registry.npmjs.org/fb-dotslash cache-miss
1646 silly fetch manifest is-wsl@^2.2.0
1647 silly packumentCache full:https://registry.npmjs.org/is-wsl cache-miss
1648 silly fetch manifest @types/node@*
1649 silly packumentCache full:https://registry.npmjs.org/@types%2fnode cache-miss
1650 silly fetch manifest lighthouse-logger@^1.0.0
1651 silly packumentCache full:https://registry.npmjs.org/lighthouse-logger cache-miss
1652 silly fetch manifest escape-string-regexp@^4.0.0
1653 silly packumentCache full:https://registry.npmjs.org/escape-string-regexp cache-miss
1654 silly fetch manifest @types/node@*
1655 silly packumentCache full:https://registry.npmjs.org/@types%2fnode cache-miss
1656 silly fetch manifest escape-string-regexp@^4.0.0
1657 silly packumentCache full:https://registry.npmjs.org/escape-string-regexp cache-miss
1658 http fetch GET 200 https://registry.npmjs.org/is-wsl 59ms (cache miss)
1659 silly packumentCache full:https://registry.npmjs.org/is-wsl set size:undefined disposed:false
1660 silly fetch manifest lighthouse-logger@^1.0.0
1661 silly packumentCache full:https://registry.npmjs.org/lighthouse-logger cache-miss
1662 http fetch GET 200 https://registry.npmjs.org/lighthouse-logger 61ms (cache miss)
1663 silly packumentCache full:https://registry.npmjs.org/lighthouse-logger set size:undefined disposed:false
1664 silly fetch manifest mkdirp@^1.0.4
1665 silly packumentCache full:https://registry.npmjs.org/mkdirp cache-miss
1666 http fetch GET 200 https://registry.npmjs.org/escape-string-regexp 61ms (cache miss)
1667 silly packumentCache full:https://registry.npmjs.org/escape-string-regexp set size:undefined disposed:false
1668 silly fetch manifest rimraf@^3.0.2
1669 silly packumentCache full:https://registry.npmjs.org/rimraf cache-miss
1670 http fetch GET 200 https://registry.npmjs.org/fb-dotslash 67ms (cache miss)
1671 silly packumentCache full:https://registry.npmjs.org/fb-dotslash set size:undefined disposed:false
1672 silly fetch manifest loose-envify@^1.0.0
1673 silly packumentCache full:https://registry.npmjs.org/loose-envify cache-miss
1674 http fetch GET 200 https://registry.npmjs.org/escape-string-regexp 69ms (cache miss)
1675 silly packumentCache full:https://registry.npmjs.org/escape-string-regexp set size:undefined disposed:false
1676 silly fetch manifest is-wsl@^2.1.1
1677 silly packumentCache full:https://registry.npmjs.org/is-wsl cache-miss
1678 http cache https://registry.npmjs.org/lighthouse-logger 16ms (cache hit)
1679 silly packumentCache full:https://registry.npmjs.org/lighthouse-logger set size:19412 disposed:false
1680 silly fetch manifest is-docker@^2.0.0
1681 silly packumentCache full:https://registry.npmjs.org/is-docker cache-miss
1682 http cache https://registry.npmjs.org/is-wsl 10ms (cache hit)
1683 silly packumentCache full:https://registry.npmjs.org/is-wsl set size:20683 disposed:false
1684 http fetch GET 200 https://registry.npmjs.org/mkdirp 113ms (cache miss)
1685 silly packumentCache full:https://registry.npmjs.org/mkdirp set size:undefined disposed:false
1686 http fetch GET 200 https://registry.npmjs.org/loose-envify 110ms (cache miss)
1687 silly packumentCache full:https://registry.npmjs.org/loose-envify set size:undefined disposed:false
1688 http fetch GET 200 https://registry.npmjs.org/rimraf 122ms (cache miss)
1689 silly packumentCache full:https://registry.npmjs.org/rimraf set size:undefined disposed:false
1690 http fetch GET 200 https://registry.npmjs.org/is-docker 119ms (cache miss)
1691 silly packumentCache full:https://registry.npmjs.org/is-docker set size:undefined disposed:false
1692 http fetch GET 200 https://registry.npmjs.org/@types%2fnode 266ms (cache miss)
1693 silly packumentCache full:https://registry.npmjs.org/@types%2fnode set size:undefined disposed:false
1694 http fetch GET 200 https://registry.npmjs.org/@types%2fnode 381ms (cache miss)
1695 silly packumentCache full:https://registry.npmjs.org/@types%2fnode set size:undefined disposed:false
1696 silly placeDep ROOT fb-dotslash@0.5.8 OK for: @react-native/debugger-shell@0.83.4 want: 0.5.8
1697 silly placeDep ROOT mime-types@2.1.35 OK for: accepts@1.3.8 want: ~2.1.34
1698 silly placeDep ROOT negotiator@0.6.3 OK for: accepts@1.3.8 want: 0.6.3
1699 silly fetch manifest mime-db@1.52.0
1700 silly packumentCache full:https://registry.npmjs.org/mime-db cache-miss
1701 http fetch GET 200 https://registry.npmjs.org/mime-db 58ms (cache miss)
1702 silly packumentCache full:https://registry.npmjs.org/mime-db set size:undefined disposed:false
1703 silly fetch manifest @babel/core@^7.0.0-0
1704 silly packumentCache full:https://registry.npmjs.org/@babel%2fcore cache-hit
1705 silly fetch manifest @babel/core@^7.12.0
1706 silly packumentCache full:https://registry.npmjs.org/@babel%2fcore cache-hit
1707 silly placeDep ROOT @babel/plugin-proposal-decorators@7.29.0 OK for: babel-preset-expo@55.0.13 want: ^7.12.9
1708 silly placeDep ROOT @babel/plugin-proposal-export-default-from@7.27.1 OK for: babel-preset-expo@55.0.13 want: ^7.24.7
1709 silly placeDep ROOT @babel/plugin-syntax-export-default-from@7.28.6 OK for: babel-preset-expo@55.0.13 want: ^7.24.7
1710 silly placeDep ROOT @babel/plugin-transform-class-static-block@7.28.6 OK for: babel-preset-expo@55.0.13 want: ^7.27.1
1711 silly placeDep ROOT @babel/plugin-transform-export-namespace-from@7.27.1 OK for: babel-preset-expo@55.0.13 want: ^7.25.9
1712 silly placeDep ROOT @babel/plugin-transform-flow-strip-types@7.27.1 OK for: babel-preset-expo@55.0.13 want: ^7.25.2
1713 silly placeDep ROOT @babel/plugin-transform-object-rest-spread@7.28.6 OK for: babel-preset-expo@55.0.13 want: ^7.24.7
1714 silly placeDep ROOT @babel/plugin-transform-parameters@7.27.7 OK for: babel-preset-expo@55.0.13 want: ^7.24.7
1715 silly placeDep ROOT @babel/plugin-transform-private-methods@7.28.6 OK for: babel-preset-expo@55.0.13 want: ^7.24.7
1716 silly placeDep ROOT @babel/plugin-transform-private-property-in-object@7.28.6 OK for: babel-preset-expo@55.0.13 want: ^7.24.7
1717 silly placeDep ROOT @babel/plugin-transform-runtime@7.29.0 OK for: babel-preset-expo@55.0.13 want: ^7.24.7
1718 silly placeDep ROOT @babel/preset-react@7.28.5 OK for: babel-preset-expo@55.0.13 want: ^7.22.15
1719 silly placeDep ROOT @babel/preset-typescript@7.28.5 OK for: babel-preset-expo@55.0.13 want: ^7.23.0
1720 silly placeDep ROOT @react-native/babel-preset@0.83.4 OK for: babel-preset-expo@55.0.13 want: 0.83.4
1721 silly placeDep ROOT babel-plugin-react-compiler@1.0.0 OK for: babel-preset-expo@55.0.13 want: ^1.0.0
1722 silly placeDep ROOT babel-plugin-react-native-web@0.21.2 OK for: babel-preset-expo@55.0.13 want: ~0.21.0
1723 silly placeDep ROOT babel-plugin-syntax-hermes-parser@0.32.1 OK for: babel-preset-expo@55.0.13 want: ^0.32.0
1724 silly placeDep ROOT babel-plugin-transform-flow-enums@0.0.2 OK for: babel-preset-expo@55.0.13 want: ^0.0.2
1725 silly fetch manifest @babel/plugin-syntax-decorators@^7.28.6
1726 silly packumentCache full:https://registry.npmjs.org/@babel%2fplugin-syntax-decorators cache-miss
1727 silly fetch manifest @babel/helper-create-class-features-plugin@^7.28.6
1728 silly packumentCache full:https://registry.npmjs.org/@babel%2fhelper-create-class-features-plugin cache-miss
1729 silly fetch manifest @babel/helper-create-class-features-plugin@^7.28.6
1730 silly packumentCache full:https://registry.npmjs.org/@babel%2fhelper-create-class-features-plugin cache-miss
1731 silly fetch manifest @babel/plugin-syntax-flow@^7.27.1
1732 silly packumentCache full:https://registry.npmjs.org/@babel%2fplugin-syntax-flow cache-miss
1733 silly fetch manifest @babel/plugin-transform-parameters@^7.27.7
1734 silly packumentCache full:https://registry.npmjs.org/@babel%2fplugin-transform-parameters cache-miss
1735 silly fetch manifest @babel/plugin-transform-destructuring@^7.28.5
1736 silly packumentCache full:https://registry.npmjs.org/@babel%2fplugin-transform-destructuring cache-miss
1737 silly fetch manifest @babel/helper-create-class-features-plugin@^7.28.6
1738 silly packumentCache full:https://registry.npmjs.org/@babel%2fhelper-create-class-features-plugin cache-miss
1739 http cache https://registry.npmjs.org/@babel%2fplugin-transform-parameters 8ms (cache hit)
1740 silly packumentCache full:https://registry.npmjs.org/@babel%2fplugin-transform-parameters set size:269382 disposed:false
1741 silly fetch manifest @babel/helper-annotate-as-pure@^7.27.3
1742 silly packumentCache full:https://registry.npmjs.org/@babel%2fhelper-annotate-as-pure cache-miss
1743 http fetch GET 200 https://registry.npmjs.org/@babel%2fplugin-syntax-decorators 66ms (cache miss)
1744 silly packumentCache full:https://registry.npmjs.org/@babel%2fplugin-syntax-decorators set size:undefined disposed:false
1745 silly fetch manifest @babel/helper-create-class-features-plugin@^7.28.6
1746 silly packumentCache full:https://registry.npmjs.org/@babel%2fhelper-create-class-features-plugin cache-miss
1747 http fetch GET 200 https://registry.npmjs.org/@babel%2fhelper-create-class-features-plugin 79ms (cache miss)
1748 silly packumentCache full:https://registry.npmjs.org/@babel%2fhelper-create-class-features-plugin set size:undefined disposed:false
1749 silly fetch manifest babel-plugin-polyfill-corejs2@^0.4.14
1750 silly packumentCache full:https://registry.npmjs.org/babel-plugin-polyfill-corejs2 cache-miss
1751 http fetch GET 200 https://registry.npmjs.org/@babel%2fhelper-create-class-features-plugin 85ms (cache miss)
1752 silly packumentCache full:https://registry.npmjs.org/@babel%2fhelper-create-class-features-plugin set size:undefined disposed:false
1753 silly fetch manifest babel-plugin-polyfill-corejs3@^0.13.0
1754 silly packumentCache full:https://registry.npmjs.org/babel-plugin-polyfill-corejs3 cache-miss
1755 http fetch GET 200 https://registry.npmjs.org/@babel%2fplugin-syntax-flow 89ms (cache miss)
1756 silly packumentCache full:https://registry.npmjs.org/@babel%2fplugin-syntax-flow set size:undefined disposed:false
1757 silly fetch manifest babel-plugin-polyfill-regenerator@^0.6.5
1758 silly packumentCache full:https://registry.npmjs.org/babel-plugin-polyfill-regenerator cache-miss
1759 http fetch GET 200 https://registry.npmjs.org/@babel%2fhelper-create-class-features-plugin 94ms (cache miss)
1760 silly packumentCache full:https://registry.npmjs.org/@babel%2fhelper-create-class-features-plugin set size:undefined disposed:false
1761 silly fetch manifest @babel/plugin-transform-react-jsx@^7.27.1
1762 silly packumentCache full:https://registry.npmjs.org/@babel%2fplugin-transform-react-jsx cache-miss
1763 http fetch GET 200 https://registry.npmjs.org/@babel%2fhelper-annotate-as-pure 91ms (cache miss)
1764 silly packumentCache full:https://registry.npmjs.org/@babel%2fhelper-annotate-as-pure set size:undefined disposed:false
1765 silly fetch manifest @babel/plugin-transform-react-display-name@^7.28.0
1766 silly packumentCache full:https://registry.npmjs.org/@babel%2fplugin-transform-react-display-name cache-miss
1767 http fetch GET 200 https://registry.npmjs.org/@babel%2fplugin-transform-destructuring 108ms (cache miss)
1768 silly packumentCache full:https://registry.npmjs.org/@babel%2fplugin-transform-destructuring set size:undefined disposed:false
1769 silly fetch manifest @babel/plugin-transform-react-jsx-development@^7.27.1
1770 silly packumentCache full:https://registry.npmjs.org/@babel%2fplugin-transform-react-jsx-development cache-miss
1771 http fetch GET 200 https://registry.npmjs.org/@babel%2fhelper-create-class-features-plugin 58ms (cache miss)
1772 silly packumentCache full:https://registry.npmjs.org/@babel%2fhelper-create-class-features-plugin set size:undefined disposed:false
1773 silly fetch manifest @babel/plugin-transform-react-pure-annotations@^7.27.1
1774 silly packumentCache full:https://registry.npmjs.org/@babel%2fplugin-transform-react-pure-annotations cache-miss
1775 http fetch GET 200 https://registry.npmjs.org/babel-plugin-polyfill-corejs2 48ms (cache miss)
1776 silly packumentCache full:https://registry.npmjs.org/babel-plugin-polyfill-corejs2 set size:undefined disposed:false
1777 silly fetch manifest @babel/plugin-syntax-jsx@^7.27.1
1778 silly packumentCache full:https://registry.npmjs.org/@babel%2fplugin-syntax-jsx cache-miss
1779 http fetch GET 200 https://registry.npmjs.org/babel-plugin-polyfill-corejs3 50ms (cache miss)
1780 silly packumentCache full:https://registry.npmjs.org/babel-plugin-polyfill-corejs3 set size:undefined disposed:false
1781 silly fetch manifest @babel/plugin-transform-typescript@^7.28.5
1782 silly packumentCache full:https://registry.npmjs.org/@babel%2fplugin-transform-typescript cache-miss
1783 http fetch GET 200 https://registry.npmjs.org/babel-plugin-polyfill-regenerator 52ms (cache miss)
1784 silly packumentCache full:https://registry.npmjs.org/babel-plugin-polyfill-regenerator set size:undefined disposed:false
1785 silly fetch manifest @babel/plugin-transform-for-of@^7.24.7
1786 silly packumentCache full:https://registry.npmjs.org/@babel%2fplugin-transform-for-of cache-miss
1787 http fetch GET 200 https://registry.npmjs.org/@babel%2fplugin-transform-react-display-name 58ms (cache miss)
1788 silly packumentCache full:https://registry.npmjs.org/@babel%2fplugin-transform-react-display-name set size:undefined disposed:false
1789 silly fetch manifest @babel/plugin-transform-spread@^7.24.7
1790 silly packumentCache full:https://registry.npmjs.org/@babel%2fplugin-transform-spread cache-miss
1791 http fetch GET 200 https://registry.npmjs.org/@babel%2fplugin-transform-react-jsx 67ms (cache miss)
1792 silly packumentCache full:https://registry.npmjs.org/@babel%2fplugin-transform-react-jsx set size:undefined disposed:false
1793 silly fetch manifest @babel/plugin-transform-classes@^7.25.4
1794 silly packumentCache full:https://registry.npmjs.org/@babel%2fplugin-transform-classes cache-miss
1795 http fetch GET 200 https://registry.npmjs.org/@babel%2fplugin-transform-react-pure-annotations 53ms (cache miss)
1796 silly packumentCache full:https://registry.npmjs.org/@babel%2fplugin-transform-react-pure-annotations set size:undefined disposed:false
1797 silly fetch manifest @babel/plugin-transform-literals@^7.25.2
1798 silly packumentCache full:https://registry.npmjs.org/@babel%2fplugin-transform-literals cache-miss
1799 http fetch GET 200 https://registry.npmjs.org/@babel%2fplugin-transform-react-jsx-development 76ms (cache miss)
1800 silly packumentCache full:https://registry.npmjs.org/@babel%2fplugin-transform-react-jsx-development set size:undefined disposed:false
1801 silly fetch manifest @babel/plugin-transform-react-jsx@^7.25.2
1802 silly packumentCache full:https://registry.npmjs.org/@babel%2fplugin-transform-react-jsx cache-miss
1803 http fetch GET 200 https://registry.npmjs.org/@babel%2fplugin-syntax-jsx 60ms (cache miss)
1804 silly packumentCache full:https://registry.npmjs.org/@babel%2fplugin-syntax-jsx set size:undefined disposed:false
1805 silly fetch manifest @babel/plugin-transform-typescript@^7.25.2
1806 silly packumentCache full:https://registry.npmjs.org/@babel%2fplugin-transform-typescript cache-miss
1807 http cache https://registry.npmjs.org/@babel%2fplugin-transform-react-jsx 11ms (cache hit)
1808 silly packumentCache full:https://registry.npmjs.org/@babel%2fplugin-transform-react-jsx set size:284411 disposed:false
1809 silly fetch manifest @react-native/babel-plugin-codegen@0.83.4
1810 silly packumentCache full:https://registry.npmjs.org/@react-native%2fbabel-plugin-codegen cache-miss
1811 http fetch GET 200 https://registry.npmjs.org/@babel%2fplugin-transform-typescript 64ms (cache miss)
1812 silly packumentCache full:https://registry.npmjs.org/@babel%2fplugin-transform-typescript set size:undefined disposed:false
1813 silly fetch manifest @babel/plugin-syntax-dynamic-import@^7.8.3
1814 silly packumentCache full:https://registry.npmjs.org/@babel%2fplugin-syntax-dynamic-import cache-miss
1815 http fetch GET 200 https://registry.npmjs.org/@babel%2fplugin-transform-for-of 66ms (cache miss)
1816 silly packumentCache full:https://registry.npmjs.org/@babel%2fplugin-transform-for-of set size:undefined disposed:false
1817 silly fetch manifest @babel/plugin-transform-regenerator@^7.24.7
1818 silly packumentCache full:https://registry.npmjs.org/@babel%2fplugin-transform-regenerator cache-miss
1819 http fetch GET 200 https://registry.npmjs.org/@babel%2fplugin-transform-spread 71ms (cache miss)
1820 silly packumentCache full:https://registry.npmjs.org/@babel%2fplugin-transform-spread set size:undefined disposed:false
1821 silly fetch manifest @babel/plugin-transform-sticky-regex@^7.24.7
1822 silly packumentCache full:https://registry.npmjs.org/@babel%2fplugin-transform-sticky-regex cache-miss
1823 http fetch GET 200 https://registry.npmjs.org/@babel%2fplugin-transform-classes 75ms (cache miss)
1824 silly packumentCache full:https://registry.npmjs.org/@babel%2fplugin-transform-classes set size:undefined disposed:false
1825 silly fetch manifest @babel/plugin-transform-block-scoping@^7.25.0
1826 silly packumentCache full:https://registry.npmjs.org/@babel%2fplugin-transform-block-scoping cache-miss
1827 http fetch GET 200 https://registry.npmjs.org/@babel%2fplugin-transform-literals 67ms (cache miss)
1828 silly packumentCache full:https://registry.npmjs.org/@babel%2fplugin-transform-literals set size:undefined disposed:false
1829 silly fetch manifest @babel/plugin-transform-destructuring@^7.24.8
1830 silly packumentCache full:https://registry.npmjs.org/@babel%2fplugin-transform-destructuring cache-miss
1831 http cache https://registry.npmjs.org/@babel%2fplugin-transform-destructuring 7ms (cache hit)
1832 silly packumentCache full:https://registry.npmjs.org/@babel%2fplugin-transform-destructuring set size:288677 disposed:false
1833 silly fetch manifest @babel/plugin-transform-function-name@^7.25.1
1834 silly packumentCache full:https://registry.npmjs.org/@babel%2fplugin-transform-function-name cache-miss
1835 http fetch GET 200 https://registry.npmjs.org/@babel%2fplugin-transform-typescript 66ms (cache miss)
1836 silly packumentCache full:https://registry.npmjs.org/@babel%2fplugin-transform-typescript set size:undefined disposed:false
1837 silly fetch manifest @babel/plugin-transform-unicode-regex@^7.24.7
1838 silly packumentCache full:https://registry.npmjs.org/@babel%2fplugin-transform-unicode-regex cache-miss
1839 http fetch GET 200 https://registry.npmjs.org/@babel%2fplugin-syntax-dynamic-import 60ms (cache miss)
1840 silly packumentCache full:https://registry.npmjs.org/@babel%2fplugin-syntax-dynamic-import set size:undefined disposed:false
1841 silly fetch manifest @babel/plugin-syntax-optional-chaining@^7.8.3
1842 silly packumentCache full:https://registry.npmjs.org/@babel%2fplugin-syntax-optional-chaining cache-miss
1843 http fetch GET 200 https://registry.npmjs.org/@babel%2fplugin-transform-regenerator 64ms (cache miss)
1844 silly packumentCache full:https://registry.npmjs.org/@babel%2fplugin-transform-regenerator set size:undefined disposed:false
1845 silly fetch manifest @babel/plugin-transform-react-jsx-self@^7.24.7
1846 silly packumentCache full:https://registry.npmjs.org/@babel%2fplugin-transform-react-jsx-self cache-miss
1847 http fetch GET 200 https://registry.npmjs.org/@babel%2fplugin-transform-block-scoping 54ms (cache miss)
1848 silly packumentCache full:https://registry.npmjs.org/@babel%2fplugin-transform-block-scoping set size:undefined disposed:false
1849 silly fetch manifest @babel/plugin-transform-arrow-functions@^7.24.7
1850 silly packumentCache full:https://registry.npmjs.org/@babel%2fplugin-transform-arrow-functions cache-miss
1851 http fetch GET 200 https://registry.npmjs.org/@babel%2fplugin-transform-sticky-regex 74ms (cache miss)
1852 silly packumentCache full:https://registry.npmjs.org/@babel%2fplugin-transform-sticky-regex set size:undefined disposed:false
1853 silly fetch manifest @babel/plugin-transform-class-properties@^7.25.4
1854 silly packumentCache full:https://registry.npmjs.org/@babel%2fplugin-transform-class-properties cache-miss
1855 http fetch GET 200 https://registry.npmjs.org/@babel%2fplugin-transform-function-name 181ms (cache miss)
1856 silly packumentCache full:https://registry.npmjs.org/@babel%2fplugin-transform-function-name set size:undefined disposed:false
1857 silly fetch manifest @babel/plugin-transform-react-jsx-source@^7.24.7
1858 silly packumentCache full:https://registry.npmjs.org/@babel%2fplugin-transform-react-jsx-source cache-miss
1859 http fetch GET 200 https://registry.npmjs.org/@react-native%2fbabel-plugin-codegen 249ms (cache miss)
1860 silly packumentCache full:https://registry.npmjs.org/@react-native%2fbabel-plugin-codegen set size:undefined disposed:false
1861 silly fetch manifest @babel/plugin-transform-numeric-separator@^7.24.7
1862 silly packumentCache full:https://registry.npmjs.org/@babel%2fplugin-transform-numeric-separator cache-miss
1863 http fetch GET 200 https://registry.npmjs.org/@babel%2fplugin-syntax-optional-chaining 203ms (cache miss)
1864 silly packumentCache full:https://registry.npmjs.org/@babel%2fplugin-syntax-optional-chaining set size:undefined disposed:false
1865 silly fetch manifest @babel/plugin-transform-optional-chaining@^7.24.8
1866 silly packumentCache full:https://registry.npmjs.org/@babel%2fplugin-transform-optional-chaining cache-miss
1867 http fetch GET 200 https://registry.npmjs.org/@babel%2fplugin-transform-class-properties 161ms (cache miss)
1868 silly packumentCache full:https://registry.npmjs.org/@babel%2fplugin-transform-class-properties set size:undefined disposed:false
1869 silly fetch manifest @babel/plugin-transform-async-to-generator@^7.24.7
1870 silly packumentCache full:https://registry.npmjs.org/@babel%2fplugin-transform-async-to-generator cache-miss
1871 http fetch GET 200 https://registry.npmjs.org/@babel%2fplugin-transform-react-jsx-self 200ms (cache miss)
1872 silly packumentCache full:https://registry.npmjs.org/@babel%2fplugin-transform-react-jsx-self set size:undefined disposed:false
1873 silly fetch manifest @babel/plugin-transform-react-display-name@^7.24.7
1874 silly packumentCache full:https://registry.npmjs.org/@babel%2fplugin-transform-react-display-name cache-miss
1875 http fetch GET 200 https://registry.npmjs.org/@babel%2fplugin-transform-unicode-regex 217ms (cache miss)
1876 silly packumentCache full:https://registry.npmjs.org/@babel%2fplugin-transform-unicode-regex set size:undefined disposed:false
1877 silly fetch manifest @babel/plugin-transform-computed-properties@^7.24.7
1878 silly packumentCache full:https://registry.npmjs.org/@babel%2fplugin-transform-computed-properties cache-miss
1879 http fetch GET 200 https://registry.npmjs.org/@babel%2fplugin-transform-arrow-functions 182ms (cache miss)
1880 silly packumentCache full:https://registry.npmjs.org/@babel%2fplugin-transform-arrow-functions set size:undefined disposed:false
1881 silly fetch manifest @babel/plugin-transform-shorthand-properties@^7.24.7
1882 silly packumentCache full:https://registry.npmjs.org/@babel%2fplugin-transform-shorthand-properties cache-miss
1883 http cache https://registry.npmjs.org/@babel%2fplugin-transform-react-display-name 14ms (cache hit)
1884 silly packumentCache full:https://registry.npmjs.org/@babel%2fplugin-transform-react-display-name set size:205760 disposed:false
1885 silly fetch manifest @babel/plugin-transform-optional-catch-binding@^7.24.7
1886 silly packumentCache full:https://registry.npmjs.org/@babel%2fplugin-transform-optional-catch-binding cache-miss
1887 http fetch GET 200 https://registry.npmjs.org/@babel%2fplugin-transform-react-jsx-source 71ms (cache miss)
1888 silly packumentCache full:https://registry.npmjs.org/@babel%2fplugin-transform-react-jsx-source set size:undefined disposed:false
1889 silly fetch manifest @babel/plugin-syntax-nullish-coalescing-operator@^7.8.3
1890 silly packumentCache full:https://registry.npmjs.org/@babel%2fplugin-syntax-nullish-coalescing-operator cache-miss
1891 http fetch GET 200 https://registry.npmjs.org/@babel%2fplugin-transform-optional-chaining 54ms (cache miss)
1892 silly packumentCache full:https://registry.npmjs.org/@babel%2fplugin-transform-optional-chaining set size:undefined disposed:false
1893 silly fetch manifest @babel/plugin-transform-async-generator-functions@^7.25.4
1894 silly packumentCache full:https://registry.npmjs.org/@babel%2fplugin-transform-async-generator-functions cache-miss
1895 http fetch GET 200 https://registry.npmjs.org/@babel%2fplugin-transform-computed-properties 54ms (cache miss)
1896 silly packumentCache full:https://registry.npmjs.org/@babel%2fplugin-transform-computed-properties set size:undefined disposed:false
1897 silly fetch manifest @babel/plugin-transform-nullish-coalescing-operator@^7.24.7
1898 silly packumentCache full:https://registry.npmjs.org/@babel%2fplugin-transform-nullish-coalescing-operator cache-miss
1899 http fetch GET 200 https://registry.npmjs.org/@babel%2fplugin-transform-shorthand-properties 59ms (cache miss)
1900 silly packumentCache full:https://registry.npmjs.org/@babel%2fplugin-transform-shorthand-properties set size:undefined disposed:false
1901 silly fetch manifest @babel/plugin-transform-logical-assignment-operators@^7.24.7
1902 silly packumentCache full:https://registry.npmjs.org/@babel%2fplugin-transform-logical-assignment-operators cache-miss
1903 http fetch GET 200 https://registry.npmjs.org/@babel%2fplugin-transform-async-to-generator 75ms (cache miss)
1904 silly packumentCache full:https://registry.npmjs.org/@babel%2fplugin-transform-async-to-generator set size:undefined disposed:false
1905 silly fetch manifest @babel/plugin-transform-named-capturing-groups-regex@^7.24.7
1906 silly packumentCache full:https://registry.npmjs.org/@babel%2fplugin-transform-named-capturing-groups-regex cache-miss
1907 http fetch GET 200 https://registry.npmjs.org/@babel%2fplugin-transform-optional-catch-binding 71ms (cache miss)
1908 silly packumentCache full:https://registry.npmjs.org/@babel%2fplugin-transform-optional-catch-binding set size:undefined disposed:false
1909 silly fetch manifest @babel/plugin-syntax-flow@^7.12.1
1910 silly packumentCache full:https://registry.npmjs.org/@babel%2fplugin-syntax-flow cache-miss
1911 http fetch GET 200 https://registry.npmjs.org/@babel%2fplugin-syntax-nullish-coalescing-operator 54ms (cache miss)
1912 silly packumentCache full:https://registry.npmjs.org/@babel%2fplugin-syntax-nullish-coalescing-operator set size:undefined disposed:false
1913 http cache https://registry.npmjs.org/@babel%2fplugin-syntax-flow 6ms (cache hit)
1914 silly packumentCache full:https://registry.npmjs.org/@babel%2fplugin-syntax-flow set size:188912 disposed:false
1915 http fetch GET 200 https://registry.npmjs.org/@babel%2fplugin-transform-async-generator-functions 71ms (cache miss)
1916 silly packumentCache full:https://registry.npmjs.org/@babel%2fplugin-transform-async-generator-functions set size:undefined disposed:false
1917 http fetch GET 200 https://registry.npmjs.org/@babel%2fplugin-transform-logical-assignment-operators 57ms (cache miss)
1918 silly packumentCache full:https://registry.npmjs.org/@babel%2fplugin-transform-logical-assignment-operators set size:undefined disposed:false
1919 http fetch GET 200 https://registry.npmjs.org/@babel%2fplugin-transform-nullish-coalescing-operator 68ms (cache miss)
1920 silly packumentCache full:https://registry.npmjs.org/@babel%2fplugin-transform-nullish-coalescing-operator set size:undefined disposed:false
1921 http fetch GET 200 https://registry.npmjs.org/@babel%2fplugin-transform-named-capturing-groups-regex 61ms (cache miss)
1922 silly packumentCache full:https://registry.npmjs.org/@babel%2fplugin-transform-named-capturing-groups-regex set size:undefined disposed:false
1923 http fetch GET 200 https://registry.npmjs.org/@babel%2fplugin-transform-numeric-separator 255ms (cache miss)
1924 silly packumentCache full:https://registry.npmjs.org/@babel%2fplugin-transform-numeric-separator set size:undefined disposed:false
1925 silly placeDep ROOT @babel/helper-create-class-features-plugin@7.28.6 OK for: @babel/plugin-proposal-decorators@7.29.0 want: ^7.28.6
1926 silly placeDep ROOT @babel/plugin-syntax-decorators@7.28.6 OK for: @babel/plugin-proposal-decorators@7.29.0 want: ^7.28.6
1927 silly fetch manifest @babel/helper-replace-supers@^7.28.6
1928 silly packumentCache full:https://registry.npmjs.org/@babel%2fhelper-replace-supers cache-miss
1929 silly fetch manifest @babel/helper-optimise-call-expression@^7.27.1
1930 silly packumentCache full:https://registry.npmjs.org/@babel%2fhelper-optimise-call-expression cache-miss
1931 silly fetch manifest @babel/helper-member-expression-to-functions@^7.28.5
1932 silly packumentCache full:https://registry.npmjs.org/@babel%2fhelper-member-expression-to-functions cache-miss
1933 silly fetch manifest @babel/helper-skip-transparent-expression-wrappers@^7.27.1
1934 silly packumentCache full:https://registry.npmjs.org/@babel%2fhelper-skip-transparent-expression-wrappers cache-miss
1935 http fetch GET 200 https://registry.npmjs.org/@babel%2fhelper-skip-transparent-expression-wrappers 59ms (cache miss)
1936 silly packumentCache full:https://registry.npmjs.org/@babel%2fhelper-skip-transparent-expression-wrappers set size:undefined disposed:false
1937 http fetch GET 200 https://registry.npmjs.org/@babel%2fhelper-optimise-call-expression 66ms (cache miss)
1938 silly packumentCache full:https://registry.npmjs.org/@babel%2fhelper-optimise-call-expression set size:undefined disposed:false
1939 http fetch GET 200 https://registry.npmjs.org/@babel%2fhelper-replace-supers 75ms (cache miss)
1940 silly packumentCache full:https://registry.npmjs.org/@babel%2fhelper-replace-supers set size:undefined disposed:false
1941 http fetch GET 200 https://registry.npmjs.org/@babel%2fhelper-member-expression-to-functions 76ms (cache miss)
1942 silly packumentCache full:https://registry.npmjs.org/@babel%2fhelper-member-expression-to-functions set size:undefined disposed:false
1943 silly placeDep ROOT @babel/helper-annotate-as-pure@7.27.3 OK for: @babel/helper-create-class-features-plugin@7.28.6 want: ^7.27.3
1944 silly placeDep ROOT @babel/helper-member-expression-to-functions@7.28.5 OK for: @babel/helper-create-class-features-plugin@7.28.6 want: ^7.28.5
1945 silly placeDep ROOT @babel/helper-optimise-call-expression@7.27.1 OK for: @babel/helper-create-class-features-plugin@7.28.6 want: ^7.27.1
1946 silly placeDep ROOT @babel/helper-replace-supers@7.28.6 OK for: @babel/helper-create-class-features-plugin@7.28.6 want: ^7.28.6
1947 silly placeDep ROOT @babel/helper-skip-transparent-expression-wrappers@7.27.1 OK for: @babel/helper-create-class-features-plugin@7.28.6 want: ^7.27.1
1948 silly placeDep node_modules/@babel/helper-create-class-features-plugin semver@6.3.1 OK for: @babel/helper-create-class-features-plugin@7.28.6 want: ^6.3.1
1949 silly placeDep ROOT @babel/plugin-syntax-flow@7.28.6 OK for: @babel/plugin-transform-flow-strip-types@7.27.1 want: ^7.27.1
1950 silly placeDep ROOT @babel/plugin-transform-destructuring@7.28.5 OK for: @babel/plugin-transform-object-rest-spread@7.28.6 want: ^7.28.5
1951 silly placeDep ROOT babel-plugin-polyfill-corejs2@0.4.17 OK for: @babel/plugin-transform-runtime@7.29.0 want: ^0.4.14
1952 silly placeDep ROOT babel-plugin-polyfill-corejs3@0.13.0 OK for: @babel/plugin-transform-runtime@7.29.0 want: ^0.13.0
1953 silly placeDep ROOT babel-plugin-polyfill-regenerator@0.6.8 OK for: @babel/plugin-transform-runtime@7.29.0 want: ^0.6.5
1954 silly placeDep node_modules/@babel/plugin-transform-runtime semver@6.3.1 OK for: @babel/plugin-transform-runtime@7.29.0 want: ^6.3.1
1955 silly fetch manifest @babel/helper-define-polyfill-provider@^0.6.8
1956 silly packumentCache full:https://registry.npmjs.org/@babel%2fhelper-define-polyfill-provider cache-miss
1957 silly fetch manifest core-js-compat@^3.43.0
1958 silly packumentCache full:https://registry.npmjs.org/core-js-compat cache-miss
1959 silly fetch manifest @babel/helper-define-polyfill-provider@^0.6.5
1960 silly packumentCache full:https://registry.npmjs.org/@babel%2fhelper-define-polyfill-provider cache-miss
1961 silly fetch manifest @babel/helper-define-polyfill-provider@^0.6.8
1962 silly packumentCache full:https://registry.npmjs.org/@babel%2fhelper-define-polyfill-provider cache-miss
1963 http fetch GET 200 https://registry.npmjs.org/@babel%2fhelper-define-polyfill-provider 53ms (cache miss)
1964 silly packumentCache full:https://registry.npmjs.org/@babel%2fhelper-define-polyfill-provider set size:undefined disposed:false
1965 http fetch GET 200 https://registry.npmjs.org/@babel%2fhelper-define-polyfill-provider 56ms (cache miss)
1966 silly packumentCache full:https://registry.npmjs.org/@babel%2fhelper-define-polyfill-provider set size:undefined disposed:false
1967 http fetch GET 200 https://registry.npmjs.org/@babel%2fhelper-define-polyfill-provider 61ms (cache miss)
1968 silly packumentCache full:https://registry.npmjs.org/@babel%2fhelper-define-polyfill-provider set size:undefined disposed:false
1969 http fetch GET 200 https://registry.npmjs.org/core-js-compat 64ms (cache miss)
1970 silly packumentCache full:https://registry.npmjs.org/core-js-compat set size:undefined disposed:false
1971 silly placeDep ROOT @babel/plugin-transform-react-display-name@7.28.0 OK for: @babel/preset-react@7.28.5 want: ^7.28.0
1972 silly placeDep ROOT @babel/plugin-transform-react-jsx@7.28.6 OK for: @babel/preset-react@7.28.5 want: ^7.27.1
1973 silly placeDep ROOT @babel/plugin-transform-react-jsx-development@7.27.1 OK for: @babel/preset-react@7.28.5 want: ^7.27.1
1974 silly placeDep ROOT @babel/plugin-transform-react-pure-annotations@7.27.1 OK for: @babel/preset-react@7.28.5 want: ^7.27.1
1975 silly fetch manifest @babel/plugin-syntax-jsx@^7.28.6
1976 silly packumentCache full:https://registry.npmjs.org/@babel%2fplugin-syntax-jsx cache-miss
1977 http cache https://registry.npmjs.org/@babel%2fplugin-syntax-jsx 4ms (cache hit)
1978 silly packumentCache full:https://registry.npmjs.org/@babel%2fplugin-syntax-jsx set size:182973 disposed:false
1979 silly placeDep ROOT @babel/plugin-syntax-jsx@7.28.6 OK for: @babel/plugin-transform-react-jsx@7.28.6 want: ^7.28.6
1980 silly placeDep ROOT @babel/plugin-transform-typescript@7.28.6 OK for: @babel/preset-typescript@7.28.5 want: ^7.28.5
1981 silly fetch manifest @babel/plugin-syntax-typescript@^7.28.6
1982 silly packumentCache full:https://registry.npmjs.org/@babel%2fplugin-syntax-typescript cache-miss
1983 http fetch GET 200 https://registry.npmjs.org/@babel%2fplugin-syntax-typescript 59ms (cache miss)
1984 silly packumentCache full:https://registry.npmjs.org/@babel%2fplugin-syntax-typescript set size:undefined disposed:false
1985 silly placeDep ROOT @babel/plugin-syntax-typescript@7.28.6 OK for: @babel/plugin-transform-typescript@7.28.6 want: ^7.28.6
1986 silly placeDep ROOT @babel/plugin-syntax-dynamic-import@7.8.3 OK for: @react-native/babel-preset@0.83.4 want: ^7.8.3
1987 silly placeDep ROOT @babel/plugin-syntax-nullish-coalescing-operator@7.8.3 OK for: @react-native/babel-preset@0.83.4 want: ^7.8.3
1988 silly placeDep ROOT @babel/plugin-syntax-optional-chaining@7.8.3 OK for: @react-native/babel-preset@0.83.4 want: ^7.8.3
1989 silly placeDep ROOT @babel/plugin-transform-arrow-functions@7.27.1 OK for: @react-native/babel-preset@0.83.4 want: ^7.24.7
1990 silly placeDep ROOT @babel/plugin-transform-async-generator-functions@7.29.0 OK for: @react-native/babel-preset@0.83.4 want: ^7.25.4
1991 silly placeDep ROOT @babel/plugin-transform-async-to-generator@7.28.6 OK for: @react-native/babel-preset@0.83.4 want: ^7.24.7
1992 silly placeDep ROOT @babel/plugin-transform-block-scoping@7.28.6 OK for: @react-native/babel-preset@0.83.4 want: ^7.25.0
1993 silly placeDep ROOT @babel/plugin-transform-class-properties@7.28.6 OK for: @react-native/babel-preset@0.83.4 want: ^7.25.4
1994 silly placeDep ROOT @babel/plugin-transform-classes@7.28.6 OK for: @react-native/babel-preset@0.83.4 want: ^7.25.4
1995 silly placeDep ROOT @babel/plugin-transform-computed-properties@7.28.6 OK for: @react-native/babel-preset@0.83.4 want: ^7.24.7
1996 silly placeDep ROOT @babel/plugin-transform-for-of@7.27.1 OK for: @react-native/babel-preset@0.83.4 want: ^7.24.7
1997 silly placeDep ROOT @babel/plugin-transform-function-name@7.27.1 OK for: @react-native/babel-preset@0.83.4 want: ^7.25.1
1998 silly placeDep ROOT @babel/plugin-transform-literals@7.27.1 OK for: @react-native/babel-preset@0.83.4 want: ^7.25.2
1999 silly placeDep ROOT @babel/plugin-transform-logical-assignment-operators@7.28.6 OK for: @react-native/babel-preset@0.83.4 want: ^7.24.7
2000 silly placeDep ROOT @babel/plugin-transform-named-capturing-groups-regex@7.29.0 OK for: @react-native/babel-preset@0.83.4 want: ^7.24.7
2001 silly placeDep ROOT @babel/plugin-transform-nullish-coalescing-operator@7.28.6 OK for: @react-native/babel-preset@0.83.4 want: ^7.24.7
2002 silly placeDep ROOT @babel/plugin-transform-numeric-separator@7.28.6 OK for: @react-native/babel-preset@0.83.4 want: ^7.24.7
2003 silly placeDep ROOT @babel/plugin-transform-optional-catch-binding@7.28.6 OK for: @react-native/babel-preset@0.83.4 want: ^7.24.7
2004 silly placeDep ROOT @babel/plugin-transform-optional-chaining@7.28.6 OK for: @react-native/babel-preset@0.83.4 want: ^7.24.8
2005 silly placeDep ROOT @babel/plugin-transform-react-jsx-self@7.27.1 OK for: @react-native/babel-preset@0.83.4 want: ^7.24.7
2006 silly placeDep ROOT @babel/plugin-transform-react-jsx-source@7.27.1 OK for: @react-native/babel-preset@0.83.4 want: ^7.24.7
2007 silly placeDep ROOT @babel/plugin-transform-regenerator@7.29.0 OK for: @react-native/babel-preset@0.83.4 want: ^7.24.7
2008 silly placeDep ROOT @babel/plugin-transform-shorthand-properties@7.27.1 OK for: @react-native/babel-preset@0.83.4 want: ^7.24.7
2009 silly placeDep ROOT @babel/plugin-transform-spread@7.28.6 OK for: @react-native/babel-preset@0.83.4 want: ^7.24.7
2010 silly placeDep ROOT @babel/plugin-transform-sticky-regex@7.27.1 OK for: @react-native/babel-preset@0.83.4 want: ^7.24.7
2011 silly placeDep ROOT @babel/plugin-transform-unicode-regex@7.27.1 OK for: @react-native/babel-preset@0.83.4 want: ^7.24.7
2012 silly placeDep ROOT @react-native/babel-plugin-codegen@0.83.4 OK for: @react-native/babel-preset@0.83.4 want: 0.83.4
2013 silly placeDep node_modules/@react-native/babel-preset babel-plugin-syntax-hermes-parser@0.32.0 OK for: @react-native/babel-preset@0.83.4 want: 0.32.0
2014 silly fetch manifest @babel/helper-remap-async-to-generator@^7.27.1
2015 silly packumentCache full:https://registry.npmjs.org/@babel%2fhelper-remap-async-to-generator cache-miss
2016 silly fetch manifest @babel/helper-remap-async-to-generator@^7.27.1
2017 silly packumentCache full:https://registry.npmjs.org/@babel%2fhelper-remap-async-to-generator cache-miss
2018 silly fetch manifest @babel/helper-create-regexp-features-plugin@^7.28.5
2019 silly packumentCache full:https://registry.npmjs.org/@babel%2fhelper-create-regexp-features-plugin cache-miss
2020 silly fetch manifest @babel/helper-create-regexp-features-plugin@^7.27.1
2021 silly packumentCache full:https://registry.npmjs.org/@babel%2fhelper-create-regexp-features-plugin cache-miss
2022 silly fetch manifest @react-native/codegen@0.83.4
2023 silly packumentCache full:https://registry.npmjs.org/@react-native%2fcodegen cache-miss
2024 http cache https://registry.npmjs.org/@react-native%2fcodegen 27ms (cache hit)
2025 silly packumentCache full:https://registry.npmjs.org/@react-native%2fcodegen set size:2711686 disposed:false
2026 http fetch GET 200 https://registry.npmjs.org/@babel%2fhelper-remap-async-to-generator 70ms (cache miss)
2027 silly packumentCache full:https://registry.npmjs.org/@babel%2fhelper-remap-async-to-generator set size:undefined disposed:false
2028 http fetch GET 200 https://registry.npmjs.org/@babel%2fhelper-create-regexp-features-plugin 71ms (cache miss)
2029 silly packumentCache full:https://registry.npmjs.org/@babel%2fhelper-create-regexp-features-plugin set size:undefined disposed:false
2030 http fetch GET 200 https://registry.npmjs.org/@babel%2fhelper-remap-async-to-generator 75ms (cache miss)
2031 silly packumentCache full:https://registry.npmjs.org/@babel%2fhelper-remap-async-to-generator set size:undefined disposed:false
2032 http fetch GET 200 https://registry.npmjs.org/@babel%2fhelper-create-regexp-features-plugin 84ms (cache miss)
2033 silly packumentCache full:https://registry.npmjs.org/@babel%2fhelper-create-regexp-features-plugin set size:undefined disposed:false
2034 silly placeDep ROOT @babel/helper-remap-async-to-generator@7.27.1 OK for: @babel/plugin-transform-async-generator-functions@7.29.0 want: ^7.27.1
2035 silly fetch manifest @babel/helper-wrap-function@^7.27.1
2036 silly packumentCache full:https://registry.npmjs.org/@babel%2fhelper-wrap-function cache-miss
2037 http fetch GET 200 https://registry.npmjs.org/@babel%2fhelper-wrap-function 56ms (cache miss)
2038 silly packumentCache full:https://registry.npmjs.org/@babel%2fhelper-wrap-function set size:undefined disposed:false
2039 silly placeDep ROOT @babel/helper-wrap-function@7.28.6 OK for: @babel/helper-remap-async-to-generator@7.27.1 want: ^7.27.1
2040 silly placeDep ROOT @babel/helper-create-regexp-features-plugin@7.28.5 OK for: @babel/plugin-transform-named-capturing-groups-regex@7.29.0 want: ^7.28.5
2041 silly fetch manifest regexpu-core@^6.3.1
2042 silly packumentCache full:https://registry.npmjs.org/regexpu-core cache-miss
2043 http fetch GET 200 https://registry.npmjs.org/regexpu-core 39ms (cache miss)
2044 silly packumentCache full:https://registry.npmjs.org/regexpu-core set size:undefined disposed:false
2045 silly placeDep ROOT regexpu-core@6.4.0 OK for: @babel/helper-create-regexp-features-plugin@7.28.5 want: ^6.3.1
2046 silly placeDep node_modules/@babel/helper-create-regexp-features-plugin semver@6.3.1 OK for: @babel/helper-create-regexp-features-plugin@7.28.5 want: ^6.3.1
2047 silly fetch manifest regenerate@^1.4.2
2048 silly packumentCache full:https://registry.npmjs.org/regenerate cache-miss
2049 silly fetch manifest regenerate-unicode-properties@^10.2.2
2050 silly packumentCache full:https://registry.npmjs.org/regenerate-unicode-properties cache-miss
2051 silly fetch manifest regjsgen@^0.8.0
2052 silly packumentCache full:https://registry.npmjs.org/regjsgen cache-miss
2053 silly fetch manifest regjsparser@^0.13.0
2054 silly packumentCache full:https://registry.npmjs.org/regjsparser cache-miss
2055 silly fetch manifest unicode-match-property-ecmascript@^2.0.0
2056 silly packumentCache full:https://registry.npmjs.org/unicode-match-property-ecmascript cache-miss
2057 silly fetch manifest unicode-match-property-value-ecmascript@^2.2.1
2058 silly packumentCache full:https://registry.npmjs.org/unicode-match-property-value-ecmascript cache-miss
2059 http fetch GET 200 https://registry.npmjs.org/regjsgen 49ms (cache miss)
2060 silly packumentCache full:https://registry.npmjs.org/regjsgen set size:undefined disposed:false
2061 http fetch GET 200 https://registry.npmjs.org/unicode-match-property-value-ecmascript 54ms (cache miss)
2062 silly packumentCache full:https://registry.npmjs.org/unicode-match-property-value-ecmascript set size:undefined disposed:false
2063 http fetch GET 200 https://registry.npmjs.org/unicode-match-property-ecmascript 54ms (cache miss)
2064 silly packumentCache full:https://registry.npmjs.org/unicode-match-property-ecmascript set size:undefined disposed:false
2065 http fetch GET 200 https://registry.npmjs.org/regenerate 58ms (cache miss)
2066 silly packumentCache full:https://registry.npmjs.org/regenerate set size:undefined disposed:false
2067 http fetch GET 200 https://registry.npmjs.org/regjsparser 59ms (cache miss)
2068 silly packumentCache full:https://registry.npmjs.org/regjsparser set size:undefined disposed:false
2069 http fetch GET 200 https://registry.npmjs.org/regenerate-unicode-properties 64ms (cache miss)
2070 silly packumentCache full:https://registry.npmjs.org/regenerate-unicode-properties set size:undefined disposed:false
2071 silly placeDep ROOT @react-native/codegen@0.83.4 OK for: @react-native/babel-plugin-codegen@0.83.4 want: 0.83.4
2072 silly fetch manifest glob@^7.1.1
2073 silly packumentCache full:https://registry.npmjs.org/glob cache-miss
2074 http cache https://registry.npmjs.org/glob 5ms (cache hit)
2075 silly packumentCache full:https://registry.npmjs.org/glob set size:469465 disposed:false
2076 silly placeDep node_modules/@react-native/codegen glob@7.2.3 OK for: @react-native/codegen@0.83.4 want: ^7.1.1
2077 silly placeDep node_modules/@react-native/codegen hermes-parser@0.32.0 OK for: @react-native/codegen@0.83.4 want: 0.32.0
2078 silly placeDep ROOT yargs@17.7.2 OK for: @react-native/codegen@0.83.4 want: ^17.6.2
2079 silly fetch manifest once@^1.3.0
2080 silly packumentCache full:https://registry.npmjs.org/once cache-miss
2081 silly fetch manifest inflight@^1.0.4
2082 silly packumentCache full:https://registry.npmjs.org/inflight cache-miss
2083 silly fetch manifest inherits@2
2084 silly packumentCache full:https://registry.npmjs.org/inherits cache-miss
2085 silly fetch manifest minimatch@^3.1.1
2086 silly packumentCache full:https://registry.npmjs.org/minimatch cache-miss
2087 silly fetch manifest fs.realpath@^1.0.0
2088 silly packumentCache full:https://registry.npmjs.org/fs.realpath cache-miss
2089 silly fetch manifest path-is-absolute@^1.0.0
2090 silly packumentCache full:https://registry.npmjs.org/path-is-absolute cache-miss
2091 silly fetch manifest hermes-estree@0.32.0
2092 silly packumentCache full:https://registry.npmjs.org/hermes-estree cache-miss
2093 http cache https://registry.npmjs.org/minimatch 10ms (cache hit)
2094 silly packumentCache full:https://registry.npmjs.org/minimatch set size:375282 disposed:false
2095 silly fetch manifest y18n@^5.0.5
2096 silly packumentCache full:https://registry.npmjs.org/y18n cache-miss
2097 http cache https://registry.npmjs.org/hermes-estree 15ms (cache hit)
2098 silly packumentCache full:https://registry.npmjs.org/hermes-estree set size:123463 disposed:false
2099 silly fetch manifest cliui@^8.0.1
2100 silly packumentCache full:https://registry.npmjs.org/cliui cache-miss
2101 http fetch GET 200 https://registry.npmjs.org/inflight 59ms (cache miss)
2102 silly packumentCache full:https://registry.npmjs.org/inflight set size:undefined disposed:false
2103 silly fetch manifest escalade@^3.1.1
2104 silly packumentCache full:https://registry.npmjs.org/escalade cache-miss
2105 http fetch GET 200 https://registry.npmjs.org/once 62ms (cache miss)
2106 silly packumentCache full:https://registry.npmjs.org/once set size:undefined disposed:false
2107 silly fetch manifest string-width@^4.2.3
2108 silly packumentCache full:https://registry.npmjs.org/string-width cache-miss
2109 http fetch GET 200 https://registry.npmjs.org/y18n 49ms (cache miss)
2110 silly packumentCache full:https://registry.npmjs.org/y18n set size:undefined disposed:false
2111 silly fetch manifest yargs-parser@^21.1.1
2112 silly packumentCache full:https://registry.npmjs.org/yargs-parser cache-miss
2113 http fetch GET 200 https://registry.npmjs.org/path-is-absolute 65ms (cache miss)
2114 silly packumentCache full:https://registry.npmjs.org/path-is-absolute set size:undefined disposed:false
2115 silly fetch manifest get-caller-file@^2.0.5
2116 silly packumentCache full:https://registry.npmjs.org/get-caller-file cache-miss
2117 http fetch GET 200 https://registry.npmjs.org/inherits 73ms (cache miss)
2118 silly packumentCache full:https://registry.npmjs.org/inherits set size:undefined disposed:false
2119 silly fetch manifest require-directory@^2.1.1
2120 silly packumentCache full:https://registry.npmjs.org/require-directory cache-miss
2121 http fetch GET 200 https://registry.npmjs.org/fs.realpath 76ms (cache miss)
2122 silly packumentCache full:https://registry.npmjs.org/fs.realpath set size:undefined disposed:false
2123 http cache https://registry.npmjs.org/string-width 19ms (cache hit)
2124 silly packumentCache full:https://registry.npmjs.org/string-width set size:68305 disposed:false
2125 http fetch GET 200 https://registry.npmjs.org/cliui 65ms (cache miss)
2126 silly packumentCache full:https://registry.npmjs.org/cliui set size:undefined disposed:false
2127 http fetch GET 200 https://registry.npmjs.org/escalade 33ms (cache miss)
2128 silly packumentCache full:https://registry.npmjs.org/escalade set size:undefined disposed:false
2129 http fetch GET 200 https://registry.npmjs.org/yargs-parser 44ms (cache miss)
2130 silly packumentCache full:https://registry.npmjs.org/yargs-parser set size:undefined disposed:false
2131 http fetch GET 200 https://registry.npmjs.org/get-caller-file 47ms (cache miss)
2132 silly packumentCache full:https://registry.npmjs.org/get-caller-file set size:undefined disposed:false
2133 http fetch GET 200 https://registry.npmjs.org/require-directory 47ms (cache miss)
2134 silly packumentCache full:https://registry.npmjs.org/require-directory set size:undefined disposed:false
2135 silly fetch manifest @babel/core@^7.4.0 || ^8.0.0-0 <8.0.0
2136 silly packumentCache full:https://registry.npmjs.org/@babel%2fcore cache-hit
2137 silly placeDep ROOT @babel/helper-define-polyfill-provider@0.6.8 OK for: babel-plugin-polyfill-corejs2@0.4.17 want: ^0.6.8
2138 silly placeDep node_modules/babel-plugin-polyfill-corejs2 semver@6.3.1 OK for: babel-plugin-polyfill-corejs2@0.4.17 want: ^6.3.1
2139 silly fetch manifest lodash.debounce@^4.0.8
2140 silly packumentCache full:https://registry.npmjs.org/lodash.debounce cache-miss
2141 silly fetch manifest resolve@^1.22.11
2142 silly packumentCache full:https://registry.npmjs.org/resolve cache-miss
2143 http fetch GET 200 https://registry.npmjs.org/lodash.debounce 41ms (cache miss)
2144 silly packumentCache full:https://registry.npmjs.org/lodash.debounce set size:undefined disposed:false
2145 http fetch GET 200 https://registry.npmjs.org/resolve 50ms (cache miss)
2146 silly packumentCache full:https://registry.npmjs.org/resolve set size:undefined disposed:false
2147 silly placeDep ROOT lodash.debounce@4.0.8 OK for: @babel/helper-define-polyfill-provider@0.6.8 want: ^4.0.8
2148 silly placeDep ROOT resolve@1.22.11 OK for: @babel/helper-define-polyfill-provider@0.6.8 want: ^1.22.11
2149 silly fetch manifest path-parse@^1.0.7
2150 silly packumentCache full:https://registry.npmjs.org/path-parse cache-miss
2151 silly fetch manifest is-core-module@^2.16.1
2152 silly packumentCache full:https://registry.npmjs.org/is-core-module cache-miss
2153 silly fetch manifest supports-preserve-symlinks-flag@^1.0.0
2154 silly packumentCache full:https://registry.npmjs.org/supports-preserve-symlinks-flag cache-miss
2155 http fetch GET 200 https://registry.npmjs.org/path-parse 40ms (cache miss)
2156 silly packumentCache full:https://registry.npmjs.org/path-parse set size:undefined disposed:false
2157 http fetch GET 200 https://registry.npmjs.org/is-core-module 41ms (cache miss)
2158 silly packumentCache full:https://registry.npmjs.org/is-core-module set size:undefined disposed:false
2159 http fetch GET 200 https://registry.npmjs.org/supports-preserve-symlinks-flag 48ms (cache miss)
2160 silly packumentCache full:https://registry.npmjs.org/supports-preserve-symlinks-flag set size:undefined disposed:false
2161 silly placeDep ROOT core-js-compat@3.49.0 OK for: babel-plugin-polyfill-corejs3@0.13.0 want: ^3.43.0
2162 silly placeDep node_modules/better-opn open@8.4.2 OK for: better-opn@3.0.2 want: ^8.0.4
2163 silly fetch manifest is-docker@^2.1.1
2164 silly packumentCache full:https://registry.npmjs.org/is-docker cache-miss
2165 silly fetch manifest define-lazy-prop@^2.0.0
2166 silly packumentCache full:https://registry.npmjs.org/define-lazy-prop cache-miss
2167 http cache https://registry.npmjs.org/is-docker 5ms (cache hit)
2168 silly packumentCache full:https://registry.npmjs.org/is-docker set size:23690 disposed:false
2169 http fetch GET 200 https://registry.npmjs.org/define-lazy-prop 43ms (cache miss)
2170 silly packumentCache full:https://registry.npmjs.org/define-lazy-prop set size:undefined disposed:false
2171 silly placeDep ROOT stream-buffers@2.2.0 OK for: bplist-creator@0.1.0 want: 2.2.x
2172 silly placeDep ROOT big-integer@1.6.52 OK for: bplist-parser@0.3.2 want: 1.6.x
2173 silly fetch manifest browserslist@>= 4.21.0
2174 silly packumentCache full:https://registry.npmjs.org/browserslist cache-miss
2175 http cache https://registry.npmjs.org/browserslist 6ms (cache hit)
2176 silly packumentCache full:https://registry.npmjs.org/browserslist set size:504681 disposed:false
2177 silly placeDep ROOT baseline-browser-mapping@2.10.13 OK for: browserslist@4.28.2 want: ^2.10.12
2178 silly placeDep ROOT caniuse-lite@1.0.30001782 OK for: browserslist@4.28.2 want: ^1.0.30001782
2179 silly placeDep ROOT electron-to-chromium@1.5.329 OK for: browserslist@4.28.2 want: ^1.5.328
2180 silly placeDep ROOT node-releases@2.0.36 OK for: browserslist@4.28.2 want: ^2.0.36
2181 silly placeDep ROOT update-browserslist-db@1.2.3 OK for: browserslist@4.28.2 want: ^1.2.3
2182 silly fetch manifest escalade@^3.2.0
2183 silly packumentCache full:https://registry.npmjs.org/escalade cache-miss
2184 http cache https://registry.npmjs.org/escalade 3ms (cache hit)
2185 silly packumentCache full:https://registry.npmjs.org/escalade set size:33724 disposed:false
2186 silly placeDep ROOT ansi-styles@4.3.0 OK for: chalk@4.1.2 want: ^4.1.0
2187 silly placeDep ROOT supports-color@7.2.0 OK for: chalk@4.1.2 want: ^7.1.0
2188 silly fetch manifest color-convert@^2.0.1
2189 silly packumentCache full:https://registry.npmjs.org/color-convert cache-miss
2190 silly fetch manifest has-flag@^4.0.0
2191 silly packumentCache full:https://registry.npmjs.org/has-flag cache-miss
2192 http fetch GET 200 https://registry.npmjs.org/color-convert 45ms (cache miss)
2193 silly packumentCache full:https://registry.npmjs.org/color-convert set size:undefined disposed:false
2194 http fetch GET 200 https://registry.npmjs.org/has-flag 54ms (cache miss)
2195 silly packumentCache full:https://registry.npmjs.org/has-flag set size:undefined disposed:false
2196 silly placeDep ROOT color-convert@2.0.1 OK for: ansi-styles@4.3.0 want: ^2.0.1
2197 silly fetch manifest color-name@~1.1.4
2198 silly packumentCache full:https://registry.npmjs.org/color-name cache-miss
2199 http fetch GET 200 https://registry.npmjs.org/color-name 42ms (cache miss)
2200 silly packumentCache full:https://registry.npmjs.org/color-name set size:undefined disposed:false
2201 silly placeDep ROOT @types/node@25.5.0 OK for: chrome-launcher@0.15.2 want: *
2202 silly placeDep ROOT escape-string-regexp@4.0.0 OK for: chrome-launcher@0.15.2 want: ^4.0.0
2203 silly placeDep ROOT is-wsl@2.2.0 OK for: chrome-launcher@0.15.2 want: ^2.2.0
2204 silly placeDep ROOT lighthouse-logger@1.4.2 OK for: chrome-launcher@0.15.2 want: ^1.0.0
2205 silly fetch manifest undici-types@~7.18.0
2206 silly packumentCache full:https://registry.npmjs.org/undici-types cache-miss
2207 silly fetch manifest debug@^2.6.9
2208 silly packumentCache full:https://registry.npmjs.org/debug cache-hit
2209 silly fetch manifest marky@^1.2.2
2210 silly packumentCache full:https://registry.npmjs.org/marky cache-miss
2211 http fetch GET 200 https://registry.npmjs.org/undici-types 52ms (cache miss)
2212 silly packumentCache full:https://registry.npmjs.org/undici-types set size:undefined disposed:false
2213 http fetch GET 200 https://registry.npmjs.org/marky 55ms (cache miss)
2214 silly packumentCache full:https://registry.npmjs.org/marky set size:undefined disposed:false
2215 silly placeDep ROOT undici-types@7.18.2 OK for: @types/node@25.5.0 want: ~7.18.0
2216 silly placeDep ROOT mkdirp@1.0.4 OK for: chromium-edge-launcher@0.2.0 want: ^1.0.4
2217 silly placeDep ROOT rimraf@3.0.2 OK for: chromium-edge-launcher@0.2.0 want: ^3.0.2
2218 silly fetch manifest glob@^7.1.3
2219 silly packumentCache full:https://registry.npmjs.org/glob cache-hit
2220 silly placeDep ROOT color-name@1.1.4 OK for: color-convert@2.0.1 want: ~1.1.4
2221 silly placeDep ROOT bytes@3.1.2 OK for: compression@1.8.1 want: 3.1.2
2222 silly placeDep ROOT compressible@2.0.18 OK for: compression@1.8.1 want: ~2.0.18
2223 silly placeDep node_modules/compression debug@2.6.9 OK for: compression@1.8.1 want: 2.6.9
2224 silly placeDep node_modules/compression negotiator@0.6.4 OK for: compression@1.8.1 want: ~0.6.4
2225 silly placeDep ROOT on-headers@1.1.0 OK for: compression@1.8.1 want: ~1.1.0
2226 silly placeDep ROOT safe-buffer@5.2.1 OK for: compression@1.8.1 want: 5.2.1
2227 silly placeDep ROOT vary@1.1.2 OK for: compression@1.8.1 want: ~1.1.2
2228 silly fetch manifest mime-db@>= 1.43.0 < 2
2229 silly packumentCache full:https://registry.npmjs.org/mime-db cache-miss
2230 silly fetch manifest ms@2.0.0
2231 silly packumentCache full:https://registry.npmjs.org/ms cache-hit
2232 http cache https://registry.npmjs.org/mime-db 6ms (cache hit)
2233 silly packumentCache full:https://registry.npmjs.org/mime-db set size:164953 disposed:false
2234 silly placeDep ROOT mime-db@1.54.0 OK for: compressible@2.0.18 want: >= 1.43.0 < 2
2235 silly placeDep node_modules/connect debug@2.6.9 OK for: connect@3.7.0 want: 2.6.9
2236 silly placeDep ROOT finalhandler@1.1.2 OK for: connect@3.7.0 want: 1.1.2
2237 silly placeDep ROOT parseurl@1.3.3 OK for: connect@3.7.0 want: ~1.3.3
2238 silly placeDep ROOT utils-merge@1.0.1 OK for: connect@3.7.0 want: 1.0.1
2239 silly fetch manifest unpipe@~1.0.0
2240 silly packumentCache full:https://registry.npmjs.org/unpipe cache-miss
2241 silly fetch manifest statuses@~1.5.0
2242 silly packumentCache full:https://registry.npmjs.org/statuses cache-miss
2243 silly fetch manifest encodeurl@~1.0.2
2244 silly packumentCache full:https://registry.npmjs.org/encodeurl cache-miss
2245 silly fetch manifest on-finished@~2.3.0
2246 silly packumentCache full:https://registry.npmjs.org/on-finished cache-miss
2247 http cache https://registry.npmjs.org/encodeurl 8ms (cache hit)
2248 silly packumentCache full:https://registry.npmjs.org/encodeurl set size:12296 disposed:false
2249 http cache https://registry.npmjs.org/statuses 9ms (cache hit)
2250 silly packumentCache full:https://registry.npmjs.org/statuses set size:37117 disposed:false
2251 http cache https://registry.npmjs.org/on-finished 10ms (cache hit)
2252 silly packumentCache full:https://registry.npmjs.org/on-finished set size:23212 disposed:false
2253 http fetch GET 200 https://registry.npmjs.org/unpipe 43ms (cache miss)
2254 silly packumentCache full:https://registry.npmjs.org/unpipe set size:undefined disposed:false
2255 silly placeDep ROOT path-key@3.1.1 OK for: cross-spawn@7.0.6 want: ^3.1.0
2256 silly placeDep ROOT shebang-command@2.0.0 OK for: cross-spawn@7.0.6 want: ^2.0.0
2257 silly placeDep ROOT which@2.0.2 OK for: cross-spawn@7.0.6 want: ^2.0.1
2258 silly fetch manifest shebang-regex@^3.0.0
2259 silly packumentCache full:https://registry.npmjs.org/shebang-regex cache-miss
2260 silly fetch manifest isexe@^2.0.0
2261 silly packumentCache full:https://registry.npmjs.org/isexe cache-miss
2262 http fetch GET 200 https://registry.npmjs.org/shebang-regex 49ms (cache miss)
2263 silly packumentCache full:https://registry.npmjs.org/shebang-regex set size:undefined disposed:false
2264 http fetch GET 200 https://registry.npmjs.org/isexe 57ms (cache miss)
2265 silly packumentCache full:https://registry.npmjs.org/isexe set size:undefined disposed:false
2266 silly placeDep ROOT ms@2.1.3 OK for: debug@4.4.3 want: ^2.1.3
2267 silly placeDep ROOT fontfaceobserver@2.3.0 OK for: expo-font@55.0.4 want: ^2.1.0
2268 silly placeDep ROOT commander@7.2.0 OK for: expo-modules-autolinking@55.0.12 want: ^7.2.0
2269 silly placeDep node_modules/finalhandler debug@2.6.9 OK for: finalhandler@1.1.2 want: 2.6.9
2270 silly placeDep ROOT encodeurl@1.0.2 OK for: finalhandler@1.1.2 want: ~1.0.2
2271 silly placeDep ROOT escape-html@1.0.3 OK for: finalhandler@1.1.2 want: ~1.0.3
2272 silly placeDep ROOT on-finished@2.3.0 OK for: finalhandler@1.1.2 want: ~2.3.0
2273 silly placeDep ROOT statuses@1.5.0 OK for: finalhandler@1.1.2 want: ~1.5.0
2274 silly placeDep ROOT unpipe@1.0.0 OK for: finalhandler@1.1.2 want: ~1.0.0
2275 silly fetch manifest ee-first@1.1.1
2276 silly packumentCache full:https://registry.npmjs.org/ee-first cache-miss
2277 http fetch GET 200 https://registry.npmjs.org/ee-first 43ms (cache miss)
2278 silly packumentCache full:https://registry.npmjs.org/ee-first set size:undefined disposed:false
2279 silly placeDep ROOT minipass@7.1.3 OK for: glob@13.0.6 want: ^7.1.3
2280 silly placeDep ROOT path-scurry@2.0.2 OK for: glob@13.0.6 want: ^2.0.2
2281 silly fetch manifest lru-cache@^11.0.0
2282 silly packumentCache full:https://registry.npmjs.org/lru-cache cache-miss
2283 http cache https://registry.npmjs.org/lru-cache 6ms (cache hit)
2284 silly packumentCache full:https://registry.npmjs.org/lru-cache set size:416454 disposed:false
2285 silly placeDep ROOT hermes-estree@0.32.1 OK for: hermes-parser@0.32.1 want: 0.32.1
2286 silly placeDep ROOT loose-envify@1.4.0 OK for: invariant@2.2.4 want: ^1.0.0
2287 silly placeDep ROOT is-docker@2.2.1 OK for: is-wsl@2.2.0 want: ^2.0.0
2288 silly placeDep ROOT argparse@2.0.1 OK for: js-yaml@4.1.1 want: ^2.0.1
2289 silly placeDep node_modules/lighthouse-logger debug@2.6.9 OK for: lighthouse-logger@1.4.2 want: ^2.6.9
2290 silly placeDep ROOT marky@1.3.0 OK for: lighthouse-logger@1.4.2 want: ^1.2.2
2291 silly placeDep ROOT detect-libc@2.1.2 OK for: lightningcss@1.32.0 want: ^2.0.3
2292 silly placeDep ROOT lightningcss-android-arm64@1.32.0 OK for: lightningcss@1.32.0 want: 1.32.0
2293 silly placeDep ROOT lightningcss-darwin-arm64@1.32.0 OK for: lightningcss@1.32.0 want: 1.32.0
2294 silly placeDep ROOT lightningcss-darwin-x64@1.32.0 OK for: lightningcss@1.32.0 want: 1.32.0
2295 silly placeDep ROOT lightningcss-freebsd-x64@1.32.0 OK for: lightningcss@1.32.0 want: 1.32.0
2296 silly placeDep ROOT lightningcss-linux-arm-gnueabihf@1.32.0 OK for: lightningcss@1.32.0 want: 1.32.0
2297 silly placeDep ROOT lightningcss-linux-arm64-gnu@1.32.0 OK for: lightningcss@1.32.0 want: 1.32.0
2298 silly placeDep ROOT lightningcss-linux-arm64-musl@1.32.0 OK for: lightningcss@1.32.0 want: 1.32.0
2299 silly placeDep ROOT lightningcss-linux-x64-gnu@1.32.0 OK for: lightningcss@1.32.0 want: 1.32.0
2300 silly placeDep ROOT lightningcss-linux-x64-musl@1.32.0 OK for: lightningcss@1.32.0 want: 1.32.0
2301 silly placeDep ROOT lightningcss-win32-arm64-msvc@1.32.0 OK for: lightningcss@1.32.0 want: 1.32.0
2302 silly placeDep ROOT lightningcss-win32-x64-msvc@1.32.0 OK for: lightningcss@1.32.0 want: 1.32.0
2303 silly placeDep ROOT yallist@3.1.1 OK for: lru-cache@5.1.1 want: ^3.0.2
2304 silly placeDep node_modules/metro ci-info@2.0.0 OK for: metro@0.83.3 want: ^2.0.0
2305 silly placeDep ROOT error-stack-parser@2.1.4 OK for: metro@0.83.3 want: ^2.0.6
2306 silly placeDep ROOT flow-enums-runtime@0.0.6 OK for: metro@0.83.3 want: ^0.0.6
2307 silly placeDep ROOT graceful-fs@4.2.11 OK for: metro@0.83.3 want: ^4.2.4
2308 silly placeDep node_modules/metro hermes-parser@0.32.0 OK for: metro@0.83.3 want: 0.32.0
2309 silly placeDep ROOT image-size@1.2.1 OK for: metro@0.83.3 want: ^1.0.2
2310 silly placeDep ROOT jest-worker@29.7.0 OK for: metro@0.83.3 want: ^29.7.0
2311 silly placeDep ROOT lodash.throttle@4.1.1 OK for: metro@0.83.3 want: ^4.1.1
2312 silly placeDep ROOT serialize-error@2.1.0 OK for: metro@0.83.3 want: ^2.1.0
2313 silly placeDep ROOT source-map@0.5.7 OK for: metro@0.83.3 want: ^0.5.6
2314 silly placeDep ROOT throat@5.0.0 OK for: metro@0.83.3 want: ^5.0.0
2315 silly placeDep node_modules/metro ws@7.5.10 OK for: metro@0.83.3 want: ^7.5.10
2316 silly fetch manifest stackframe@^1.3.4
2317 silly packumentCache full:https://registry.npmjs.org/stackframe cache-miss
2318 silly fetch manifest queue@6.0.2
2319 silly packumentCache full:https://registry.npmjs.org/queue cache-miss
2320 silly fetch manifest jest-util@^29.7.0
2321 silly packumentCache full:https://registry.npmjs.org/jest-util cache-miss
2322 silly fetch manifest merge-stream@^2.0.0
2323 silly packumentCache full:https://registry.npmjs.org/merge-stream cache-miss
2324 silly fetch manifest supports-color@^8.0.0
2325 silly packumentCache full:https://registry.npmjs.org/supports-color cache-miss
2326 http cache https://registry.npmjs.org/supports-color 10ms (cache hit)
2327 silly packumentCache full:https://registry.npmjs.org/supports-color set size:118680 disposed:false
2328 http fetch GET 200 https://registry.npmjs.org/merge-stream 78ms (cache miss)
2329 silly packumentCache full:https://registry.npmjs.org/merge-stream set size:undefined disposed:false
2330 http fetch GET 200 https://registry.npmjs.org/queue 81ms (cache miss)
2331 silly packumentCache full:https://registry.npmjs.org/queue set size:undefined disposed:false
2332 http fetch GET 200 https://registry.npmjs.org/stackframe 96ms (cache miss)
2333 silly packumentCache full:https://registry.npmjs.org/stackframe set size:undefined disposed:false
2334 http fetch GET 200 https://registry.npmjs.org/jest-util 106ms (cache miss)
2335 silly packumentCache full:https://registry.npmjs.org/jest-util set size:undefined disposed:false
2336 silly placeDep ROOT stackframe@1.3.4 OK for: error-stack-parser@2.1.4 want: ^1.3.4
2337 silly placeDep ROOT queue@6.0.2 OK for: image-size@1.2.1 want: 6.0.2
2338 silly fetch manifest inherits@~2.0.3
2339 silly packumentCache full:https://registry.npmjs.org/inherits cache-miss
2340 http cache https://registry.npmjs.org/inherits 4ms (cache hit)
2341 silly packumentCache full:https://registry.npmjs.org/inherits set size:12925 disposed:false
2342 silly placeDep ROOT jest-util@29.7.0 OK for: jest-worker@29.7.0 want: ^29.7.0
2343 silly placeDep ROOT merge-stream@2.0.0 OK for: jest-worker@29.7.0 want: ^2.0.0
2344 silly placeDep node_modules/jest-worker supports-color@8.1.1 OK for: jest-worker@29.7.0 want: ^8.0.0
2345 silly fetch manifest picomatch@^2.2.3
2346 silly packumentCache full:https://registry.npmjs.org/picomatch cache-miss
2347 silly fetch manifest @jest/types@^29.6.3
2348 silly packumentCache full:https://registry.npmjs.org/@jest%2ftypes cache-miss
2349 http cache https://registry.npmjs.org/picomatch 6ms (cache hit)
2350 silly packumentCache full:https://registry.npmjs.org/picomatch set size:126376 disposed:false
2351 http fetch GET 200 https://registry.npmjs.org/@jest%2ftypes 80ms (cache miss)
2352 silly packumentCache full:https://registry.npmjs.org/@jest%2ftypes set size:undefined disposed:false
2353 silly placeDep ROOT @jest/types@29.6.3 OK for: jest-util@29.7.0 want: ^29.6.3
2354 silly placeDep node_modules/jest-util picomatch@2.3.2 OK for: jest-util@29.7.0 want: ^2.2.3
2355 silly fetch manifest @types/yargs@^17.0.8
2356 silly packumentCache full:https://registry.npmjs.org/@types%2fyargs cache-miss
2357 silly fetch manifest @types/istanbul-reports@^3.0.0
2358 silly packumentCache full:https://registry.npmjs.org/@types%2fistanbul-reports cache-miss
2359 silly fetch manifest @types/istanbul-lib-coverage@^2.0.0
2360 silly packumentCache full:https://registry.npmjs.org/@types%2fistanbul-lib-coverage cache-miss
2361 http fetch GET 200 https://registry.npmjs.org/@types%2fistanbul-reports 57ms (cache miss)
2362 silly packumentCache full:https://registry.npmjs.org/@types%2fistanbul-reports set size:undefined disposed:false
2363 http fetch GET 200 https://registry.npmjs.org/@types%2fistanbul-lib-coverage 57ms (cache miss)
2364 silly packumentCache full:https://registry.npmjs.org/@types%2fistanbul-lib-coverage set size:undefined disposed:false
2365 http fetch GET 200 https://registry.npmjs.org/@types%2fyargs 66ms (cache miss)
2366 silly packumentCache full:https://registry.npmjs.org/@types%2fyargs set size:undefined disposed:false
2367 silly placeDep ROOT @jest/schemas@29.6.3 OK for: @jest/types@29.6.3 want: ^29.6.3
2368 silly placeDep ROOT @types/istanbul-lib-coverage@2.0.6 OK for: @jest/types@29.6.3 want: ^2.0.0
2369 silly placeDep ROOT @types/istanbul-reports@3.0.4 OK for: @jest/types@29.6.3 want: ^3.0.0
2370 silly placeDep ROOT @types/yargs@17.0.35 OK for: @jest/types@29.6.3 want: ^17.0.8
2371 silly fetch manifest @sinclair/typebox@^0.27.8
2372 silly packumentCache full:https://registry.npmjs.org/@sinclair%2ftypebox cache-miss
2373 silly fetch manifest @types/istanbul-lib-report@*
2374 silly packumentCache full:https://registry.npmjs.org/@types%2fistanbul-lib-report cache-miss
2375 silly fetch manifest @types/yargs-parser@*
2376 silly packumentCache full:https://registry.npmjs.org/@types%2fyargs-parser cache-miss
2377 http fetch GET 200 https://registry.npmjs.org/@types%2fyargs-parser 81ms (cache miss)
2378 silly packumentCache full:https://registry.npmjs.org/@types%2fyargs-parser set size:undefined disposed:false
2379 http fetch GET 200 https://registry.npmjs.org/@sinclair%2ftypebox 91ms (cache miss)
2380 silly packumentCache full:https://registry.npmjs.org/@sinclair%2ftypebox set size:undefined disposed:false
2381 http fetch GET 200 https://registry.npmjs.org/@types%2fistanbul-lib-report 242ms (cache miss)
2382 silly packumentCache full:https://registry.npmjs.org/@types%2fistanbul-lib-report set size:undefined disposed:false
2383 silly placeDep ROOT @sinclair/typebox@0.27.10 OK for: @jest/schemas@29.6.3 want: ^0.27.8
2384 silly placeDep ROOT @types/istanbul-lib-report@3.0.3 OK for: @types/istanbul-reports@3.0.4 want: *
2385 silly placeDep ROOT @types/yargs-parser@21.0.3 OK for: @types/yargs@17.0.35 want: *
2386 silly placeDep node_modules/metro-babel-transformer hermes-parser@0.32.0 OK for: metro-babel-transformer@0.83.3 want: 0.32.0
2387 silly placeDep ROOT exponential-backoff@3.1.3 OK for: metro-cache@0.83.3 want: ^3.1.1
2388 silly placeDep ROOT https-proxy-agent@7.0.6 OK for: metro-cache@0.83.3 want: ^7.0.5
2389 silly fetch manifest agent-base@^7.1.2
2390 silly packumentCache full:https://registry.npmjs.org/agent-base cache-miss
2391 http fetch GET 200 https://registry.npmjs.org/agent-base 51ms (cache miss)
2392 silly packumentCache full:https://registry.npmjs.org/agent-base set size:undefined disposed:false
2393 silly placeDep ROOT agent-base@7.1.4 OK for: https-proxy-agent@7.0.6 want: ^7.1.2
2394 silly placeDep ROOT jest-validate@29.7.0 OK for: metro-config@0.83.3 want: ^29.7.0
2395 silly placeDep ROOT yaml@2.8.3 OK for: metro-config@0.83.3 want: ^2.6.1
2396 silly fetch manifest leven@^3.1.0
2397 silly packumentCache full:https://registry.npmjs.org/leven cache-miss
2398 silly fetch manifest camelcase@^6.2.0
2399 silly packumentCache full:https://registry.npmjs.org/camelcase cache-miss
2400 silly fetch manifest jest-get-type@^29.6.3
2401 silly packumentCache full:https://registry.npmjs.org/jest-get-type cache-miss
2402 http fetch GET 200 https://registry.npmjs.org/camelcase 53ms (cache miss)
2403 silly packumentCache full:https://registry.npmjs.org/camelcase set size:undefined disposed:false
2404 http fetch GET 200 https://registry.npmjs.org/leven 62ms (cache miss)
2405 silly packumentCache full:https://registry.npmjs.org/leven set size:undefined disposed:false
2406 http fetch GET 200 https://registry.npmjs.org/jest-get-type 69ms (cache miss)
2407 silly packumentCache full:https://registry.npmjs.org/jest-get-type set size:undefined disposed:false
2408 silly placeDep ROOT camelcase@6.3.0 OK for: jest-validate@29.7.0 want: ^6.2.0
2409 silly placeDep ROOT jest-get-type@29.6.3 OK for: jest-validate@29.7.0 want: ^29.6.3
2410 silly placeDep ROOT leven@3.1.0 OK for: jest-validate@29.7.0 want: ^3.1.0
2411 silly placeDep ROOT fb-watchman@2.0.2 OK for: metro-file-map@0.83.3 want: ^2.0.0
2412 silly placeDep ROOT micromatch@4.0.8 OK for: metro-file-map@0.83.3 want: ^4.0.4
2413 silly placeDep ROOT walker@1.0.8 OK for: metro-file-map@0.83.3 want: ^1.0.7
2414 silly fetch manifest bser@2.1.1
2415 silly packumentCache full:https://registry.npmjs.org/bser cache-miss
2416 silly fetch manifest braces@^3.0.3
2417 silly packumentCache full:https://registry.npmjs.org/braces cache-miss
2418 silly fetch manifest picomatch@^2.3.1
2419 silly packumentCache full:https://registry.npmjs.org/picomatch cache-hit
2420 silly fetch manifest makeerror@1.0.12
2421 silly packumentCache full:https://registry.npmjs.org/makeerror cache-miss
2422 http fetch GET 200 https://registry.npmjs.org/braces 51ms (cache miss)
2423 silly packumentCache full:https://registry.npmjs.org/braces set size:undefined disposed:false
2424 http fetch GET 200 https://registry.npmjs.org/bser 58ms (cache miss)
2425 silly packumentCache full:https://registry.npmjs.org/bser set size:undefined disposed:false
2426 http fetch GET 200 https://registry.npmjs.org/makeerror 68ms (cache miss)
2427 silly packumentCache full:https://registry.npmjs.org/makeerror set size:undefined disposed:false
2428 silly placeDep ROOT bser@2.1.1 OK for: fb-watchman@2.0.2 want: 2.1.1
2429 silly fetch manifest node-int64@^0.4.0
2430 silly packumentCache full:https://registry.npmjs.org/node-int64 cache-miss
2431 http fetch GET 200 https://registry.npmjs.org/node-int64 70ms (cache miss)
2432 silly packumentCache full:https://registry.npmjs.org/node-int64 set size:undefined disposed:false
2433 silly placeDep ROOT node-int64@0.4.0 OK for: bser@2.1.1 want: ^0.4.0
2434 silly placeDep ROOT terser@5.46.1 OK for: metro-minify-terser@0.83.3 want: ^5.15.0
2435 silly fetch manifest @jridgewell/source-map@^0.3.3
2436 silly packumentCache full:https://registry.npmjs.org/@jridgewell%2fsource-map cache-miss
2437 silly fetch manifest acorn@^8.15.0
2438 silly packumentCache full:https://registry.npmjs.org/acorn cache-miss
2439 silly fetch manifest commander@^2.20.0
2440 silly packumentCache full:https://registry.npmjs.org/commander cache-hit
2441 http fetch GET 200 https://registry.npmjs.org/acorn 59ms (cache miss)
2442 silly packumentCache full:https://registry.npmjs.org/acorn set size:undefined disposed:false
2443 http fetch GET 200 https://registry.npmjs.org/@jridgewell%2fsource-map 66ms (cache miss)
2444 silly packumentCache full:https://registry.npmjs.org/@jridgewell%2fsource-map set size:undefined disposed:false
2445 silly placeDep ROOT @babel/traverse--for-generate-function-map@7.29.0 OK for: metro-source-map@0.83.3 want: npm:@babel/traverse@^7.25.3
2446 silly placeDep ROOT ob1@0.83.3 OK for: metro-source-map@0.83.3 want: 0.83.3
2447 silly placeDep ROOT vlq@1.0.1 OK for: metro-source-map@0.83.3 want: ^1.0.0
2448 silly placeDep ROOT braces@3.0.3 OK for: micromatch@4.0.8 want: ^3.0.3
2449 silly placeDep node_modules/micromatch picomatch@2.3.2 OK for: micromatch@4.0.8 want: ^2.3.1
2450 silly fetch manifest fill-range@^7.1.1
2451 silly packumentCache full:https://registry.npmjs.org/fill-range cache-miss
2452 http fetch GET 200 https://registry.npmjs.org/fill-range 50ms (cache miss)
2453 silly packumentCache full:https://registry.npmjs.org/fill-range set size:undefined disposed:false
2454 silly placeDep ROOT fill-range@7.1.1 OK for: braces@3.0.3 want: ^7.1.1
2455 silly fetch manifest to-regex-range@^5.0.1
2456 silly packumentCache full:https://registry.npmjs.org/to-regex-range cache-miss
2457 http fetch GET 200 https://registry.npmjs.org/to-regex-range 54ms (cache miss)
2458 silly packumentCache full:https://registry.npmjs.org/to-regex-range set size:undefined disposed:false
2459 silly placeDep ROOT to-regex-range@5.0.1 OK for: fill-range@7.1.1 want: ^5.0.1
2460 silly fetch manifest is-number@^7.0.0
2461 silly packumentCache full:https://registry.npmjs.org/is-number cache-miss
2462 http fetch GET 200 https://registry.npmjs.org/is-number 43ms (cache miss)
2463 silly packumentCache full:https://registry.npmjs.org/is-number set size:undefined disposed:false
2464 silly placeDep node_modules/mime-types mime-db@1.52.0 OK for: mime-types@2.1.35 want: 1.52.0
2465 silly placeDep ROOT brace-expansion@5.0.5 OK for: minimatch@10.2.5 want: ^5.0.5
2466 silly fetch manifest balanced-match@^4.0.2
2467 silly packumentCache full:https://registry.npmjs.org/balanced-match cache-miss
2468 http fetch GET 200 https://registry.npmjs.org/balanced-match 50ms (cache miss)
2469 silly packumentCache full:https://registry.npmjs.org/balanced-match set size:undefined disposed:false
2470 silly placeDep ROOT balanced-match@4.0.4 OK for: brace-expansion@5.0.5 want: ^4.0.2
2471 silly placeDep ROOT hosted-git-info@7.0.2 OK for: npm-package-arg@11.0.3 want: ^7.0.0
2472 silly placeDep ROOT proc-log@4.2.0 OK for: npm-package-arg@11.0.3 want: ^4.0.0
2473 silly placeDep ROOT validate-npm-package-name@5.0.1 OK for: npm-package-arg@11.0.3 want: ^5.0.0
2474 silly fetch manifest lru-cache@^10.0.1
2475 silly packumentCache full:https://registry.npmjs.org/lru-cache cache-hit
2476 silly placeDep node_modules/hosted-git-info lru-cache@10.4.3 OK for: hosted-git-info@7.0.2 want: ^10.0.1
2477 silly placeDep ROOT ee-first@1.1.1 OK for: on-finished@2.3.0 want: 1.1.1
2478 silly placeDep node_modules/ora chalk@2.4.2 OK for: ora@3.4.0 want: ^2.4.2
2479 silly placeDep ROOT cli-cursor@2.1.0 OK for: ora@3.4.0 want: ^2.1.0
2480 silly placeDep ROOT cli-spinners@2.9.2 OK for: ora@3.4.0 want: ^2.0.0
2481 silly placeDep ROOT log-symbols@2.2.0 OK for: ora@3.4.0 want: ^2.2.0
2482 silly placeDep ROOT strip-ansi@5.2.0 OK for: ora@3.4.0 want: ^5.2.0
2483 silly placeDep ROOT wcwidth@1.0.1 OK for: ora@3.4.0 want: ^1.0.1
2484 silly fetch manifest ansi-styles@^3.2.1
2485 silly packumentCache full:https://registry.npmjs.org/ansi-styles cache-hit
2486 silly fetch manifest supports-color@^5.3.0
2487 silly packumentCache full:https://registry.npmjs.org/supports-color cache-hit
2488 silly fetch manifest escape-string-regexp@^1.0.5
2489 silly packumentCache full:https://registry.npmjs.org/escape-string-regexp cache-miss
2490 silly fetch manifest restore-cursor@^2.0.0
2491 silly packumentCache full:https://registry.npmjs.org/restore-cursor cache-miss
2492 silly fetch manifest chalk@^2.0.1
2493 silly packumentCache full:https://registry.npmjs.org/chalk cache-hit
2494 silly fetch manifest ansi-regex@^4.1.0
2495 silly packumentCache full:https://registry.npmjs.org/ansi-regex cache-miss
2496 silly fetch manifest defaults@^1.0.3
2497 silly packumentCache full:https://registry.npmjs.org/defaults cache-miss
2498 http cache https://registry.npmjs.org/escape-string-regexp 16ms (cache hit)
2499 silly packumentCache full:https://registry.npmjs.org/escape-string-regexp set size:22244 disposed:false
2500 http cache https://registry.npmjs.org/ansi-regex 18ms (cache hit)
2501 silly packumentCache full:https://registry.npmjs.org/ansi-regex set size:43572 disposed:false
2502 http fetch GET 200 https://registry.npmjs.org/defaults 49ms (cache miss)
2503 silly packumentCache full:https://registry.npmjs.org/defaults set size:undefined disposed:false
2504 http fetch GET 200 https://registry.npmjs.org/restore-cursor 58ms (cache miss)
2505 silly packumentCache full:https://registry.npmjs.org/restore-cursor set size:undefined disposed:false
2506 silly placeDep ROOT restore-cursor@2.0.0 OK for: cli-cursor@2.1.0 want: ^2.0.0
2507 silly fetch manifest onetime@^2.0.0
2508 silly packumentCache full:https://registry.npmjs.org/onetime cache-miss
2509 silly fetch manifest signal-exit@^3.0.2
2510 silly packumentCache full:https://registry.npmjs.org/signal-exit cache-miss
2511 http fetch GET 200 https://registry.npmjs.org/onetime 59ms (cache miss)
2512 silly packumentCache full:https://registry.npmjs.org/onetime set size:undefined disposed:false
2513 http fetch GET 200 https://registry.npmjs.org/signal-exit 69ms (cache miss)
2514 silly packumentCache full:https://registry.npmjs.org/signal-exit set size:undefined disposed:false
2515 silly placeDep node_modules/log-symbols chalk@2.4.2 OK for: log-symbols@2.2.0 want: ^2.0.1
2516 silly placeDep ROOT pngjs@3.4.0 OK for: parse-png@2.1.0 want: ^3.3.0
2517 silly placeDep node_modules/path-scurry lru-cache@11.2.7 OK for: path-scurry@2.0.2 want: ^11.0.0
2518 silly placeDep ROOT nanoid@3.3.11 OK for: postcss@8.4.49 want: ^3.3.7
2519 silly placeDep ROOT source-map-js@1.2.1 OK for: postcss@8.4.49 want: ^1.2.1
2520 silly placeDep node_modules/pretty-format ansi-styles@5.2.0 OK for: pretty-format@29.7.0 want: ^5.0.0
2521 silly placeDep ROOT react-is@18.3.1 OK for: pretty-format@29.7.0 want: ^18.0.0
2522 silly placeDep ROOT kleur@3.0.3 OK for: prompts@2.4.2 want: ^3.0.3
2523 silly placeDep ROOT sisteransi@1.0.5 OK for: prompts@2.4.2 want: ^1.0.5
2524 silly placeDep ROOT inherits@2.0.4 OK for: queue@6.0.2 want: ~2.0.3
2525 silly fetch manifest @babel/core@^7.8.0
2526 silly packumentCache full:https://registry.npmjs.org/@babel%2fcore cache-hit
2527 silly fetch manifest react@^19.2.3
2528 silly packumentCache full:https://registry.npmjs.org/react cache-miss
2529 http cache https://registry.npmjs.org/react 40ms (cache hit)
2530 silly packumentCache full:https://registry.npmjs.org/react set size:6577106 disposed:false
2531 silly fetch manifest @react-native-community/cli@*
2532 silly packumentCache full:https://registry.npmjs.org/@react-native-community%2fcli cache-miss
2533 http fetch GET 200 https://registry.npmjs.org/@react-native-community%2fcli 90ms (cache miss)
2534 silly packumentCache full:https://registry.npmjs.org/@react-native-community%2fcli set size:undefined disposed:false
2535 silly placeDep ROOT @jest/create-cache-key-function@29.7.0 OK for: react-native@0.84.1 want: ^29.7.0
2536 silly placeDep ROOT @react-native/assets-registry@0.84.1 OK for: react-native@0.84.1 want: 0.84.1
2537 silly placeDep node_modules/react-native @react-native/codegen@0.84.1 OK for: react-native@0.84.1 want: 0.84.1
2538 silly placeDep ROOT @react-native/community-cli-plugin@0.84.1 OK for: react-native@0.84.1 want: 0.84.1
2539 silly placeDep ROOT @react-native/gradle-plugin@0.84.1 OK for: react-native@0.84.1 want: 0.84.1
2540 silly placeDep ROOT @react-native/js-polyfills@0.84.1 OK for: react-native@0.84.1 want: 0.84.1
2541 silly placeDep node_modules/react-native @react-native/normalize-colors@0.84.1 OK for: react-native@0.84.1 want: 0.84.1
2542 silly placeDep ROOT @react-native/virtualized-lists@0.84.1 OK for: react-native@0.84.1 want: 0.84.1
2543 silly placeDep ROOT abort-controller@3.0.0 OK for: react-native@0.84.1 want: ^3.0.0
2544 silly placeDep ROOT ansi-regex@5.0.1 OK for: react-native@0.84.1 want: ^5.0.0
2545 silly placeDep ROOT babel-jest@29.7.0 OK for: react-native@0.84.1 want: ^29.7.0
2546 silly placeDep node_modules/react-native babel-plugin-syntax-hermes-parser@0.32.0 OK for: react-native@0.84.1 want: 0.32.0
2547 silly placeDep node_modules/react-native commander@12.1.0 OK for: react-native@0.84.1 want: ^12.0.0
2548 silly placeDep ROOT hermes-compiler@250829098.0.9 OK for: react-native@0.84.1 want: 250829098.0.9
2549 silly placeDep ROOT jest-environment-node@29.7.0 OK for: react-native@0.84.1 want: ^29.7.0
2550 silly placeDep ROOT memoize-one@5.2.1 OK for: react-native@0.84.1 want: ^5.0.0
2551 silly placeDep ROOT promise@8.3.0 OK for: react-native@0.84.1 want: ^8.3.0
2552 silly placeDep ROOT react-devtools-core@6.1.5 OK for: react-native@0.84.1 want: ^6.1.5
2553 silly placeDep ROOT regenerator-runtime@0.13.11 OK for: react-native@0.84.1 want: ^0.13.2
2554 silly placeDep ROOT scheduler@0.27.0 OK for: react-native@0.84.1 want: 0.27.0
2555 silly placeDep ROOT tinyglobby@0.2.15 OK for: react-native@0.84.1 want: ^0.2.15
2556 silly placeDep ROOT whatwg-fetch@3.6.20 OK for: react-native@0.84.1 want: ^3.0.0
2557 silly placeDep node_modules/react-native ws@7.5.10 OK for: react-native@0.84.1 want: ^7.5.10
2558 silly fetch manifest @react-native/dev-middleware@0.84.1
2559 silly packumentCache full:https://registry.npmjs.org/@react-native%2fdev-middleware cache-miss
2560 silly fetch manifest event-target-shim@^5.0.0
2561 silly packumentCache full:https://registry.npmjs.org/event-target-shim cache-miss
2562 silly fetch manifest slash@^3.0.0
2563 silly packumentCache full:https://registry.npmjs.org/slash cache-miss
2564 silly fetch manifest @jest/transform@^29.7.0
2565 silly packumentCache full:https://registry.npmjs.org/@jest%2ftransform cache-miss
2566 silly fetch manifest babel-preset-jest@^29.6.3
2567 silly packumentCache full:https://registry.npmjs.org/babel-preset-jest cache-miss
2568 silly fetch manifest @types/babel__core@^7.1.14
2569 silly packumentCache full:https://registry.npmjs.org/@types%2fbabel__core cache-miss
2570 silly fetch manifest babel-plugin-istanbul@^6.1.1
2571 silly packumentCache full:https://registry.npmjs.org/babel-plugin-istanbul cache-miss
2572 http cache https://registry.npmjs.org/@react-native%2fdev-middleware 32ms (cache hit)
2573 silly packumentCache full:https://registry.npmjs.org/@react-native%2fdev-middleware set size:2275696 disposed:false
2574 silly fetch manifest jest-mock@^29.7.0
2575 silly packumentCache full:https://registry.npmjs.org/jest-mock cache-miss
2576 http fetch GET 200 https://registry.npmjs.org/event-target-shim 100ms (cache miss)
2577 silly packumentCache full:https://registry.npmjs.org/event-target-shim set size:undefined disposed:false
2578 silly fetch manifest @jest/environment@^29.7.0
2579 silly packumentCache full:https://registry.npmjs.org/@jest%2fenvironment cache-miss
2580 http fetch GET 200 https://registry.npmjs.org/slash 105ms (cache miss)
2581 silly packumentCache full:https://registry.npmjs.org/slash set size:undefined disposed:false
2582 silly fetch manifest @jest/fake-timers@^29.7.0
2583 silly packumentCache full:https://registry.npmjs.org/@jest%2ffake-timers cache-miss
2584 http fetch GET 200 https://registry.npmjs.org/@types%2fbabel__core 108ms (cache miss)
2585 silly packumentCache full:https://registry.npmjs.org/@types%2fbabel__core set size:undefined disposed:false
2586 silly fetch manifest asap@~2.0.6
2587 silly packumentCache full:https://registry.npmjs.org/asap cache-miss
2588 http fetch GET 200 https://registry.npmjs.org/babel-plugin-istanbul 111ms (cache miss)
2589 silly packumentCache full:https://registry.npmjs.org/babel-plugin-istanbul set size:undefined disposed:false
2590 silly fetch manifest ws@^7
2591 silly packumentCache full:https://registry.npmjs.org/ws cache-hit
2592 silly fetch manifest shell-quote@^1.6.1
2593 silly packumentCache full:https://registry.npmjs.org/shell-quote cache-miss
2594 http fetch GET 200 https://registry.npmjs.org/@jest%2ftransform 125ms (cache miss)
2595 silly packumentCache full:https://registry.npmjs.org/@jest%2ftransform set size:undefined disposed:false
2596 silly fetch manifest fdir@^6.5.0
2597 silly packumentCache full:https://registry.npmjs.org/fdir cache-miss
2598 http fetch GET 200 https://registry.npmjs.org/babel-preset-jest 133ms (cache miss)
2599 silly packumentCache full:https://registry.npmjs.org/babel-preset-jest set size:undefined disposed:false
2600 http fetch GET 200 https://registry.npmjs.org/jest-mock 75ms (cache miss)
2601 silly packumentCache full:https://registry.npmjs.org/jest-mock set size:undefined disposed:false
2602 http fetch GET 200 https://registry.npmjs.org/asap 70ms (cache miss)
2603 silly packumentCache full:https://registry.npmjs.org/asap set size:undefined disposed:false
2604 http fetch GET 200 https://registry.npmjs.org/shell-quote 71ms (cache miss)
2605 silly packumentCache full:https://registry.npmjs.org/shell-quote set size:undefined disposed:false
2606 http fetch GET 200 https://registry.npmjs.org/fdir 62ms (cache miss)
2607 silly packumentCache full:https://registry.npmjs.org/fdir set size:undefined disposed:false
2608 http fetch GET 200 https://registry.npmjs.org/@jest%2ffake-timers 91ms (cache miss)
2609 silly packumentCache full:https://registry.npmjs.org/@jest%2ffake-timers set size:undefined disposed:false
2610 http fetch GET 200 https://registry.npmjs.org/@jest%2fenvironment 98ms (cache miss)
2611 silly packumentCache full:https://registry.npmjs.org/@jest%2fenvironment set size:undefined disposed:false
2612 silly placeDep node_modules/@react-native/community-cli-plugin @react-native/dev-middleware@0.84.1 OK for: @react-native/community-cli-plugin@0.84.1 want: 0.84.1
2613 silly fetch manifest @react-native/debugger-shell@0.84.1
2614 silly packumentCache full:https://registry.npmjs.org/@react-native%2fdebugger-shell cache-miss
2615 silly fetch manifest @react-native/debugger-frontend@0.84.1
2616 silly packumentCache full:https://registry.npmjs.org/@react-native%2fdebugger-frontend cache-miss
2617 http cache https://registry.npmjs.org/@react-native%2fdebugger-shell 7ms (cache hit)
2618 silly packumentCache full:https://registry.npmjs.org/@react-native%2fdebugger-shell set size:694700 disposed:false
2619 http cache https://registry.npmjs.org/@react-native%2fdebugger-frontend 13ms (cache hit)
2620 silly packumentCache full:https://registry.npmjs.org/@react-native%2fdebugger-frontend set size:1815836 disposed:false
2621 silly placeDep ROOT event-target-shim@5.0.1 OK for: abort-controller@3.0.0 want: ^5.0.0
2622 silly placeDep ROOT @jest/transform@29.7.0 OK for: babel-jest@29.7.0 want: ^29.7.0
2623 silly placeDep ROOT @types/babel__core@7.20.5 OK for: babel-jest@29.7.0 want: ^7.1.14
2624 silly placeDep ROOT babel-plugin-istanbul@6.1.1 OK for: babel-jest@29.7.0 want: ^6.1.1
2625 silly placeDep ROOT babel-preset-jest@29.6.3 OK for: babel-jest@29.7.0 want: ^29.6.3
2626 silly placeDep ROOT slash@3.0.0 OK for: babel-jest@29.7.0 want: ^3.0.0
2627 silly fetch manifest pirates@^4.0.4
2628 silly packumentCache full:https://registry.npmjs.org/pirates cache-miss
2629 silly fetch manifest jest-haste-map@^29.7.0
2630 silly packumentCache full:https://registry.npmjs.org/jest-haste-map cache-miss
2631 silly fetch manifest jest-regex-util@^29.6.3
2632 silly packumentCache full:https://registry.npmjs.org/jest-regex-util cache-miss
2633 silly fetch manifest write-file-atomic@^4.0.2
2634 silly packumentCache full:https://registry.npmjs.org/write-file-atomic cache-miss
2635 silly fetch manifest fast-json-stable-stringify@^2.1.0
2636 silly packumentCache full:https://registry.npmjs.org/fast-json-stable-stringify cache-miss
2637 silly fetch manifest @types/babel__template@*
2638 silly packumentCache full:https://registry.npmjs.org/@types%2fbabel__template cache-miss
2639 silly fetch manifest @types/babel__traverse@*
2640 silly packumentCache full:https://registry.npmjs.org/@types%2fbabel__traverse cache-miss
2641 http fetch GET 200 https://registry.npmjs.org/fast-json-stable-stringify 46ms (cache miss)
2642 silly packumentCache full:https://registry.npmjs.org/fast-json-stable-stringify set size:undefined disposed:false
2643 silly fetch manifest @types/babel__generator@*
2644 silly packumentCache full:https://registry.npmjs.org/@types%2fbabel__generator cache-miss
2645 http fetch GET 200 https://registry.npmjs.org/write-file-atomic 63ms (cache miss)
2646 silly packumentCache full:https://registry.npmjs.org/write-file-atomic set size:undefined disposed:false
2647 silly fetch manifest test-exclude@^6.0.0
2648 silly packumentCache full:https://registry.npmjs.org/test-exclude cache-miss
2649 http fetch GET 200 https://registry.npmjs.org/jest-haste-map 67ms (cache miss)
2650 silly packumentCache full:https://registry.npmjs.org/jest-haste-map set size:undefined disposed:false
2651 silly fetch manifest @istanbuljs/schema@^0.1.2
2652 silly packumentCache full:https://registry.npmjs.org/@istanbuljs%2fschema cache-miss
2653 http fetch GET 200 https://registry.npmjs.org/jest-regex-util 79ms (cache miss)
2654 silly packumentCache full:https://registry.npmjs.org/jest-regex-util set size:undefined disposed:false
2655 silly fetch manifest istanbul-lib-instrument@^5.0.4
2656 silly packumentCache full:https://registry.npmjs.org/istanbul-lib-instrument cache-miss
2657 http fetch GET 200 https://registry.npmjs.org/@types%2fbabel__template 82ms (cache miss)
2658 silly packumentCache full:https://registry.npmjs.org/@types%2fbabel__template set size:undefined disposed:false
2659 silly fetch manifest @istanbuljs/load-nyc-config@^1.0.0
2660 silly packumentCache full:https://registry.npmjs.org/@istanbuljs%2fload-nyc-config cache-miss
2661 http fetch GET 200 https://registry.npmjs.org/pirates 90ms (cache miss)
2662 silly packumentCache full:https://registry.npmjs.org/pirates set size:undefined disposed:false
2663 silly fetch manifest babel-plugin-jest-hoist@^29.6.3
2664 silly packumentCache full:https://registry.npmjs.org/babel-plugin-jest-hoist cache-miss
2665 http fetch GET 200 https://registry.npmjs.org/@types%2fbabel__generator 55ms (cache miss)
2666 silly packumentCache full:https://registry.npmjs.org/@types%2fbabel__generator set size:undefined disposed:false
2667 silly fetch manifest babel-preset-current-node-syntax@^1.0.0
2668 silly packumentCache full:https://registry.npmjs.org/babel-preset-current-node-syntax cache-miss
2669 http fetch GET 200 https://registry.npmjs.org/test-exclude 69ms (cache miss)
2670 silly packumentCache full:https://registry.npmjs.org/test-exclude set size:undefined disposed:false
2671 http fetch GET 200 https://registry.npmjs.org/@istanbuljs%2fschema 64ms (cache miss)
2672 silly packumentCache full:https://registry.npmjs.org/@istanbuljs%2fschema set size:undefined disposed:false
2673 http fetch GET 200 https://registry.npmjs.org/istanbul-lib-instrument 59ms (cache miss)
2674 silly packumentCache full:https://registry.npmjs.org/istanbul-lib-instrument set size:undefined disposed:false
2675 http fetch GET 200 https://registry.npmjs.org/@istanbuljs%2fload-nyc-config 66ms (cache miss)
2676 silly packumentCache full:https://registry.npmjs.org/@istanbuljs%2fload-nyc-config set size:undefined disposed:false
2677 http fetch GET 200 https://registry.npmjs.org/babel-preset-current-node-syntax 46ms (cache miss)
2678 silly packumentCache full:https://registry.npmjs.org/babel-preset-current-node-syntax set size:undefined disposed:false
2679 http fetch GET 200 https://registry.npmjs.org/babel-plugin-jest-hoist 78ms (cache miss)
2680 silly packumentCache full:https://registry.npmjs.org/babel-plugin-jest-hoist set size:undefined disposed:false
2681 http fetch GET 200 https://registry.npmjs.org/@types%2fbabel__traverse 259ms (cache miss)
2682 silly packumentCache full:https://registry.npmjs.org/@types%2fbabel__traverse set size:undefined disposed:false
2683 silly placeDep ROOT fast-json-stable-stringify@2.1.0 OK for: @jest/transform@29.7.0 want: ^2.1.0
2684 silly placeDep ROOT jest-haste-map@29.7.0 OK for: @jest/transform@29.7.0 want: ^29.7.0
2685 silly placeDep ROOT jest-regex-util@29.6.3 OK for: @jest/transform@29.7.0 want: ^29.6.3
2686 silly placeDep ROOT pirates@4.0.7 OK for: @jest/transform@29.7.0 want: ^4.0.4
2687 silly placeDep ROOT write-file-atomic@4.0.2 OK for: @jest/transform@29.7.0 want: ^4.0.2
2688 silly fetch manifest anymatch@^3.0.3
2689 silly packumentCache full:https://registry.npmjs.org/anymatch cache-miss
2690 silly fetch manifest @types/graceful-fs@^4.1.3
2691 silly packumentCache full:https://registry.npmjs.org/@types%2fgraceful-fs cache-miss
2692 silly fetch manifest fsevents@^2.3.2
2693 silly packumentCache full:https://registry.npmjs.org/fsevents cache-miss
2694 silly fetch manifest imurmurhash@^0.1.4
2695 silly packumentCache full:https://registry.npmjs.org/imurmurhash cache-miss
2696 silly fetch manifest signal-exit@^3.0.7
2697 silly packumentCache full:https://registry.npmjs.org/signal-exit cache-miss
2698 http cache https://registry.npmjs.org/signal-exit 11ms (cache hit)
2699 silly packumentCache full:https://registry.npmjs.org/signal-exit set size:53489 disposed:false
2700 http fetch GET 200 https://registry.npmjs.org/anymatch 40ms (cache miss)
2701 silly packumentCache full:https://registry.npmjs.org/anymatch set size:undefined disposed:false
2702 http fetch GET 200 https://registry.npmjs.org/imurmurhash 55ms (cache miss)
2703 silly packumentCache full:https://registry.npmjs.org/imurmurhash set size:undefined disposed:false
2704 http fetch GET 200 https://registry.npmjs.org/@types%2fgraceful-fs 66ms (cache miss)
2705 silly packumentCache full:https://registry.npmjs.org/@types%2fgraceful-fs set size:undefined disposed:false
2706 http fetch GET 200 https://registry.npmjs.org/fsevents 74ms (cache miss)
2707 silly packumentCache full:https://registry.npmjs.org/fsevents set size:undefined disposed:false
2708 silly placeDep ROOT @types/babel__generator@7.27.0 OK for: @types/babel__core@7.20.5 want: *
2709 silly placeDep ROOT @types/babel__template@7.4.4 OK for: @types/babel__core@7.20.5 want: *
2710 silly placeDep ROOT @types/babel__traverse@7.28.0 OK for: @types/babel__core@7.20.5 want: *
2711 silly placeDep ROOT @istanbuljs/load-nyc-config@1.1.0 OK for: babel-plugin-istanbul@6.1.1 want: ^1.0.0
2712 silly placeDep ROOT @istanbuljs/schema@0.1.3 OK for: babel-plugin-istanbul@6.1.1 want: ^0.1.2
2713 silly placeDep ROOT istanbul-lib-instrument@5.2.1 OK for: babel-plugin-istanbul@6.1.1 want: ^5.0.4
2714 silly placeDep ROOT test-exclude@6.0.0 OK for: babel-plugin-istanbul@6.1.1 want: ^6.0.0
2715 silly fetch manifest camelcase@^5.3.1
2716 silly packumentCache full:https://registry.npmjs.org/camelcase cache-miss
2717 silly fetch manifest find-up@^4.1.0
2718 silly packumentCache full:https://registry.npmjs.org/find-up cache-miss
2719 silly fetch manifest get-package-type@^0.1.0
2720 silly packumentCache full:https://registry.npmjs.org/get-package-type cache-miss
2721 silly fetch manifest js-yaml@^3.13.1
2722 silly packumentCache full:https://registry.npmjs.org/js-yaml cache-miss
2723 silly fetch manifest semver@^6.3.0
2724 silly packumentCache full:https://registry.npmjs.org/semver cache-hit
2725 silly fetch manifest istanbul-lib-coverage@^3.2.0
2726 silly packumentCache full:https://registry.npmjs.org/istanbul-lib-coverage cache-miss
2727 silly fetch manifest glob@^7.1.4
2728 silly packumentCache full:https://registry.npmjs.org/glob cache-hit
2729 silly fetch manifest minimatch@^3.0.4
2730 silly packumentCache full:https://registry.npmjs.org/minimatch cache-hit
2731 http cache https://registry.npmjs.org/camelcase 10ms (cache hit)
2732 silly packumentCache full:https://registry.npmjs.org/camelcase set size:60255 disposed:false
2733 http cache https://registry.npmjs.org/js-yaml 10ms (cache hit)
2734 silly packumentCache full:https://registry.npmjs.org/js-yaml set size:152232 disposed:false
2735 http fetch GET 200 https://registry.npmjs.org/get-package-type 47ms (cache miss)
2736 silly packumentCache full:https://registry.npmjs.org/get-package-type set size:undefined disposed:false
2737 http fetch GET 200 https://registry.npmjs.org/find-up 48ms (cache miss)
2738 silly packumentCache full:https://registry.npmjs.org/find-up set size:undefined disposed:false
2739 http fetch GET 200 https://registry.npmjs.org/istanbul-lib-coverage 56ms (cache miss)
2740 silly packumentCache full:https://registry.npmjs.org/istanbul-lib-coverage set size:undefined disposed:false
2741 silly placeDep node_modules/@istanbuljs/load-nyc-config camelcase@5.3.1 OK for: @istanbuljs/load-nyc-config@1.1.0 want: ^5.3.1
2742 silly placeDep ROOT find-up@4.1.0 OK for: @istanbuljs/load-nyc-config@1.1.0 want: ^4.1.0
2743 silly placeDep ROOT get-package-type@0.1.0 OK for: @istanbuljs/load-nyc-config@1.1.0 want: ^0.1.0
2744 silly placeDep node_modules/@istanbuljs/load-nyc-config js-yaml@3.14.2 OK for: @istanbuljs/load-nyc-config@1.1.0 want: ^3.13.1
2745 silly fetch manifest locate-path@^5.0.0
2746 silly packumentCache full:https://registry.npmjs.org/locate-path cache-miss
2747 silly fetch manifest path-exists@^4.0.0
2748 silly packumentCache full:https://registry.npmjs.org/path-exists cache-miss
2749 silly fetch manifest esprima@^4.0.0
2750 silly packumentCache full:https://registry.npmjs.org/esprima cache-miss
2751 silly fetch manifest argparse@^1.0.7
2752 silly packumentCache full:https://registry.npmjs.org/argparse cache-miss
2753 http cache https://registry.npmjs.org/argparse 7ms (cache hit)
2754 silly packumentCache full:https://registry.npmjs.org/argparse set size:49266 disposed:false
2755 http fetch GET 200 https://registry.npmjs.org/locate-path 39ms (cache miss)
2756 silly packumentCache full:https://registry.npmjs.org/locate-path set size:undefined disposed:false
2757 http fetch GET 200 https://registry.npmjs.org/path-exists 46ms (cache miss)
2758 silly packumentCache full:https://registry.npmjs.org/path-exists set size:undefined disposed:false
2759 http fetch GET 200 https://registry.npmjs.org/esprima 57ms (cache miss)
2760 silly packumentCache full:https://registry.npmjs.org/esprima set size:undefined disposed:false
2761 silly placeDep ROOT babel-plugin-jest-hoist@29.6.3 OK for: babel-preset-jest@29.6.3 want: ^29.6.3
2762 silly placeDep ROOT babel-preset-current-node-syntax@1.2.0 OK for: babel-preset-jest@29.6.3 want: ^1.0.0
2763 silly fetch manifest @babel/plugin-syntax-async-generators@^7.8.4
2764 silly packumentCache full:https://registry.npmjs.org/@babel%2fplugin-syntax-async-generators cache-miss
2765 silly fetch manifest @babel/plugin-syntax-bigint@^7.8.3
2766 silly packumentCache full:https://registry.npmjs.org/@babel%2fplugin-syntax-bigint cache-miss
2767 silly fetch manifest @babel/plugin-syntax-class-properties@^7.12.13
2768 silly packumentCache full:https://registry.npmjs.org/@babel%2fplugin-syntax-class-properties cache-miss
2769 silly fetch manifest @babel/plugin-syntax-class-static-block@^7.14.5
2770 silly packumentCache full:https://registry.npmjs.org/@babel%2fplugin-syntax-class-static-block cache-miss
2771 silly fetch manifest @babel/plugin-syntax-import-attributes@^7.24.7
2772 silly packumentCache full:https://registry.npmjs.org/@babel%2fplugin-syntax-import-attributes cache-miss
2773 silly fetch manifest @babel/plugin-syntax-import-meta@^7.10.4
2774 silly packumentCache full:https://registry.npmjs.org/@babel%2fplugin-syntax-import-meta cache-miss
2775 silly fetch manifest @babel/plugin-syntax-json-strings@^7.8.3
2776 silly packumentCache full:https://registry.npmjs.org/@babel%2fplugin-syntax-json-strings cache-miss
2777 http fetch GET 200 https://registry.npmjs.org/@babel%2fplugin-syntax-async-generators 50ms (cache miss)
2778 silly packumentCache full:https://registry.npmjs.org/@babel%2fplugin-syntax-async-generators set size:undefined disposed:false
2779 silly fetch manifest @babel/plugin-syntax-logical-assignment-operators@^7.10.4
2780 silly packumentCache full:https://registry.npmjs.org/@babel%2fplugin-syntax-logical-assignment-operators cache-miss
2781 http fetch GET 200 https://registry.npmjs.org/@babel%2fplugin-syntax-import-attributes 61ms (cache miss)
2782 silly packumentCache full:https://registry.npmjs.org/@babel%2fplugin-syntax-import-attributes set size:undefined disposed:false
2783 silly fetch manifest @babel/plugin-syntax-numeric-separator@^7.10.4
2784 silly packumentCache full:https://registry.npmjs.org/@babel%2fplugin-syntax-numeric-separator cache-miss
2785 http fetch GET 200 https://registry.npmjs.org/@babel%2fplugin-syntax-class-properties 69ms (cache miss)
2786 silly packumentCache full:https://registry.npmjs.org/@babel%2fplugin-syntax-class-properties set size:undefined disposed:false
2787 silly fetch manifest @babel/plugin-syntax-object-rest-spread@^7.8.3
2788 silly packumentCache full:https://registry.npmjs.org/@babel%2fplugin-syntax-object-rest-spread cache-miss
2789 http fetch GET 200 https://registry.npmjs.org/@babel%2fplugin-syntax-class-static-block 71ms (cache miss)
2790 silly packumentCache full:https://registry.npmjs.org/@babel%2fplugin-syntax-class-static-block set size:undefined disposed:false
2791 silly fetch manifest @babel/plugin-syntax-optional-catch-binding@^7.8.3
2792 silly packumentCache full:https://registry.npmjs.org/@babel%2fplugin-syntax-optional-catch-binding cache-miss
2793 http fetch GET 200 https://registry.npmjs.org/@babel%2fplugin-syntax-import-meta 74ms (cache miss)
2794 silly packumentCache full:https://registry.npmjs.org/@babel%2fplugin-syntax-import-meta set size:undefined disposed:false
2795 silly fetch manifest @babel/plugin-syntax-private-property-in-object@^7.14.5
2796 silly packumentCache full:https://registry.npmjs.org/@babel%2fplugin-syntax-private-property-in-object cache-miss
2797 http fetch GET 200 https://registry.npmjs.org/@babel%2fplugin-syntax-json-strings 77ms (cache miss)
2798 silly packumentCache full:https://registry.npmjs.org/@babel%2fplugin-syntax-json-strings set size:undefined disposed:false
2799 silly fetch manifest @babel/plugin-syntax-top-level-await@^7.14.5
2800 silly packumentCache full:https://registry.npmjs.org/@babel%2fplugin-syntax-top-level-await cache-miss
2801 http fetch GET 200 https://registry.npmjs.org/@babel%2fplugin-syntax-bigint 101ms (cache miss)
2802 silly packumentCache full:https://registry.npmjs.org/@babel%2fplugin-syntax-bigint set size:undefined disposed:false
2803 http fetch GET 200 https://registry.npmjs.org/@babel%2fplugin-syntax-logical-assignment-operators 55ms (cache miss)
2804 silly packumentCache full:https://registry.npmjs.org/@babel%2fplugin-syntax-logical-assignment-operators set size:undefined disposed:false
2805 http fetch GET 200 https://registry.npmjs.org/@babel%2fplugin-syntax-numeric-separator 50ms (cache miss)
2806 silly packumentCache full:https://registry.npmjs.org/@babel%2fplugin-syntax-numeric-separator set size:undefined disposed:false
2807 http fetch GET 200 https://registry.npmjs.org/@babel%2fplugin-syntax-optional-catch-binding 55ms (cache miss)
2808 silly packumentCache full:https://registry.npmjs.org/@babel%2fplugin-syntax-optional-catch-binding set size:undefined disposed:false
2809 http fetch GET 200 https://registry.npmjs.org/@babel%2fplugin-syntax-top-level-await 54ms (cache miss)
2810 silly packumentCache full:https://registry.npmjs.org/@babel%2fplugin-syntax-top-level-await set size:undefined disposed:false
2811 http fetch GET 200 https://registry.npmjs.org/@babel%2fplugin-syntax-object-rest-spread 71ms (cache miss)
2812 silly packumentCache full:https://registry.npmjs.org/@babel%2fplugin-syntax-object-rest-spread set size:undefined disposed:false
2813 http fetch GET 200 https://registry.npmjs.org/@babel%2fplugin-syntax-private-property-in-object 592ms (cache miss)
2814 silly packumentCache full:https://registry.npmjs.org/@babel%2fplugin-syntax-private-property-in-object set size:undefined disposed:false
2815 silly fetch manifest @babel/core@^7.0.0 || ^8.0.0-0
2816 silly packumentCache full:https://registry.npmjs.org/@babel%2fcore cache-hit
2817 silly placeDep ROOT @babel/plugin-syntax-async-generators@7.8.4 OK for: babel-preset-current-node-syntax@1.2.0 want: ^7.8.4
2818 silly placeDep ROOT @babel/plugin-syntax-bigint@7.8.3 OK for: babel-preset-current-node-syntax@1.2.0 want: ^7.8.3
2819 silly placeDep ROOT @babel/plugin-syntax-class-properties@7.12.13 OK for: babel-preset-current-node-syntax@1.2.0 want: ^7.12.13
2820 silly placeDep ROOT @babel/plugin-syntax-class-static-block@7.14.5 OK for: babel-preset-current-node-syntax@1.2.0 want: ^7.14.5
2821 silly placeDep ROOT @babel/plugin-syntax-import-attributes@7.28.6 OK for: babel-preset-current-node-syntax@1.2.0 want: ^7.24.7
2822 silly placeDep ROOT @babel/plugin-syntax-import-meta@7.10.4 OK for: babel-preset-current-node-syntax@1.2.0 want: ^7.10.4
2823 silly placeDep ROOT @babel/plugin-syntax-json-strings@7.8.3 OK for: babel-preset-current-node-syntax@1.2.0 want: ^7.8.3
2824 silly placeDep ROOT @babel/plugin-syntax-logical-assignment-operators@7.10.4 OK for: babel-preset-current-node-syntax@1.2.0 want: ^7.10.4
2825 silly placeDep ROOT @babel/plugin-syntax-numeric-separator@7.10.4 OK for: babel-preset-current-node-syntax@1.2.0 want: ^7.10.4
2826 silly placeDep ROOT @babel/plugin-syntax-object-rest-spread@7.8.3 OK for: babel-preset-current-node-syntax@1.2.0 want: ^7.8.3
2827 silly placeDep ROOT @babel/plugin-syntax-optional-catch-binding@7.8.3 OK for: babel-preset-current-node-syntax@1.2.0 want: ^7.8.3
2828 silly placeDep ROOT @babel/plugin-syntax-private-property-in-object@7.14.5 OK for: babel-preset-current-node-syntax@1.2.0 want: ^7.14.5
2829 silly placeDep ROOT @babel/plugin-syntax-top-level-await@7.14.5 OK for: babel-preset-current-node-syntax@1.2.0 want: ^7.14.5
2830 silly placeDep ROOT locate-path@5.0.0 OK for: find-up@4.1.0 want: ^5.0.0
2831 silly placeDep ROOT path-exists@4.0.0 OK for: find-up@4.1.0 want: ^4.0.0
2832 silly fetch manifest p-locate@^4.1.0
2833 silly packumentCache full:https://registry.npmjs.org/p-locate cache-miss
2834 http fetch GET 200 https://registry.npmjs.org/p-locate 46ms (cache miss)
2835 silly packumentCache full:https://registry.npmjs.org/p-locate set size:undefined disposed:false
2836 silly placeDep ROOT istanbul-lib-coverage@3.2.2 OK for: istanbul-lib-instrument@5.2.1 want: ^3.2.0
2837 silly placeDep node_modules/istanbul-lib-instrument semver@6.3.1 OK for: istanbul-lib-instrument@5.2.1 want: ^6.3.0
2838 silly placeDep ROOT @jest/environment@29.7.0 OK for: jest-environment-node@29.7.0 want: ^29.7.0
2839 silly placeDep ROOT @jest/fake-timers@29.7.0 OK for: jest-environment-node@29.7.0 want: ^29.7.0
2840 silly placeDep ROOT jest-mock@29.7.0 OK for: jest-environment-node@29.7.0 want: ^29.7.0
2841 silly fetch manifest jest-message-util@^29.7.0
2842 silly packumentCache full:https://registry.npmjs.org/jest-message-util cache-miss
2843 silly fetch manifest @sinonjs/fake-timers@^10.0.2
2844 silly packumentCache full:https://registry.npmjs.org/@sinonjs%2ffake-timers cache-miss
2845 http fetch GET 200 https://registry.npmjs.org/jest-message-util 51ms (cache miss)
2846 silly packumentCache full:https://registry.npmjs.org/jest-message-util set size:undefined disposed:false
2847 http fetch GET 200 https://registry.npmjs.org/@sinonjs%2ffake-timers 66ms (cache miss)
2848 silly packumentCache full:https://registry.npmjs.org/@sinonjs%2ffake-timers set size:undefined disposed:false
2849 silly placeDep ROOT @sinonjs/fake-timers@10.3.0 OK for: @jest/fake-timers@29.7.0 want: ^10.0.2
2850 silly placeDep ROOT jest-message-util@29.7.0 OK for: @jest/fake-timers@29.7.0 want: ^29.7.0
2851 silly fetch manifest @sinonjs/commons@^3.0.0
2852 silly packumentCache full:https://registry.npmjs.org/@sinonjs%2fcommons cache-miss
2853 silly fetch manifest stack-utils@^2.0.3
2854 silly packumentCache full:https://registry.npmjs.org/stack-utils cache-miss
2855 silly fetch manifest @types/stack-utils@^2.0.0
2856 silly packumentCache full:https://registry.npmjs.org/@types%2fstack-utils cache-miss
2857 http fetch GET 200 https://registry.npmjs.org/@sinonjs%2fcommons 55ms (cache miss)
2858 silly packumentCache full:https://registry.npmjs.org/@sinonjs%2fcommons set size:undefined disposed:false
2859 http fetch GET 200 https://registry.npmjs.org/@types%2fstack-utils 55ms (cache miss)
2860 silly packumentCache full:https://registry.npmjs.org/@types%2fstack-utils set size:undefined disposed:false
2861 http fetch GET 200 https://registry.npmjs.org/stack-utils 57ms (cache miss)
2862 silly packumentCache full:https://registry.npmjs.org/stack-utils set size:undefined disposed:false
2863 silly placeDep ROOT @sinonjs/commons@3.0.1 OK for: @sinonjs/fake-timers@10.3.0 want: ^3.0.0
2864 silly fetch manifest type-detect@4.0.8
2865 silly packumentCache full:https://registry.npmjs.org/type-detect cache-miss
2866 http fetch GET 200 https://registry.npmjs.org/type-detect 38ms (cache miss)
2867 silly packumentCache full:https://registry.npmjs.org/type-detect set size:undefined disposed:false
2868 silly placeDep ROOT type-detect@4.0.8 OK for: @sinonjs/commons@3.0.1 want: 4.0.8
2869 silly placeDep ROOT @types/graceful-fs@4.1.9 OK for: jest-haste-map@29.7.0 want: ^4.1.3
2870 silly placeDep ROOT anymatch@3.1.3 OK for: jest-haste-map@29.7.0 want: ^3.0.3
2871 silly placeDep ROOT fsevents@2.3.3 OK for: jest-haste-map@29.7.0 want: ^2.3.2
2872 silly fetch manifest picomatch@^2.0.4
2873 silly packumentCache full:https://registry.npmjs.org/picomatch cache-hit
2874 silly fetch manifest normalize-path@^3.0.0
2875 silly packumentCache full:https://registry.npmjs.org/normalize-path cache-miss
2876 http fetch GET 200 https://registry.npmjs.org/normalize-path 52ms (cache miss)
2877 silly packumentCache full:https://registry.npmjs.org/normalize-path set size:undefined disposed:false
2878 silly placeDep ROOT normalize-path@3.0.0 OK for: anymatch@3.1.3 want: ^3.0.0
2879 silly placeDep node_modules/anymatch picomatch@2.3.2 OK for: anymatch@3.1.3 want: ^2.0.4
2880 silly placeDep ROOT @types/stack-utils@2.0.3 OK for: jest-message-util@29.7.0 want: ^2.0.0
2881 silly placeDep ROOT stack-utils@2.0.6 OK for: jest-message-util@29.7.0 want: ^2.0.3
2882 silly fetch manifest escape-string-regexp@^2.0.0
2883 silly packumentCache full:https://registry.npmjs.org/escape-string-regexp cache-hit
2884 silly placeDep ROOT p-locate@4.1.0 OK for: locate-path@5.0.0 want: ^4.1.0
2885 silly fetch manifest p-limit@^2.2.0
2886 silly packumentCache full:https://registry.npmjs.org/p-limit cache-miss
2887 http fetch GET 200 https://registry.npmjs.org/p-limit 38ms (cache miss)
2888 silly packumentCache full:https://registry.npmjs.org/p-limit set size:undefined disposed:false
2889 silly placeDep ROOT p-limit@2.3.0 OK for: p-locate@4.1.0 want: ^2.2.0
2890 silly fetch manifest p-try@^2.0.0
2891 silly packumentCache full:https://registry.npmjs.org/p-try cache-miss
2892 http fetch GET 200 https://registry.npmjs.org/p-try 42ms (cache miss)
2893 silly packumentCache full:https://registry.npmjs.org/p-try set size:undefined disposed:false
2894 silly placeDep ROOT p-try@2.2.0 OK for: p-limit@2.3.0 want: ^2.0.0
2895 silly placeDep ROOT asap@2.0.6 OK for: promise@8.3.0 want: ~2.0.6
2896 silly placeDep ROOT shell-quote@1.8.3 OK for: react-devtools-core@6.1.5 want: ^1.6.1
2897 silly placeDep node_modules/react-devtools-core ws@7.5.10 OK for: react-devtools-core@6.1.5 want: ^7
2898 silly placeDep ROOT regenerate@1.4.2 OK for: regexpu-core@6.4.0 want: ^1.4.2
2899 silly placeDep ROOT regenerate-unicode-properties@10.2.2 OK for: regexpu-core@6.4.0 want: ^10.2.2
2900 silly placeDep ROOT regjsgen@0.8.0 OK for: regexpu-core@6.4.0 want: ^0.8.0
2901 silly placeDep ROOT regjsparser@0.13.0 OK for: regexpu-core@6.4.0 want: ^0.13.0
2902 silly placeDep ROOT unicode-match-property-ecmascript@2.0.0 OK for: regexpu-core@6.4.0 want: ^2.0.0
2903 silly placeDep ROOT unicode-match-property-value-ecmascript@2.2.1 OK for: regexpu-core@6.4.0 want: ^2.2.1
2904 silly fetch manifest unicode-canonical-property-names-ecmascript@^2.0.0
2905 silly packumentCache full:https://registry.npmjs.org/unicode-canonical-property-names-ecmascript cache-miss
2906 silly fetch manifest unicode-property-aliases-ecmascript@^2.0.0
2907 silly packumentCache full:https://registry.npmjs.org/unicode-property-aliases-ecmascript cache-miss
2908 http fetch GET 200 https://registry.npmjs.org/unicode-canonical-property-names-ecmascript 51ms (cache miss)
2909 silly packumentCache full:https://registry.npmjs.org/unicode-canonical-property-names-ecmascript set size:undefined disposed:false
2910 http fetch GET 200 https://registry.npmjs.org/unicode-property-aliases-ecmascript 53ms (cache miss)
2911 silly packumentCache full:https://registry.npmjs.org/unicode-property-aliases-ecmascript set size:undefined disposed:false
2912 silly placeDep ROOT is-core-module@2.16.1 OK for: resolve@1.22.11 want: ^2.16.1
2913 silly placeDep ROOT path-parse@1.0.7 OK for: resolve@1.22.11 want: ^1.0.7
2914 silly placeDep ROOT supports-preserve-symlinks-flag@1.0.0 OK for: resolve@1.22.11 want: ^1.0.0
2915 silly fetch manifest hasown@^2.0.2
2916 silly packumentCache full:https://registry.npmjs.org/hasown cache-miss
2917 http fetch GET 200 https://registry.npmjs.org/hasown 40ms (cache miss)
2918 silly packumentCache full:https://registry.npmjs.org/hasown set size:undefined disposed:false
2919 silly placeDep ROOT hasown@2.0.2 OK for: is-core-module@2.16.1 want: ^2.0.2
2920 silly fetch manifest function-bind@^1.1.2
2921 silly packumentCache full:https://registry.npmjs.org/function-bind cache-miss
2922 http fetch GET 200 https://registry.npmjs.org/function-bind 39ms (cache miss)
2923 silly packumentCache full:https://registry.npmjs.org/function-bind set size:undefined disposed:false
2924 silly placeDep ROOT function-bind@1.1.2 OK for: hasown@2.0.2 want: ^1.1.2
2925 silly placeDep ROOT onetime@2.0.1 OK for: restore-cursor@2.0.0 want: ^2.0.0
2926 silly placeDep ROOT signal-exit@3.0.7 OK for: restore-cursor@2.0.0 want: ^3.0.2
2927 silly fetch manifest mimic-fn@^1.0.0
2928 silly packumentCache full:https://registry.npmjs.org/mimic-fn cache-miss
2929 http fetch GET 200 https://registry.npmjs.org/mimic-fn 46ms (cache miss)
2930 silly packumentCache full:https://registry.npmjs.org/mimic-fn set size:undefined disposed:false
2931 silly placeDep ROOT mimic-fn@1.2.0 OK for: onetime@2.0.1 want: ^1.0.0
2932 silly placeDep node_modules/rimraf glob@7.2.3 OK for: rimraf@3.0.2 want: ^7.1.3
2933 silly placeDep node_modules/send debug@2.6.9 OK for: send@0.19.2 want: 2.6.9
2934 silly placeDep ROOT depd@2.0.0 OK for: send@0.19.2 want: 2.0.0
2935 silly placeDep ROOT destroy@1.2.0 OK for: send@0.19.2 want: 1.2.0
2936 silly placeDep node_modules/send encodeurl@2.0.0 OK for: send@0.19.2 want: ~2.0.0
2937 silly placeDep ROOT etag@1.8.1 OK for: send@0.19.2 want: ~1.8.1
2938 silly placeDep ROOT fresh@0.5.2 OK for: send@0.19.2 want: ~0.5.2
2939 silly placeDep ROOT http-errors@2.0.1 OK for: send@0.19.2 want: ~2.0.1
2940 silly placeDep ROOT mime@1.6.0 OK for: send@0.19.2 want: 1.6.0
2941 silly placeDep node_modules/send on-finished@2.4.1 OK for: send@0.19.2 want: ~2.4.1
2942 silly placeDep ROOT range-parser@1.2.1 OK for: send@0.19.2 want: ~1.2.1
2943 silly placeDep node_modules/send statuses@2.0.2 OK for: send@0.19.2 want: ~2.0.2
2944 silly fetch manifest setprototypeof@~1.2.0
2945 silly packumentCache full:https://registry.npmjs.org/setprototypeof cache-miss
2946 silly fetch manifest toidentifier@~1.0.1
2947 silly packumentCache full:https://registry.npmjs.org/toidentifier cache-miss
2948 http fetch GET 200 https://registry.npmjs.org/toidentifier 36ms (cache miss)
2949 silly packumentCache full:https://registry.npmjs.org/toidentifier set size:undefined disposed:false
2950 http fetch GET 200 https://registry.npmjs.org/setprototypeof 41ms (cache miss)
2951 silly packumentCache full:https://registry.npmjs.org/setprototypeof set size:undefined disposed:false
2952 silly placeDep ROOT setprototypeof@1.2.0 OK for: http-errors@2.0.1 want: ~1.2.0
2953 silly placeDep node_modules/http-errors statuses@2.0.2 OK for: http-errors@2.0.1 want: ~2.0.2
2954 silly placeDep ROOT toidentifier@1.0.1 OK for: http-errors@2.0.1 want: ~1.0.1
2955 silly placeDep node_modules/serve-static encodeurl@2.0.0 OK for: serve-static@1.16.3 want: ~2.0.0
2956 silly placeDep ROOT shebang-regex@3.0.0 OK for: shebang-command@2.0.0 want: ^3.0.0
2957 silly placeDep ROOT buffer-from@1.1.2 OK for: source-map-support@0.5.21 want: ^1.0.0
2958 silly placeDep node_modules/source-map-support source-map@0.6.1 OK for: source-map-support@0.5.21 want: ^0.6.0
2959 silly placeDep node_modules/stack-utils escape-string-regexp@2.0.0 OK for: stack-utils@2.0.6 want: ^2.0.0
2960 silly placeDep ROOT type-fest@0.7.1 OK for: stacktrace-parser@0.1.11 want: ^0.7.1
2961 silly placeDep node_modules/strip-ansi ansi-regex@4.1.1 OK for: strip-ansi@5.2.0 want: ^4.1.0
2962 silly placeDep ROOT has-flag@4.0.0 OK for: supports-color@7.2.0 want: ^4.0.0
2963 silly placeDep ROOT ansi-escapes@4.3.2 OK for: terminal-link@2.1.1 want: ^4.2.1
2964 silly placeDep ROOT supports-hyperlinks@2.3.0 OK for: terminal-link@2.1.1 want: ^2.0.0
2965 silly fetch manifest type-fest@^0.21.3
2966 silly packumentCache full:https://registry.npmjs.org/type-fest cache-miss
2967 http cache https://registry.npmjs.org/type-fest 5ms (cache hit)
2968 silly packumentCache full:https://registry.npmjs.org/type-fest set size:557806 disposed:false
2969 silly placeDep node_modules/ansi-escapes type-fest@0.21.3 OK for: ansi-escapes@4.3.2 want: ^0.21.3
2970 silly placeDep ROOT @jridgewell/source-map@0.3.11 OK for: terser@5.46.1 want: ^0.3.3
2971 silly placeDep ROOT acorn@8.16.0 OK for: terser@5.46.1 want: ^8.15.0
2972 silly placeDep node_modules/terser commander@2.20.3 OK for: terser@5.46.1 want: ^2.20.0
2973 silly placeDep node_modules/test-exclude glob@7.2.3 OK for: test-exclude@6.0.0 want: ^7.1.4
2974 silly placeDep node_modules/test-exclude minimatch@3.1.5 OK for: test-exclude@6.0.0 want: ^3.0.4
2975 silly fetch manifest brace-expansion@^1.1.7
2976 silly packumentCache full:https://registry.npmjs.org/brace-expansion cache-miss
2977 http cache https://registry.npmjs.org/brace-expansion 5ms (cache hit)
2978 silly packumentCache full:https://registry.npmjs.org/brace-expansion set size:61740 disposed:false
2979 silly placeDep ROOT fdir@6.5.0 OK for: tinyglobby@0.2.15 want: ^6.5.0
2980 silly placeDep ROOT is-number@7.0.0 OK for: to-regex-range@5.0.1 want: ^7.0.0
2981 silly placeDep ROOT unicode-canonical-property-names-ecmascript@2.0.1 OK for: unicode-match-property-ecmascript@2.0.0 want: ^2.0.0
2982 silly placeDep ROOT unicode-property-aliases-ecmascript@2.2.0 OK for: unicode-match-property-ecmascript@2.0.0 want: ^2.0.0
2983 silly placeDep ROOT escalade@3.2.0 OK for: update-browserslist-db@1.2.3 want: ^3.2.0
2984 silly placeDep ROOT makeerror@1.0.12 OK for: walker@1.0.8 want: 1.0.12
2985 silly fetch manifest tmpl@1.0.5
2986 silly packumentCache full:https://registry.npmjs.org/tmpl cache-miss
2987 http fetch GET 200 https://registry.npmjs.org/tmpl 34ms (cache miss)
2988 silly packumentCache full:https://registry.npmjs.org/tmpl set size:undefined disposed:false
2989 silly placeDep ROOT tmpl@1.0.5 OK for: makeerror@1.0.12 want: 1.0.5
2990 silly placeDep ROOT defaults@1.0.4 OK for: wcwidth@1.0.1 want: ^1.0.3
2991 silly fetch manifest clone@^1.0.2
2992 silly packumentCache full:https://registry.npmjs.org/clone cache-miss
2993 http fetch GET 200 https://registry.npmjs.org/clone 40ms (cache miss)
2994 silly packumentCache full:https://registry.npmjs.org/clone set size:undefined disposed:false
2995 silly placeDep ROOT clone@1.0.4 OK for: defaults@1.0.4 want: ^1.0.2
2996 silly placeDep ROOT isexe@2.0.0 OK for: which@2.0.2 want: ^2.0.0
2997 silly placeDep ROOT string-width@4.2.3 OK for: wrap-ansi@7.0.0 want: ^4.1.0
2998 silly placeDep node_modules/wrap-ansi strip-ansi@6.0.1 OK for: wrap-ansi@7.0.0 want: ^6.0.0
2999 silly fetch manifest strip-ansi@^6.0.1
3000 silly packumentCache full:https://registry.npmjs.org/strip-ansi cache-hit
3001 silly fetch manifest emoji-regex@^8.0.0
3002 silly packumentCache full:https://registry.npmjs.org/emoji-regex cache-miss
3003 silly fetch manifest is-fullwidth-code-point@^3.0.0
3004 silly packumentCache full:https://registry.npmjs.org/is-fullwidth-code-point cache-miss
3005 http fetch GET 200 https://registry.npmjs.org/emoji-regex 46ms (cache miss)
3006 silly packumentCache full:https://registry.npmjs.org/emoji-regex set size:undefined disposed:false
3007 http fetch GET 200 https://registry.npmjs.org/is-fullwidth-code-point 47ms (cache miss)
3008 silly packumentCache full:https://registry.npmjs.org/is-fullwidth-code-point set size:undefined disposed:false
3009 silly placeDep ROOT emoji-regex@8.0.0 OK for: string-width@4.2.3 want: ^8.0.0
3010 silly placeDep ROOT is-fullwidth-code-point@3.0.0 OK for: string-width@4.2.3 want: ^3.0.0
3011 silly placeDep node_modules/string-width strip-ansi@6.0.1 OK for: string-width@4.2.3 want: ^6.0.1
3012 silly placeDep ROOT imurmurhash@0.1.4 OK for: write-file-atomic@4.0.2 want: ^0.1.4
3013 silly placeDep ROOT simple-plist@1.3.1 OK for: xcode@3.0.1 want: ^1.1.0
3014 silly placeDep ROOT uuid@7.0.3 OK for: xcode@3.0.1 want: ^7.0.3
3015 silly fetch manifest bplist-parser@0.3.1
3016 silly packumentCache full:https://registry.npmjs.org/bplist-parser cache-miss
3017 silly fetch manifest plist@^3.0.5
3018 silly packumentCache full:https://registry.npmjs.org/plist cache-miss
3019 http cache https://registry.npmjs.org/bplist-parser 4ms (cache hit)
3020 silly packumentCache full:https://registry.npmjs.org/bplist-parser set size:21877 disposed:false
3021 http fetch GET 200 https://registry.npmjs.org/plist 41ms (cache miss)
3022 silly packumentCache full:https://registry.npmjs.org/plist set size:undefined disposed:false
3023 silly placeDep node_modules/simple-plist bplist-parser@0.3.1 OK for: simple-plist@1.3.1 want: 0.3.1
3024 silly placeDep ROOT plist@3.1.0 OK for: simple-plist@1.3.1 want: ^3.0.5
3025 silly placeDep ROOT sax@1.6.0 OK for: xml2js@0.6.0 want: >=0.6.0
3026 silly placeDep node_modules/xml2js xmlbuilder@11.0.1 OK for: xml2js@0.6.0 want: ~11.0.0
3027 silly placeDep ROOT cliui@8.0.1 OK for: yargs@17.7.2 want: ^8.0.1
3028 silly placeDep ROOT get-caller-file@2.0.5 OK for: yargs@17.7.2 want: ^2.0.5
3029 silly placeDep ROOT require-directory@2.1.1 OK for: yargs@17.7.2 want: ^2.1.1
3030 silly placeDep ROOT y18n@5.0.8 OK for: yargs@17.7.2 want: ^5.0.5
3031 silly placeDep ROOT yargs-parser@21.1.1 OK for: yargs@17.7.2 want: ^21.1.1
3032 silly placeDep node_modules/cliui strip-ansi@6.0.1 OK for: cliui@8.0.1 want: ^6.0.1
3033 silly placeDep node_modules/@istanbuljs/load-nyc-config argparse@1.0.10 OK for: js-yaml@3.14.2 want: ^1.0.7
3034 silly placeDep ROOT esprima@4.0.1 OK for: js-yaml@3.14.2 want: ^4.0.0
3035 silly fetch manifest sprintf-js@~1.0.2
3036 silly packumentCache full:https://registry.npmjs.org/sprintf-js cache-miss
3037 http fetch GET 200 https://registry.npmjs.org/sprintf-js 48ms (cache miss)
3038 silly packumentCache full:https://registry.npmjs.org/sprintf-js set size:undefined disposed:false
3039 silly placeDep ROOT sprintf-js@1.0.3 OK for: argparse@1.0.10 want: ~1.0.2
3040 silly placeDep node_modules/@react-native/babel-preset hermes-parser@0.32.0 OK for: babel-plugin-syntax-hermes-parser@0.32.0 want: 0.32.0
3041 silly placeDep node_modules/@react-native/babel-preset hermes-estree@0.32.0 OK for: hermes-parser@0.32.0 want: 0.32.0
3042 silly placeDep ROOT fs.realpath@1.0.0 OK for: glob@7.2.3 want: ^1.0.0
3043 silly placeDep ROOT inflight@1.0.6 OK for: glob@7.2.3 want: ^1.0.4
3044 silly placeDep node_modules/@react-native/codegen minimatch@3.1.5 OK for: glob@7.2.3 want: ^3.1.1
3045 silly placeDep ROOT once@1.4.0 OK for: glob@7.2.3 want: ^1.3.0
3046 silly placeDep ROOT path-is-absolute@1.0.1 OK for: glob@7.2.3 want: ^1.0.0
3047 silly fetch manifest wrappy@1
3048 silly packumentCache full:https://registry.npmjs.org/wrappy cache-miss
3049 silly fetch manifest wrappy@1
3050 silly packumentCache full:https://registry.npmjs.org/wrappy cache-miss
3051 http fetch GET 200 https://registry.npmjs.org/wrappy 46ms (cache miss)
3052 silly packumentCache full:https://registry.npmjs.org/wrappy set size:undefined disposed:false
3053 http fetch GET 200 https://registry.npmjs.org/wrappy 47ms (cache miss)
3054 silly packumentCache full:https://registry.npmjs.org/wrappy set size:undefined disposed:false
3055 silly placeDep ROOT wrappy@1.0.2 OK for: inflight@1.0.6 want: 1
3056 silly placeDep node_modules/@react-native/codegen hermes-estree@0.32.0 OK for: hermes-parser@0.32.0 want: 0.32.0
3057 silly placeDep node_modules/@react-native/codegen brace-expansion@1.1.13 OK for: minimatch@3.1.5 want: ^1.1.7
3058 silly fetch manifest concat-map@0.0.1
3059 silly packumentCache full:https://registry.npmjs.org/concat-map cache-miss
3060 silly fetch manifest balanced-match@^1.0.0
3061 silly packumentCache full:https://registry.npmjs.org/balanced-match cache-miss
3062 http cache https://registry.npmjs.org/balanced-match 5ms (cache hit)
3063 silly packumentCache full:https://registry.npmjs.org/balanced-match set size:39082 disposed:false
3064 http fetch GET 200 https://registry.npmjs.org/concat-map 43ms (cache miss)
3065 silly packumentCache full:https://registry.npmjs.org/concat-map set size:undefined disposed:false
3066 silly placeDep node_modules/@react-native/codegen balanced-match@1.0.2 OK for: brace-expansion@1.1.13 want: ^1.0.0
3067 silly placeDep ROOT concat-map@0.0.1 OK for: brace-expansion@1.1.13 want: 0.0.1
3068 silly placeDep node_modules/@react-native/community-cli-plugin @react-native/debugger-frontend@0.84.1 OK for: @react-native/dev-middleware@0.84.1 want: 0.84.1
3069 silly placeDep node_modules/@react-native/community-cli-plugin @react-native/debugger-shell@0.84.1 OK for: @react-native/dev-middleware@0.84.1 want: 0.84.1
3070 silly placeDep node_modules/@react-native/community-cli-plugin ws@7.5.10 OK for: @react-native/dev-middleware@0.84.1 want: ^7.5.10
3071 silly placeDep ROOT define-lazy-prop@2.0.0 OK for: open@8.4.2 want: ^2.0.0
3072 silly placeDep node_modules/compression ms@2.0.0 OK for: debug@2.6.9 want: 2.0.0
3073 silly placeDep node_modules/connect ms@2.0.0 OK for: debug@2.6.9 want: 2.0.0
3074 silly placeDep node_modules/finalhandler ms@2.0.0 OK for: debug@2.6.9 want: 2.0.0
3075 silly placeDep node_modules/lighthouse-logger ms@2.0.0 OK for: debug@2.6.9 want: 2.0.0
3076 silly placeDep node_modules/log-symbols ansi-styles@3.2.1 OK for: chalk@2.4.2 want: ^3.2.1
3077 silly placeDep node_modules/log-symbols escape-string-regexp@1.0.5 OK for: chalk@2.4.2 want: ^1.0.5
3078 silly placeDep node_modules/log-symbols supports-color@5.5.0 OK for: chalk@2.4.2 want: ^5.3.0
3079 silly fetch manifest color-convert@^1.9.0
3080 silly packumentCache full:https://registry.npmjs.org/color-convert cache-miss
3081 silly fetch manifest has-flag@^3.0.0
3082 silly packumentCache full:https://registry.npmjs.org/has-flag cache-miss
3083 http cache https://registry.npmjs.org/color-convert 3ms (cache hit)
3084 silly packumentCache full:https://registry.npmjs.org/color-convert set size:72663 disposed:false
3085 http cache https://registry.npmjs.org/has-flag 5ms (cache hit)
3086 silly packumentCache full:https://registry.npmjs.org/has-flag set size:15180 disposed:false
3087 silly placeDep node_modules/log-symbols color-convert@1.9.3 OK for: ansi-styles@3.2.1 want: ^1.9.0
3088 silly fetch manifest color-name@1.1.3
3089 silly packumentCache full:https://registry.npmjs.org/color-name cache-miss
3090 http cache https://registry.npmjs.org/color-name 4ms (cache hit)
3091 silly packumentCache full:https://registry.npmjs.org/color-name set size:19467 disposed:false
3092 silly placeDep node_modules/log-symbols color-name@1.1.3 OK for: color-convert@1.9.3 want: 1.1.3
3093 silly placeDep node_modules/log-symbols has-flag@3.0.0 OK for: supports-color@5.5.0 want: ^3.0.0
3094 silly placeDep node_modules/metro-babel-transformer hermes-estree@0.32.0 OK for: hermes-parser@0.32.0 want: 0.32.0
3095 silly placeDep node_modules/metro hermes-estree@0.32.0 OK for: hermes-parser@0.32.0 want: 0.32.0
3096 silly placeDep node_modules/ora ansi-styles@3.2.1 OK for: chalk@2.4.2 want: ^3.2.1
3097 silly placeDep node_modules/ora escape-string-regexp@1.0.5 OK for: chalk@2.4.2 want: ^1.0.5
3098 silly placeDep node_modules/ora supports-color@5.5.0 OK for: chalk@2.4.2 want: ^5.3.0
3099 silly placeDep node_modules/ora color-convert@1.9.3 OK for: ansi-styles@3.2.1 want: ^1.9.0
3100 silly placeDep node_modules/ora color-name@1.1.3 OK for: color-convert@1.9.3 want: 1.1.3
3101 silly placeDep node_modules/ora has-flag@3.0.0 OK for: supports-color@5.5.0 want: ^3.0.0
3102 silly placeDep node_modules/react-native hermes-parser@0.32.0 OK for: @react-native/codegen@0.84.1 want: 0.32.0
3103 silly placeDep node_modules/react-native hermes-estree@0.32.0 OK for: hermes-parser@0.32.0 want: 0.32.0
3104 silly placeDep node_modules/rimraf minimatch@3.1.5 OK for: glob@7.2.3 want: ^3.1.1
3105 silly placeDep node_modules/rimraf brace-expansion@1.1.13 OK for: minimatch@3.1.5 want: ^1.1.7
3106 silly placeDep node_modules/rimraf balanced-match@1.0.2 OK for: brace-expansion@1.1.13 want: ^1.0.0
3107 silly placeDep node_modules/send/node_modules/debug ms@2.0.0 OK for: debug@2.6.9 want: 2.0.0
3108 silly placeDep node_modules/test-exclude brace-expansion@1.1.13 OK for: minimatch@3.1.5 want: ^1.1.7
3109 silly placeDep node_modules/test-exclude balanced-match@1.0.2 OK for: brace-expansion@1.1.13 want: ^1.0.0
3110 silly reify moves {}
3111 silly audit bulk request {
3111 silly audit   expo: [ '55.0.9' ],
3111 silly audit   react: [ '19.2.4' ],
3111 silly audit   'react-native': [ '0.84.1' ],
3111 silly audit   '@babel/runtime': [ '7.29.2' ],
3111 silly audit   '@expo/cli': [ '55.0.19' ],
3111 silly audit   '@expo/config': [ '55.0.11' ],
3111 silly audit   '@expo/config-plugins': [ '55.0.7' ],
3111 silly audit   '@expo/devtools': [ '55.0.2' ],
3111 silly audit   '@expo/fingerprint': [ '0.16.6' ],
3111 silly audit   '@expo/local-build-cache-provider': [ '55.0.7' ],
3111 silly audit   '@expo/log-box': [ '55.0.8' ],
3111 silly audit   '@expo/metro': [ '54.2.0' ],
3111 silly audit   '@expo/metro-config': [ '55.0.11' ],
3111 silly audit   '@expo/vector-icons': [ '15.1.1' ],
3111 silly audit   'expo-font': [ '55.0.4' ],
3111 silly audit   '@ungap/structured-clone': [ '1.3.0' ],
3111 silly audit   'babel-preset-expo': [ '55.0.13' ],
3111 silly audit   'react-refresh': [ '0.14.2' ],
3111 silly audit   'expo-asset': [ '55.0.10' ],
3111 silly audit   'expo-constants': [ '55.0.9' ],
3111 silly audit   'expo-file-system': [ '55.0.12' ],
3111 silly audit   'expo-keep-awake': [ '55.0.4' ],
3111 silly audit   'expo-modules-autolinking': [ '55.0.12' ],
3111 silly audit   'expo-modules-core': [ '55.0.18' ],
3111 silly audit   'pretty-format': [ '29.7.0' ],
3111 silly audit   'whatwg-url-minimum': [ '0.1.1' ],
3111 silly audit   '@expo/code-signing-certificates': [ '0.0.6' ],
3111 silly audit   '@expo/devcert': [ '1.2.1' ],
3111 silly audit   '@expo/env': [ '2.1.1' ],
3111 silly audit   '@expo/image-utils': [ '0.8.12' ],
3111 silly audit   '@expo/json-file': [ '10.0.12' ],
3111 silly audit   '@expo/osascript': [ '2.4.2' ],
3111 silly audit   '@expo/package-manager': [ '1.10.3' ],
3111 silly audit   '@expo/plist': [ '0.5.2' ],
3111 silly audit   '@expo/prebuild-config': [ '55.0.11' ],
3111 silly audit   '@expo/require-utils': [ '55.0.3' ],
3111 silly audit   '@expo/router-server': [ '55.0.11' ],
3111 silly audit   'expo-server': [ '55.0.6' ],
3111 silly audit   '@expo/schema-utils': [ '55.0.2' ],
3111 silly audit   '@expo/spawn-async': [ '1.7.2' ],
3111 silly audit   '@expo/ws-tunnel': [ '1.0.6' ],
3111 silly audit   '@expo/xcpretty': [ '4.4.1' ],
3111 silly audit   '@react-native/dev-middleware': [ '0.83.4', '0.84.1' ],
3111 silly audit   accepts: [ '1.3.8' ],
3111 silly audit   arg: [ '5.0.2' ],
3111 silly audit   'better-opn': [ '3.0.2' ],
3111 silly audit   'bplist-creator': [ '0.1.0' ],
3111 silly audit   'bplist-parser': [ '0.3.2', '0.3.1' ],
3111 silly audit   chalk: [ '4.1.2', '2.4.2' ],
3111 silly audit   'ci-info': [ '3.9.0', '2.0.0' ],
3111 silly audit   compression: [ '1.8.1' ],
3111 silly audit   connect: [ '3.7.0' ],
3111 silly audit   debug: [ '4.4.3', '3.2.7', '2.6.9' ],
3111 silly audit   'dnssd-advertise': [ '1.1.4' ],
3111 silly audit   'fetch-nodeshim': [ '0.4.10' ],
3111 silly audit   getenv: [ '2.0.0' ],
3111 silly audit   glob: [ '13.0.6', '7.2.3' ],
3111 silly audit   'lan-network': [ '0.2.0' ],
3111 silly audit   multitars: [ '0.2.4' ],
3111 silly audit   'node-forge': [ '1.4.0' ],
3111 silly audit   'npm-package-arg': [ '11.0.3' ],
3111 silly audit   ora: [ '3.4.0' ],
3111 silly audit   picomatch: [ '4.0.4', '2.3.2' ],
3111 silly audit   progress: [ '2.0.3' ],
3111 silly audit   prompts: [ '2.4.2' ],
3111 silly audit   'resolve-from': [ '5.0.0' ],
3111 silly audit   semver: [ '7.7.4', '6.3.1' ],
3111 silly audit   send: [ '0.19.2' ],
3111 silly audit   slugify: [ '1.6.8' ],
3111 silly audit   'source-map-support': [ '0.5.21' ],
3111 silly audit   'stacktrace-parser': [ '0.1.11' ],
3111 silly audit   'structured-headers': [ '0.4.1' ],
3111 silly audit   'terminal-link': [ '2.1.1' ],
3111 silly audit   toqr: [ '0.1.1' ],
3111 silly audit   'wrap-ansi': [ '7.0.0' ],
3111 silly audit   ws: [ '8.20.0', '7.5.10' ],
3111 silly audit   zod: [ '3.25.76' ],
3111 silly audit   '@expo/config-types': [ '55.0.5' ],
3111 silly audit   deepmerge: [ '4.3.1' ],
3111 silly audit   'resolve-workspace-root': [ '2.0.1' ],
3111 silly audit   '@expo/sdk-runtime-versions': [ '1.0.0' ],
3111 silly audit   xcode: [ '3.0.1' ],
3111 silly audit   xml2js: [ '0.6.0' ],
3111 silly audit   '@expo/sudo-prompt': [ '9.3.2' ],
3111 silly audit   ignore: [ '5.3.2' ],
3111 silly audit   minimatch: [ '10.2.5', '3.1.5' ],
3111 silly audit   'jimp-compact': [ '0.16.1' ],
3111 silly audit   'parse-png': [ '2.1.0' ],
3111 silly audit   '@babel/code-frame': [ '7.29.0' ],
3111 silly audit   json5: [ '2.2.3' ],
3111 silly audit   '@babel/helper-validator-identifier': [ '7.28.5' ],
3111 silly audit   'js-tokens': [ '4.0.0' ],
3111 silly audit   picocolors: [ '1.1.1' ],
3111 silly audit   '@expo/dom-webview': [ '55.0.3' ],
3111 silly audit   anser: [ '1.4.10' ],
3111 silly audit   metro: [ '0.83.3' ],
3111 silly audit   'metro-babel-transformer': [ '0.83.3' ],
3111 silly audit   'metro-cache': [ '0.83.3' ],
3111 silly audit   'metro-cache-key': [ '0.83.3' ],
3111 silly audit   'metro-config': [ '0.83.3' ],
3111 silly audit   'metro-core': [ '0.83.3' ],
3111 silly audit   'metro-file-map': [ '0.83.3' ],
3111 silly audit   'metro-minify-terser': [ '0.83.3' ],
3111 silly audit   'metro-resolver': [ '0.83.3' ],
3111 silly audit   'metro-runtime': [ '0.83.3' ],
3111 silly audit   'metro-source-map': [ '0.83.3' ],
3111 silly audit   'metro-symbolicate': [ '0.83.3' ],
3111 silly audit   'metro-transform-plugins': [ '0.83.3' ],
3111 silly audit   'metro-transform-worker': [ '0.83.3' ],
3111 silly audit   '@babel/core': [ '7.29.0' ],
3111 silly audit   '@babel/generator': [ '7.29.1' ],
3111 silly audit   browserslist: [ '4.28.2' ],
3111 silly audit   'hermes-parser': [ '0.32.1', '0.32.0' ],
3111 silly audit   'jsc-safe-url': [ '0.2.4' ],
3111 silly audit   lightningcss: [ '1.32.0' ],
3111 silly audit   postcss: [ '8.4.49' ],
3111 silly audit   '@babel/helper-compilation-targets': [ '7.28.6' ],
3111 silly audit   '@babel/helper-module-transforms': [ '7.28.6' ],
3111 silly audit   '@babel/helpers': [ '7.29.2' ],
3111 silly audit   '@babel/parser': [ '7.29.2' ],
3111 silly audit   '@babel/template': [ '7.28.6' ],
3111 silly audit   '@babel/traverse': [ '7.29.0' ],
3111 silly audit   '@babel/types': [ '7.29.0' ],
3111 silly audit   '@jridgewell/remapping': [ '2.3.5' ],
3111 silly audit   'convert-source-map': [ '2.0.0' ],
3111 silly audit   gensync: [ '1.0.0-beta.2' ],
3111 silly audit   '@jridgewell/gen-mapping': [ '0.3.13' ],
3111 silly audit   '@jridgewell/trace-mapping': [ '0.3.31' ],
3111 silly audit   jsesc: [ '3.1.0' ],
3111 silly audit   '@babel/compat-data': [ '7.29.0' ],
3111 silly audit   '@babel/helper-validator-option': [ '7.27.1' ],
3111 silly audit   'lru-cache': [ '5.1.1', '10.4.3', '11.2.7' ],
3111 silly audit   '@babel/helper-module-imports': [ '7.28.6' ],
3111 silly audit   '@babel/helper-globals': [ '7.28.0' ],
3111 silly audit   '@babel/helper-string-parser': [ '7.27.1' ],
3111 silly audit   '@xmldom/xmldom': [ '0.8.12' ],
3111 silly audit   'base64-js': [ '1.5.1' ],
3111 silly audit   xmlbuilder: [ '15.1.1', '11.0.1' ],
3111 silly audit   '@react-native/normalize-colors': [ '0.83.4', '0.84.1' ],
3111 silly audit   '@babel/plugin-transform-modules-commonjs': [ '7.28.6' ],
3111 silly audit   '@babel/helper-plugin-utils': [ '7.28.6' ],
3111 silly audit   'cross-spawn': [ '7.0.6' ],
3111 silly audit   'js-yaml': [ '4.1.1', '3.14.2' ],
3111 silly audit   '@jridgewell/sourcemap-codec': [ '1.5.5' ],
3111 silly audit   '@jridgewell/resolve-uri': [ '3.1.2' ],
3111 silly audit   '@isaacs/ttlcache': [ '1.4.1' ],
3111 silly audit   '@react-native/debugger-frontend': [ '0.83.4', '0.84.1' ],
3111 silly audit   '@react-native/debugger-shell': [ '0.83.4', '0.84.1' ],
3111 silly audit   'chrome-launcher': [ '0.15.2' ],
3111 silly audit   'chromium-edge-launcher': [ '0.2.0' ],
3111 silly audit   invariant: [ '2.2.4' ],
3111 silly audit   nullthrows: [ '1.1.1' ],
3111 silly audit   open: [ '7.4.2', '8.4.2' ],
3111 silly audit   'serve-static': [ '1.16.3' ],
3111 silly audit   'fb-dotslash': [ '0.5.8' ],
3111 silly audit   'mime-types': [ '2.1.35' ],
3111 silly audit   negotiator: [ '0.6.3', '0.6.4' ],
3111 silly audit   '@babel/plugin-proposal-decorators': [ '7.29.0' ],
3111 silly audit   '@babel/plugin-proposal-export-default-from': [ '7.27.1' ],
3111 silly audit   '@babel/plugin-syntax-export-default-from': [ '7.28.6' ],
3111 silly audit   '@babel/plugin-transform-class-static-block': [ '7.28.6' ],
3111 silly audit   '@babel/plugin-transform-export-namespace-from': [ '7.27.1' ],
3111 silly audit   '@babel/plugin-transform-flow-strip-types': [ '7.27.1' ],
3111 silly audit   '@babel/plugin-transform-object-rest-spread': [ '7.28.6' ],
3111 silly audit   '@babel/plugin-transform-parameters': [ '7.27.7' ],
3111 silly audit   '@babel/plugin-transform-private-methods': [ '7.28.6' ],
3111 silly audit   '@babel/plugin-transform-private-property-in-object': [ '7.28.6' ],
3111 silly audit   '@babel/plugin-transform-runtime': [ '7.29.0' ],
3111 silly audit   '@babel/preset-react': [ '7.28.5' ],
3111 silly audit   '@babel/preset-typescript': [ '7.28.5' ],
3111 silly audit   '@react-native/babel-preset': [ '0.83.4' ],
3111 silly audit   'babel-plugin-react-compiler': [ '1.0.0' ],
3111 silly audit   'babel-plugin-react-native-web': [ '0.21.2' ],
3111 silly audit   'babel-plugin-syntax-hermes-parser': [ '0.32.1', '0.32.0' ],
3111 silly audit   'babel-plugin-transform-flow-enums': [ '0.0.2' ],
3111 silly audit   '@babel/helper-create-class-features-plugin': [ '7.28.6' ],
3111 silly audit   '@babel/plugin-syntax-decorators': [ '7.28.6' ],
3111 silly audit   '@babel/helper-annotate-as-pure': [ '7.27.3' ],
3111 silly audit   '@babel/helper-member-expression-to-functions': [ '7.28.5' ],
3111 silly audit   '@babel/helper-optimise-call-expression': [ '7.27.1' ],
3111 silly audit   '@babel/helper-replace-supers': [ '7.28.6' ],
3111 silly audit   '@babel/helper-skip-transparent-expression-wrappers': [ '7.27.1' ],
3111 silly audit   '@babel/plugin-syntax-flow': [ '7.28.6' ],
3111 silly audit   '@babel/plugin-transform-destructuring': [ '7.28.5' ],
3111 silly audit   'babel-plugin-polyfill-corejs2': [ '0.4.17' ],
3111 silly audit   'babel-plugin-polyfill-corejs3': [ '0.13.0' ],
3111 silly audit   'babel-plugin-polyfill-regenerator': [ '0.6.8' ],
3111 silly audit   '@babel/plugin-transform-react-display-name': [ '7.28.0' ],
3111 silly audit   '@babel/plugin-transform-react-jsx': [ '7.28.6' ],
3111 silly audit   '@babel/plugin-transform-react-jsx-development': [ '7.27.1' ],
3111 silly audit   '@babel/plugin-transform-react-pure-annotations': [ '7.27.1' ],
3111 silly audit   '@babel/plugin-syntax-jsx': [ '7.28.6' ],
3111 silly audit   '@babel/plugin-transform-typescript': [ '7.28.6' ],
3111 silly audit   '@babel/plugin-syntax-typescript': [ '7.28.6' ],
3111 silly audit   '@babel/plugin-syntax-dynamic-import': [ '7.8.3' ],
3111 silly audit   '@babel/plugin-syntax-nullish-coalescing-operator': [ '7.8.3' ],
3111 silly audit   '@babel/plugin-syntax-optional-chaining': [ '7.8.3' ],
3111 silly audit   '@babel/plugin-transform-arrow-functions': [ '7.27.1' ],
3111 silly audit   '@babel/plugin-transform-async-generator-functions': [ '7.29.0' ],
3111 silly audit   '@babel/plugin-transform-async-to-generator': [ '7.28.6' ],
3111 silly audit   '@babel/plugin-transform-block-scoping': [ '7.28.6' ],
3111 silly audit   '@babel/plugin-transform-class-properties': [ '7.28.6' ],
3111 silly audit   '@babel/plugin-transform-classes': [ '7.28.6' ],
3111 silly audit   '@babel/plugin-transform-computed-properties': [ '7.28.6' ],
3111 silly audit   '@babel/plugin-transform-for-of': [ '7.27.1' ],
3111 silly audit   '@babel/plugin-transform-function-name': [ '7.27.1' ],
3111 silly audit   '@babel/plugin-transform-literals': [ '7.27.1' ],
3111 silly audit   '@babel/plugin-transform-logical-assignment-operators': [ '7.28.6' ],
3111 silly audit   '@babel/plugin-transform-named-capturing-groups-regex': [ '7.29.0' ],
3111 silly audit   '@babel/plugin-transform-nullish-coalescing-operator': [ '7.28.6' ],
3111 silly audit   '@babel/plugin-transform-numeric-separator': [ '7.28.6' ],
3111 silly audit   '@babel/plugin-transform-optional-catch-binding': [ '7.28.6' ],
3111 silly audit   '@babel/plugin-transform-optional-chaining': [ '7.28.6' ],
3111 silly audit   '@babel/plugin-transform-react-jsx-self': [ '7.27.1' ],
3111 silly audit   '@babel/plugin-transform-react-jsx-source': [ '7.27.1' ],
3111 silly audit   '@babel/plugin-transform-regenerator': [ '7.29.0' ],
3111 silly audit   '@babel/plugin-transform-shorthand-properties': [ '7.27.1' ],
3111 silly audit   '@babel/plugin-transform-spread': [ '7.28.6' ],
3111 silly audit   '@babel/plugin-transform-sticky-regex': [ '7.27.1' ],
3111 silly audit   '@babel/plugin-transform-unicode-regex': [ '7.27.1' ],
3111 silly audit   '@react-native/babel-plugin-codegen': [ '0.83.4' ],
3111 silly audit   '@babel/helper-remap-async-to-generator': [ '7.27.1' ],
3111 silly audit   '@babel/helper-wrap-function': [ '7.28.6' ],
3111 silly audit   '@babel/helper-create-regexp-features-plugin': [ '7.28.5' ],
3111 silly audit   'regexpu-core': [ '6.4.0' ],
3111 silly audit   '@react-native/codegen': [ '0.83.4', '0.84.1' ],
3111 silly audit   yargs: [ '17.7.2' ],
3111 silly audit   '@babel/helper-define-polyfill-provider': [ '0.6.8' ],
3111 silly audit   'lodash.debounce': [ '4.0.8' ],
3111 silly audit   resolve: [ '1.22.11' ],
3111 silly audit   'core-js-compat': [ '3.49.0' ],
3111 silly audit   'stream-buffers': [ '2.2.0' ],
3111 silly audit   'big-integer': [ '1.6.52' ],
3111 silly audit   'baseline-browser-mapping': [ '2.10.13' ],
3111 silly audit   'caniuse-lite': [ '1.0.30001782' ],
3111 silly audit   'electron-to-chromium': [ '1.5.329' ],
3111 silly audit   'node-releases': [ '2.0.36' ],
3111 silly audit   'update-browserslist-db': [ '1.2.3' ],
3111 silly audit   'ansi-styles': [ '4.3.0', '5.2.0', '3.2.1' ],
3111 silly audit   'supports-color': [ '7.2.0', '8.1.1', '5.5.0' ],
3111 silly audit   'color-convert': [ '2.0.1', '1.9.3' ],
3111 silly audit   '@types/node': [ '25.5.0' ],
3111 silly audit   'escape-string-regexp': [ '4.0.0', '2.0.0', '1.0.5' ],
3111 silly audit   'is-wsl': [ '2.2.0' ],
3111 silly audit   'lighthouse-logger': [ '1.4.2' ],
3111 silly audit   'undici-types': [ '7.18.2' ],
3111 silly audit   mkdirp: [ '1.0.4' ],
3111 silly audit   rimraf: [ '3.0.2' ],
3111 silly audit   'color-name': [ '1.1.4', '1.1.3' ],
3111 silly audit   bytes: [ '3.1.2' ],
3111 silly audit   compressible: [ '2.0.18' ],
3111 silly audit   'on-headers': [ '1.1.0' ],
3111 silly audit   'safe-buffer': [ '5.2.1' ],
3111 silly audit   vary: [ '1.1.2' ],
3111 silly audit   'mime-db': [ '1.54.0', '1.52.0' ],
3111 silly audit   finalhandler: [ '1.1.2' ],
3111 silly audit   parseurl: [ '1.3.3' ],
3111 silly audit   'utils-merge': [ '1.0.1' ],
3111 silly audit   'path-key': [ '3.1.1' ],
3111 silly audit   'shebang-command': [ '2.0.0' ],
3111 silly audit   which: [ '2.0.2' ],
3111 silly audit   ms: [ '2.1.3', '2.0.0' ],
3111 silly audit   fontfaceobserver: [ '2.3.0' ],
3111 silly audit   commander: [ '7.2.0', '12.1.0', '2.20.3' ],
3111 silly audit   encodeurl: [ '1.0.2', '2.0.0' ],
3111 silly audit   'escape-html': [ '1.0.3' ],
3111 silly audit   'on-finished': [ '2.3.0', '2.4.1' ],
3111 silly audit   statuses: [ '1.5.0', '2.0.2' ],
3111 silly audit   unpipe: [ '1.0.0' ],
3111 silly audit   minipass: [ '7.1.3' ],
3111 silly audit   'path-scurry': [ '2.0.2' ],
3111 silly audit   'hermes-estree': [ '0.32.1', '0.32.0' ],
3111 silly audit   'loose-envify': [ '1.4.0' ],
3111 silly audit   'is-docker': [ '2.2.1' ],
3111 silly audit   argparse: [ '2.0.1', '1.0.10' ],
3111 silly audit   marky: [ '1.3.0' ],
3111 silly audit   'detect-libc': [ '2.1.2' ],
3111 silly audit   'lightningcss-android-arm64': [ '1.32.0' ],
3111 silly audit   'lightningcss-darwin-arm64': [ '1.32.0' ],
3111 silly audit   'lightningcss-darwin-x64': [ '1.32.0' ],
3111 silly audit   'lightningcss-freebsd-x64': [ '1.32.0' ],
3111 silly audit   'lightningcss-linux-arm-gnueabihf': [ '1.32.0' ],
3111 silly audit   'lightningcss-linux-arm64-gnu': [ '1.32.0' ],
3111 silly audit   'lightningcss-linux-arm64-musl': [ '1.32.0' ],
3111 silly audit   'lightningcss-linux-x64-gnu': [ '1.32.0' ],
3111 silly audit   'lightningcss-linux-x64-musl': [ '1.32.0' ],
3111 silly audit   'lightningcss-win32-arm64-msvc': [ '1.32.0' ],
3111 silly audit   'lightningcss-win32-x64-msvc': [ '1.32.0' ],
3111 silly audit   yallist: [ '3.1.1' ],
3111 silly audit   'error-stack-parser': [ '2.1.4' ],
3111 silly audit   'flow-enums-runtime': [ '0.0.6' ],
3111 silly audit   'graceful-fs': [ '4.2.11' ],
3111 silly audit   'image-size': [ '1.2.1' ],
3111 silly audit   'jest-worker': [ '29.7.0' ],
3111 silly audit   'lodash.throttle': [ '4.1.1' ],
3111 silly audit   'serialize-error': [ '2.1.0' ],
3111 silly audit   'source-map': [ '0.5.7', '0.6.1' ],
3111 silly audit   throat: [ '5.0.0' ],
3111 silly audit   stackframe: [ '1.3.4' ],
3111 silly audit   queue: [ '6.0.2' ],
3111 silly audit   'jest-util': [ '29.7.0' ],
3111 silly audit   'merge-stream': [ '2.0.0' ],
3111 silly audit   '@jest/types': [ '29.6.3' ],
3111 silly audit   '@jest/schemas': [ '29.6.3' ],
3111 silly audit   '@types/istanbul-lib-coverage': [ '2.0.6' ],
3111 silly audit   '@types/istanbul-reports': [ '3.0.4' ],
3111 silly audit   '@types/yargs': [ '17.0.35' ],
3111 silly audit   '@sinclair/typebox': [ '0.27.10' ],
3111 silly audit   '@types/istanbul-lib-report': [ '3.0.3' ],
3111 silly audit   '@types/yargs-parser': [ '21.0.3' ],
3111 silly audit   'exponential-backoff': [ '3.1.3' ],
3111 silly audit   'https-proxy-agent': [ '7.0.6' ],
3111 silly audit   'agent-base': [ '7.1.4' ],
3111 silly audit   'jest-validate': [ '29.7.0' ],
3111 silly audit   yaml: [ '2.8.3' ],
3111 silly audit   camelcase: [ '6.3.0', '5.3.1' ],
3111 silly audit   'jest-get-type': [ '29.6.3' ],
3111 silly audit   leven: [ '3.1.0' ],
3111 silly audit   'fb-watchman': [ '2.0.2' ],
3111 silly audit   micromatch: [ '4.0.8' ],
3111 silly audit   walker: [ '1.0.8' ],
3111 silly audit   bser: [ '2.1.1' ],
3111 silly audit   'node-int64': [ '0.4.0' ],
3111 silly audit   terser: [ '5.46.1' ],
3111 silly audit   ob1: [ '0.83.3' ],
3111 silly audit   vlq: [ '1.0.1' ],
3111 silly audit   braces: [ '3.0.3' ],
3111 silly audit   'fill-range': [ '7.1.1' ],
3111 silly audit   'to-regex-range': [ '5.0.1' ],
3111 silly audit   'brace-expansion': [ '5.0.5', '1.1.13' ],
3111 silly audit   'balanced-match': [ '4.0.4', '1.0.2' ],
3111 silly audit   'hosted-git-info': [ '7.0.2' ],
3111 silly audit   'proc-log': [ '4.2.0' ],
3111 silly audit   'validate-npm-package-name': [ '5.0.1' ],
3111 silly audit   'ee-first': [ '1.1.1' ],
3111 silly audit   'cli-cursor': [ '2.1.0' ],
3111 silly audit   'cli-spinners': [ '2.9.2' ],
3111 silly audit   'log-symbols': [ '2.2.0' ],
3111 silly audit   'strip-ansi': [ '5.2.0', '6.0.1' ],
3111 silly audit   wcwidth: [ '1.0.1' ],
3111 silly audit   'restore-cursor': [ '2.0.0' ],
3111 silly audit   pngjs: [ '3.4.0' ],
3111 silly audit   nanoid: [ '3.3.11' ],
3111 silly audit   'source-map-js': [ '1.2.1' ],
3111 silly audit   'react-is': [ '18.3.1' ],
3111 silly audit   kleur: [ '3.0.3' ],
3111 silly audit   sisteransi: [ '1.0.5' ],
3111 silly audit   inherits: [ '2.0.4' ],
3111 silly audit   '@jest/create-cache-key-function': [ '29.7.0' ],
3111 silly audit   '@react-native/assets-registry': [ '0.84.1' ],
3111 silly audit   '@react-native/community-cli-plugin': [ '0.84.1' ],
3111 silly audit   '@react-native/gradle-plugin': [ '0.84.1' ],
3111 silly audit   '@react-native/js-polyfills': [ '0.84.1' ],
3111 silly audit   '@react-native/virtualized-lists': [ '0.84.1' ],
3111 silly audit   'abort-controller': [ '3.0.0' ],
3111 silly audit   'ansi-regex': [ '5.0.1', '4.1.1' ],
3111 silly audit   'babel-jest': [ '29.7.0' ],
3111 silly audit   'hermes-compiler': [ '250829098.0.9' ],
3111 silly audit   'jest-environment-node': [ '29.7.0' ],
3111 silly audit   'memoize-one': [ '5.2.1' ],
3111 silly audit   promise: [ '8.3.0' ],
3111 silly audit   'react-devtools-core': [ '6.1.5' ],
3111 silly audit   'regenerator-runtime': [ '0.13.11' ],
3111 silly audit   scheduler: [ '0.27.0' ],
3111 silly audit   tinyglobby: [ '0.2.15' ],
3111 silly audit   'whatwg-fetch': [ '3.6.20' ],
3111 silly audit   'event-target-shim': [ '5.0.1' ],
3111 silly audit   '@jest/transform': [ '29.7.0' ],
3111 silly audit   '@types/babel__core': [ '7.20.5' ],
3111 silly audit   'babel-plugin-istanbul': [ '6.1.1' ],
3111 silly audit   'babel-preset-jest': [ '29.6.3' ],
3111 silly audit   slash: [ '3.0.0' ],
3111 silly audit   'fast-json-stable-stringify': [ '2.1.0' ],
3111 silly audit   'jest-haste-map': [ '29.7.0' ],
3111 silly audit   'jest-regex-util': [ '29.6.3' ],
3111 silly audit   pirates: [ '4.0.7' ],
3111 silly audit   'write-file-atomic': [ '4.0.2' ],
3111 silly audit   '@types/babel__generator': [ '7.27.0' ],
3111 silly audit   '@types/babel__template': [ '7.4.4' ],
3111 silly audit   '@types/babel__traverse': [ '7.28.0' ],
3111 silly audit   '@istanbuljs/load-nyc-config': [ '1.1.0' ],
3111 silly audit   '@istanbuljs/schema': [ '0.1.3' ],
3111 silly audit   'istanbul-lib-instrument': [ '5.2.1' ],
3111 silly audit   'test-exclude': [ '6.0.0' ],
3111 silly audit   'find-up': [ '4.1.0' ],
3111 silly audit   'get-package-type': [ '0.1.0' ],
3111 silly audit   'babel-plugin-jest-hoist': [ '29.6.3' ],
3111 silly audit   'babel-preset-current-node-syntax': [ '1.2.0' ],
3111 silly audit   '@babel/plugin-syntax-async-generators': [ '7.8.4' ],
3111 silly audit   '@babel/plugin-syntax-bigint': [ '7.8.3' ],
3111 silly audit   '@babel/plugin-syntax-class-properties': [ '7.12.13' ],
3111 silly audit   '@babel/plugin-syntax-class-static-block': [ '7.14.5' ],
3111 silly audit   '@babel/plugin-syntax-import-attributes': [ '7.28.6' ],
3111 silly audit   '@babel/plugin-syntax-import-meta': [ '7.10.4' ],
3111 silly audit   '@babel/plugin-syntax-json-strings': [ '7.8.3' ],
3111 silly audit   '@babel/plugin-syntax-logical-assignment-operators': [ '7.10.4' ],
3111 silly audit   '@babel/plugin-syntax-numeric-separator': [ '7.10.4' ],
3111 silly audit   '@babel/plugin-syntax-object-rest-spread': [ '7.8.3' ],
3111 silly audit   '@babel/plugin-syntax-optional-catch-binding': [ '7.8.3' ],
3111 silly audit   '@babel/plugin-syntax-private-property-in-object': [ '7.14.5' ],
3111 silly audit   '@babel/plugin-syntax-top-level-await': [ '7.14.5' ],
3111 silly audit   'locate-path': [ '5.0.0' ],
3111 silly audit   'path-exists': [ '4.0.0' ],
3111 silly audit   'istanbul-lib-coverage': [ '3.2.2' ],
3111 silly audit   '@jest/environment': [ '29.7.0' ],
3111 silly audit   '@jest/fake-timers': [ '29.7.0' ],
3111 silly audit   'jest-mock': [ '29.7.0' ],
3111 silly audit   '@sinonjs/fake-timers': [ '10.3.0' ],
3111 silly audit   'jest-message-util': [ '29.7.0' ],
3111 silly audit   '@sinonjs/commons': [ '3.0.1' ],
3111 silly audit   'type-detect': [ '4.0.8' ],
3111 silly audit   '@types/graceful-fs': [ '4.1.9' ],
3111 silly audit   anymatch: [ '3.1.3' ],
3111 silly audit   fsevents: [ '2.3.3' ],
3111 silly audit   'normalize-path': [ '3.0.0' ],
3111 silly audit   '@types/stack-utils': [ '2.0.3' ],
3111 silly audit   'stack-utils': [ '2.0.6' ],
3111 silly audit   'p-locate': [ '4.1.0' ],
3111 silly audit   'p-limit': [ '2.3.0' ],
3111 silly audit   'p-try': [ '2.2.0' ],
3111 silly audit   asap: [ '2.0.6' ],
3111 silly audit   'shell-quote': [ '1.8.3' ],
3111 silly audit   regenerate: [ '1.4.2' ],
3111 silly audit   'regenerate-unicode-properties': [ '10.2.2' ],
3111 silly audit   regjsgen: [ '0.8.0' ],
3111 silly audit   regjsparser: [ '0.13.0' ],
3111 silly audit   'unicode-match-property-ecmascript': [ '2.0.0' ],
3111 silly audit   'unicode-match-property-value-ecmascript': [ '2.2.1' ],
3111 silly audit   'is-core-module': [ '2.16.1' ],
3111 silly audit   'path-parse': [ '1.0.7' ],
3111 silly audit   'supports-preserve-symlinks-flag': [ '1.0.0' ],
3111 silly audit   hasown: [ '2.0.2' ],
3111 silly audit   'function-bind': [ '1.1.2' ],
3111 silly audit   onetime: [ '2.0.1' ],
3111 silly audit   'signal-exit': [ '3.0.7' ],
3111 silly audit   'mimic-fn': [ '1.2.0' ],
3111 silly audit   depd: [ '2.0.0' ],
3111 silly audit   destroy: [ '1.2.0' ],
3111 silly audit   etag: [ '1.8.1' ],
3111 silly audit   fresh: [ '0.5.2' ],
3111 silly audit   'http-errors': [ '2.0.1' ],
3111 silly audit   mime: [ '1.6.0' ],
3111 silly audit   'range-parser': [ '1.2.1' ],
3111 silly audit   setprototypeof: [ '1.2.0' ],
3111 silly audit   toidentifier: [ '1.0.1' ],
3111 silly audit   'shebang-regex': [ '3.0.0' ],
3111 silly audit   'buffer-from': [ '1.1.2' ],
3111 silly audit   'type-fest': [ '0.7.1', '0.21.3' ],
3111 silly audit   'has-flag': [ '4.0.0', '3.0.0' ],
3111 silly audit   'ansi-escapes': [ '4.3.2' ],
3111 silly audit   'supports-hyperlinks': [ '2.3.0' ],
3111 silly audit   '@jridgewell/source-map': [ '0.3.11' ],
3111 silly audit   acorn: [ '8.16.0' ],
3111 silly audit   fdir: [ '6.5.0' ],
3111 silly audit   'is-number': [ '7.0.0' ],
3111 silly audit   'unicode-canonical-property-names-ecmascript': [ '2.0.1' ],
3111 silly audit   'unicode-property-aliases-ecmascript': [ '2.2.0' ],
3111 silly audit   escalade: [ '3.2.0' ],
3111 silly audit   makeerror: [ '1.0.12' ],
3111 silly audit   tmpl: [ '1.0.5' ],
3111 silly audit   defaults: [ '1.0.4' ],
3111 silly audit   clone: [ '1.0.4' ],
3111 silly audit   isexe: [ '2.0.0' ],
3111 silly audit   'string-width': [ '4.2.3' ],
3111 silly audit   'emoji-regex': [ '8.0.0' ],
3111 silly audit   'is-fullwidth-code-point': [ '3.0.0' ],
3111 silly audit   imurmurhash: [ '0.1.4' ],
3111 silly audit   'simple-plist': [ '1.3.1' ],
3111 silly audit   uuid: [ '7.0.3' ],
3111 silly audit   plist: [ '3.1.0' ],
3111 silly audit   sax: [ '1.6.0' ],
3111 silly audit   cliui: [ '8.0.1' ],
3111 silly audit   'get-caller-file': [ '2.0.5' ],
3111 silly audit   'require-directory': [ '2.1.1' ],
3111 silly audit   y18n: [ '5.0.8' ],
3111 silly audit   'yargs-parser': [ '21.1.1' ],
3111 silly audit   esprima: [ '4.0.1' ],
3111 silly audit   'sprintf-js': [ '1.0.3' ],
3111 silly audit   'fs.realpath': [ '1.0.0' ],
3111 silly audit   inflight: [ '1.0.6' ],
3111 silly audit   once: [ '1.4.0' ],
3111 silly audit   'path-is-absolute': [ '1.0.1' ],
3111 silly audit   wrappy: [ '1.0.2' ],
3111 silly audit   'concat-map': [ '0.0.1' ],
3111 silly audit   'define-lazy-prop': [ '2.0.0' ]
3111 silly audit }
3112 http cache concat-map@https://registry.npmjs.org/concat-map/-/concat-map-0.0.1.tgz 0ms (cache hit)
3113 http cache once@https://registry.npmjs.org/once/-/once-1.4.0.tgz 0ms (cache hit)
3114 http cache define-lazy-prop@https://registry.npmjs.org/define-lazy-prop/-/define-lazy-prop-2.0.0.tgz 0ms (cache hit)
3115 http cache wrappy@https://registry.npmjs.org/wrappy/-/wrappy-1.0.2.tgz 0ms (cache hit)
3116 http cache fs.realpath@https://registry.npmjs.org/fs.realpath/-/fs.realpath-1.0.0.tgz 0ms (cache hit)
3117 http cache inflight@https://registry.npmjs.org/inflight/-/inflight-1.0.6.tgz 0ms (cache hit)
3118 http cache sprintf-js@https://registry.npmjs.org/sprintf-js/-/sprintf-js-1.0.3.tgz 0ms (cache hit)
3119 http cache path-is-absolute@https://registry.npmjs.org/path-is-absolute/-/path-is-absolute-1.0.1.tgz 0ms (cache hit)
3120 http cache esprima@https://registry.npmjs.org/esprima/-/esprima-4.0.1.tgz 0ms (cache hit)
3121 http cache yargs-parser@https://registry.npmjs.org/yargs-parser/-/yargs-parser-21.1.1.tgz 0ms (cache hit)
3122 http cache get-caller-file@https://registry.npmjs.org/get-caller-file/-/get-caller-file-2.0.5.tgz 0ms (cache hit)
3123 http cache sax@https://registry.npmjs.org/sax/-/sax-1.6.0.tgz 0ms (cache hit)
3124 http cache y18n@https://registry.npmjs.org/y18n/-/y18n-5.0.8.tgz 0ms (cache hit)
3125 http cache cliui@https://registry.npmjs.org/cliui/-/cliui-8.0.1.tgz 0ms (cache hit)
3126 http cache plist@https://registry.npmjs.org/plist/-/plist-3.1.0.tgz 0ms (cache hit)
3127 http cache uuid@https://registry.npmjs.org/uuid/-/uuid-7.0.3.tgz 0ms (cache hit)
3128 http cache imurmurhash@https://registry.npmjs.org/imurmurhash/-/imurmurhash-0.1.4.tgz 0ms (cache hit)
3129 http cache require-directory@https://registry.npmjs.org/require-directory/-/require-directory-2.1.1.tgz 0ms (cache hit)
3130 http cache simple-plist@https://registry.npmjs.org/simple-plist/-/simple-plist-1.3.1.tgz 0ms (cache hit)
3131 http cache is-fullwidth-code-point@https://registry.npmjs.org/is-fullwidth-code-point/-/is-fullwidth-code-point-3.0.0.tgz 0ms (cache hit)
3132 http cache string-width@https://registry.npmjs.org/string-width/-/string-width-4.2.3.tgz 0ms (cache hit)
3133 http cache isexe@https://registry.npmjs.org/isexe/-/isexe-2.0.0.tgz 0ms (cache hit)
3134 http cache emoji-regex@https://registry.npmjs.org/emoji-regex/-/emoji-regex-8.0.0.tgz 0ms (cache hit)
3135 http cache defaults@https://registry.npmjs.org/defaults/-/defaults-1.0.4.tgz 0ms (cache hit)
3136 http cache tmpl@https://registry.npmjs.org/tmpl/-/tmpl-1.0.5.tgz 0ms (cache hit)
3137 http cache clone@https://registry.npmjs.org/clone/-/clone-1.0.4.tgz 0ms (cache hit)
3138 http cache makeerror@https://registry.npmjs.org/makeerror/-/makeerror-1.0.12.tgz 0ms (cache hit)
3139 http cache escalade@https://registry.npmjs.org/escalade/-/escalade-3.2.0.tgz 0ms (cache hit)
3140 http cache unicode-property-aliases-ecmascript@https://registry.npmjs.org/unicode-property-aliases-ecmascript/-/unicode-property-aliases-ecmascript-2.2.0.tgz 0ms (cache hit)
3141 http cache is-number@https://registry.npmjs.org/is-number/-/is-number-7.0.0.tgz 0ms (cache hit)
3142 http cache fdir@https://registry.npmjs.org/fdir/-/fdir-6.5.0.tgz 0ms (cache hit)
3143 http cache acorn@https://registry.npmjs.org/acorn/-/acorn-8.16.0.tgz 0ms (cache hit)
3144 http cache @jridgewell/source-map@https://registry.npmjs.org/@jridgewell/source-map/-/source-map-0.3.11.tgz 0ms (cache hit)
3145 http cache supports-hyperlinks@https://registry.npmjs.org/supports-hyperlinks/-/supports-hyperlinks-2.3.0.tgz 0ms (cache hit)
3146 http cache ansi-escapes@https://registry.npmjs.org/ansi-escapes/-/ansi-escapes-4.3.2.tgz 0ms (cache hit)
3147 http cache has-flag@https://registry.npmjs.org/has-flag/-/has-flag-4.0.0.tgz 0ms (cache hit)
3148 http cache type-fest@https://registry.npmjs.org/type-fest/-/type-fest-0.7.1.tgz 0ms (cache hit)
3149 http cache buffer-from@https://registry.npmjs.org/buffer-from/-/buffer-from-1.1.2.tgz 0ms (cache hit)
3150 http cache shebang-regex@https://registry.npmjs.org/shebang-regex/-/shebang-regex-3.0.0.tgz 0ms (cache hit)
3151 http cache toidentifier@https://registry.npmjs.org/toidentifier/-/toidentifier-1.0.1.tgz 0ms (cache hit)
3152 http cache setprototypeof@https://registry.npmjs.org/setprototypeof/-/setprototypeof-1.2.0.tgz 0ms (cache hit)
3153 http cache unicode-canonical-property-names-ecmascript@https://registry.npmjs.org/unicode-canonical-property-names-ecmascript/-/unicode-canonical-property-names-ecmascript-2.0.1.tgz 0ms (cache hit)
3154 http cache range-parser@https://registry.npmjs.org/range-parser/-/range-parser-1.2.1.tgz 0ms (cache hit)
3155 http cache mime@https://registry.npmjs.org/mime/-/mime-1.6.0.tgz 0ms (cache hit)
3156 http cache http-errors@https://registry.npmjs.org/http-errors/-/http-errors-2.0.1.tgz 0ms (cache hit)
3157 http cache etag@https://registry.npmjs.org/etag/-/etag-1.8.1.tgz 0ms (cache hit)
3158 http cache fresh@https://registry.npmjs.org/fresh/-/fresh-0.5.2.tgz 0ms (cache hit)
3159 http cache destroy@https://registry.npmjs.org/destroy/-/destroy-1.2.0.tgz 0ms (cache hit)
3160 http cache depd@https://registry.npmjs.org/depd/-/depd-2.0.0.tgz 0ms (cache hit)
3161 http cache mimic-fn@https://registry.npmjs.org/mimic-fn/-/mimic-fn-1.2.0.tgz 0ms (cache hit)
3162 http cache signal-exit@https://registry.npmjs.org/signal-exit/-/signal-exit-3.0.7.tgz 0ms (cache hit)
3163 http cache onetime@https://registry.npmjs.org/onetime/-/onetime-2.0.1.tgz 0ms (cache hit)
3164 http cache function-bind@https://registry.npmjs.org/function-bind/-/function-bind-1.1.2.tgz 0ms (cache hit)
3165 http cache hasown@https://registry.npmjs.org/hasown/-/hasown-2.0.2.tgz 0ms (cache hit)
3166 http cache supports-preserve-symlinks-flag@https://registry.npmjs.org/supports-preserve-symlinks-flag/-/supports-preserve-symlinks-flag-1.0.0.tgz 0ms (cache hit)
3167 http cache path-parse@https://registry.npmjs.org/path-parse/-/path-parse-1.0.7.tgz 0ms (cache hit)
3168 http cache is-core-module@https://registry.npmjs.org/is-core-module/-/is-core-module-2.16.1.tgz 0ms (cache hit)
3169 http cache unicode-match-property-value-ecmascript@https://registry.npmjs.org/unicode-match-property-value-ecmascript/-/unicode-match-property-value-ecmascript-2.2.1.tgz 0ms (cache hit)
3170 http cache unicode-match-property-ecmascript@https://registry.npmjs.org/unicode-match-property-ecmascript/-/unicode-match-property-ecmascript-2.0.0.tgz 0ms (cache hit)
3171 http cache regjsparser@https://registry.npmjs.org/regjsparser/-/regjsparser-0.13.0.tgz 0ms (cache hit)
3172 http cache regjsgen@https://registry.npmjs.org/regjsgen/-/regjsgen-0.8.0.tgz 0ms (cache hit)
3173 http cache regenerate-unicode-properties@https://registry.npmjs.org/regenerate-unicode-properties/-/regenerate-unicode-properties-10.2.2.tgz 0ms (cache hit)
3174 http cache regenerate@https://registry.npmjs.org/regenerate/-/regenerate-1.4.2.tgz 0ms (cache hit)
3175 http cache asap@https://registry.npmjs.org/asap/-/asap-2.0.6.tgz 0ms (cache hit)
3176 http cache p-try@https://registry.npmjs.org/p-try/-/p-try-2.2.0.tgz 0ms (cache hit)
3177 http cache shell-quote@https://registry.npmjs.org/shell-quote/-/shell-quote-1.8.3.tgz 0ms (cache hit)
3178 http cache p-limit@https://registry.npmjs.org/p-limit/-/p-limit-2.3.0.tgz 0ms (cache hit)
3179 http cache p-locate@https://registry.npmjs.org/p-locate/-/p-locate-4.1.0.tgz 0ms (cache hit)
3180 http cache @types/stack-utils@https://registry.npmjs.org/@types/stack-utils/-/stack-utils-2.0.3.tgz 0ms (cache hit)
3181 http cache stack-utils@https://registry.npmjs.org/stack-utils/-/stack-utils-2.0.6.tgz 0ms (cache hit)
3182 http cache normalize-path@https://registry.npmjs.org/normalize-path/-/normalize-path-3.0.0.tgz 0ms (cache hit)
3183 http cache anymatch@https://registry.npmjs.org/anymatch/-/anymatch-3.1.3.tgz 0ms (cache hit)
3184 http cache @types/graceful-fs@https://registry.npmjs.org/@types/graceful-fs/-/graceful-fs-4.1.9.tgz 0ms (cache hit)
3185 http cache type-detect@https://registry.npmjs.org/type-detect/-/type-detect-4.0.8.tgz 0ms (cache hit)
3186 http cache @sinonjs/commons@https://registry.npmjs.org/@sinonjs/commons/-/commons-3.0.1.tgz 0ms (cache hit)
3187 http cache jest-message-util@https://registry.npmjs.org/jest-message-util/-/jest-message-util-29.7.0.tgz 0ms (cache hit)
3188 http cache @sinonjs/fake-timers@https://registry.npmjs.org/@sinonjs/fake-timers/-/fake-timers-10.3.0.tgz 0ms (cache hit)
3189 http cache @jest/fake-timers@https://registry.npmjs.org/@jest/fake-timers/-/fake-timers-29.7.0.tgz 0ms (cache hit)
3190 http cache jest-mock@https://registry.npmjs.org/jest-mock/-/jest-mock-29.7.0.tgz 0ms (cache hit)
3191 http cache @jest/environment@https://registry.npmjs.org/@jest/environment/-/environment-29.7.0.tgz 0ms (cache hit)
3192 http cache istanbul-lib-coverage@https://registry.npmjs.org/istanbul-lib-coverage/-/istanbul-lib-coverage-3.2.2.tgz 0ms (cache hit)
3193 http cache @babel/plugin-syntax-top-level-await@https://registry.npmjs.org/@babel/plugin-syntax-top-level-await/-/plugin-syntax-top-level-await-7.14.5.tgz 0ms (cache hit)
3194 http cache locate-path@https://registry.npmjs.org/locate-path/-/locate-path-5.0.0.tgz 0ms (cache hit)
3195 http cache path-exists@https://registry.npmjs.org/path-exists/-/path-exists-4.0.0.tgz 0ms (cache hit)
3196 http cache @babel/plugin-syntax-optional-catch-binding@https://registry.npmjs.org/@babel/plugin-syntax-optional-catch-binding/-/plugin-syntax-optional-catch-binding-7.8.3.tgz 0ms (cache hit)
3197 http cache @babel/plugin-syntax-private-property-in-object@https://registry.npmjs.org/@babel/plugin-syntax-private-property-in-object/-/plugin-syntax-private-property-in-object-7.14.5.tgz 0ms (cache hit)
3198 http cache @babel/plugin-syntax-object-rest-spread@https://registry.npmjs.org/@babel/plugin-syntax-object-rest-spread/-/plugin-syntax-object-rest-spread-7.8.3.tgz 0ms (cache hit)
3199 http cache @babel/plugin-syntax-numeric-separator@https://registry.npmjs.org/@babel/plugin-syntax-numeric-separator/-/plugin-syntax-numeric-separator-7.10.4.tgz 0ms (cache hit)
3200 http cache @babel/plugin-syntax-logical-assignment-operators@https://registry.npmjs.org/@babel/plugin-syntax-logical-assignment-operators/-/plugin-syntax-logical-assignment-operators-7.10.4.tgz 0ms (cache hit)
3201 http cache @babel/plugin-syntax-import-meta@https://registry.npmjs.org/@babel/plugin-syntax-import-meta/-/plugin-syntax-import-meta-7.10.4.tgz 0ms (cache hit)
3202 http cache @babel/plugin-syntax-json-strings@https://registry.npmjs.org/@babel/plugin-syntax-json-strings/-/plugin-syntax-json-strings-7.8.3.tgz 0ms (cache hit)
3203 http cache @babel/plugin-syntax-class-static-block@https://registry.npmjs.org/@babel/plugin-syntax-class-static-block/-/plugin-syntax-class-static-block-7.14.5.tgz 0ms (cache hit)
3204 http cache @babel/plugin-syntax-async-generators@https://registry.npmjs.org/@babel/plugin-syntax-async-generators/-/plugin-syntax-async-generators-7.8.4.tgz 0ms (cache hit)
3205 http cache @babel/plugin-syntax-class-properties@https://registry.npmjs.org/@babel/plugin-syntax-class-properties/-/plugin-syntax-class-properties-7.12.13.tgz 0ms (cache hit)
3206 http cache @babel/plugin-syntax-bigint@https://registry.npmjs.org/@babel/plugin-syntax-bigint/-/plugin-syntax-bigint-7.8.3.tgz 0ms (cache hit)
3207 http cache babel-preset-current-node-syntax@https://registry.npmjs.org/babel-preset-current-node-syntax/-/babel-preset-current-node-syntax-1.2.0.tgz 0ms (cache hit)
3208 http cache babel-plugin-jest-hoist@https://registry.npmjs.org/babel-plugin-jest-hoist/-/babel-plugin-jest-hoist-29.6.3.tgz 0ms (cache hit)
3209 http cache get-package-type@https://registry.npmjs.org/get-package-type/-/get-package-type-0.1.0.tgz 0ms (cache hit)
3210 http cache find-up@https://registry.npmjs.org/find-up/-/find-up-4.1.0.tgz 0ms (cache hit)
3211 http cache test-exclude@https://registry.npmjs.org/test-exclude/-/test-exclude-6.0.0.tgz 0ms (cache hit)
3212 http cache istanbul-lib-instrument@https://registry.npmjs.org/istanbul-lib-instrument/-/istanbul-lib-instrument-5.2.1.tgz 0ms (cache hit)
3213 http cache @istanbuljs/schema@https://registry.npmjs.org/@istanbuljs/schema/-/schema-0.1.3.tgz 0ms (cache hit)
3214 http cache @babel/plugin-syntax-import-attributes@https://registry.npmjs.org/@babel/plugin-syntax-import-attributes/-/plugin-syntax-import-attributes-7.28.6.tgz 1ms (cache hit)
3215 http cache @istanbuljs/load-nyc-config@https://registry.npmjs.org/@istanbuljs/load-nyc-config/-/load-nyc-config-1.1.0.tgz 0ms (cache hit)
3216 http cache @types/babel__traverse@https://registry.npmjs.org/@types/babel__traverse/-/babel__traverse-7.28.0.tgz 0ms (cache hit)
3217 http cache @types/babel__template@https://registry.npmjs.org/@types/babel__template/-/babel__template-7.4.4.tgz 0ms (cache hit)
3218 http cache write-file-atomic@https://registry.npmjs.org/write-file-atomic/-/write-file-atomic-4.0.2.tgz 0ms (cache hit)
3219 http cache pirates@https://registry.npmjs.org/pirates/-/pirates-4.0.7.tgz 0ms (cache hit)
3220 http cache @types/babel__generator@https://registry.npmjs.org/@types/babel__generator/-/babel__generator-7.27.0.tgz 0ms (cache hit)
3221 http cache jest-regex-util@https://registry.npmjs.org/jest-regex-util/-/jest-regex-util-29.6.3.tgz 0ms (cache hit)
3222 http cache jest-haste-map@https://registry.npmjs.org/jest-haste-map/-/jest-haste-map-29.7.0.tgz 0ms (cache hit)
3223 http cache slash@https://registry.npmjs.org/slash/-/slash-3.0.0.tgz 0ms (cache hit)
3224 http cache fast-json-stable-stringify@https://registry.npmjs.org/fast-json-stable-stringify/-/fast-json-stable-stringify-2.1.0.tgz 0ms (cache hit)
3225 http cache babel-preset-jest@https://registry.npmjs.org/babel-preset-jest/-/babel-preset-jest-29.6.3.tgz 0ms (cache hit)
3226 http cache babel-plugin-istanbul@https://registry.npmjs.org/babel-plugin-istanbul/-/babel-plugin-istanbul-6.1.1.tgz 0ms (cache hit)
3227 http cache @types/babel__core@https://registry.npmjs.org/@types/babel__core/-/babel__core-7.20.5.tgz 0ms (cache hit)
3228 http cache @jest/transform@https://registry.npmjs.org/@jest/transform/-/transform-29.7.0.tgz 0ms (cache hit)
3229 http cache event-target-shim@https://registry.npmjs.org/event-target-shim/-/event-target-shim-5.0.1.tgz 0ms (cache hit)
3230 http cache whatwg-fetch@https://registry.npmjs.org/whatwg-fetch/-/whatwg-fetch-3.6.20.tgz 0ms (cache hit)
3231 http cache scheduler@https://registry.npmjs.org/scheduler/-/scheduler-0.27.0.tgz 0ms (cache hit)
3232 http cache tinyglobby@https://registry.npmjs.org/tinyglobby/-/tinyglobby-0.2.15.tgz 0ms (cache hit)
3233 http cache regenerator-runtime@https://registry.npmjs.org/regenerator-runtime/-/regenerator-runtime-0.13.11.tgz 0ms (cache hit)
3234 http cache react-devtools-core@https://registry.npmjs.org/react-devtools-core/-/react-devtools-core-6.1.5.tgz 0ms (cache hit)
3235 http cache promise@https://registry.npmjs.org/promise/-/promise-8.3.0.tgz 0ms (cache hit)
3236 http cache memoize-one@https://registry.npmjs.org/memoize-one/-/memoize-one-5.2.1.tgz 0ms (cache hit)
3237 http cache jest-environment-node@https://registry.npmjs.org/jest-environment-node/-/jest-environment-node-29.7.0.tgz 0ms (cache hit)
3238 http cache hermes-compiler@https://registry.npmjs.org/hermes-compiler/-/hermes-compiler-250829098.0.9.tgz 0ms (cache hit)
3239 http cache babel-jest@https://registry.npmjs.org/babel-jest/-/babel-jest-29.7.0.tgz 0ms (cache hit)
3240 http cache ansi-regex@https://registry.npmjs.org/ansi-regex/-/ansi-regex-5.0.1.tgz 0ms (cache hit)
3241 http cache abort-controller@https://registry.npmjs.org/abort-controller/-/abort-controller-3.0.0.tgz 0ms (cache hit)
3242 http cache @react-native/js-polyfills@https://registry.npmjs.org/@react-native/js-polyfills/-/js-polyfills-0.84.1.tgz 0ms (cache hit)
3243 http cache @react-native/virtualized-lists@https://registry.npmjs.org/@react-native/virtualized-lists/-/virtualized-lists-0.84.1.tgz 0ms (cache hit)
3244 http cache @react-native/community-cli-plugin@https://registry.npmjs.org/@react-native/community-cli-plugin/-/community-cli-plugin-0.84.1.tgz 0ms (cache hit)
3245 http cache @jest/create-cache-key-function@https://registry.npmjs.org/@jest/create-cache-key-function/-/create-cache-key-function-29.7.0.tgz 0ms (cache hit)
3246 http cache @react-native/assets-registry@https://registry.npmjs.org/@react-native/assets-registry/-/assets-registry-0.84.1.tgz 0ms (cache hit)
3247 http cache inherits@https://registry.npmjs.org/inherits/-/inherits-2.0.4.tgz 0ms (cache hit)
3248 http cache sisteransi@https://registry.npmjs.org/sisteransi/-/sisteransi-1.0.5.tgz 0ms (cache hit)
3249 http cache kleur@https://registry.npmjs.org/kleur/-/kleur-3.0.3.tgz 0ms (cache hit)
3250 http cache react-is@https://registry.npmjs.org/react-is/-/react-is-18.3.1.tgz 0ms (cache hit)
3251 http cache source-map-js@https://registry.npmjs.org/source-map-js/-/source-map-js-1.2.1.tgz 0ms (cache hit)
3252 http cache @react-native/gradle-plugin@https://registry.npmjs.org/@react-native/gradle-plugin/-/gradle-plugin-0.84.1.tgz 0ms (cache hit)
3253 http cache nanoid@https://registry.npmjs.org/nanoid/-/nanoid-3.3.11.tgz 0ms (cache hit)
3254 http cache pngjs@https://registry.npmjs.org/pngjs/-/pngjs-3.4.0.tgz 0ms (cache hit)
3255 http cache restore-cursor@https://registry.npmjs.org/restore-cursor/-/restore-cursor-2.0.0.tgz 0ms (cache hit)
3256 http cache strip-ansi@https://registry.npmjs.org/strip-ansi/-/strip-ansi-5.2.0.tgz 0ms (cache hit)
3257 http cache cli-cursor@https://registry.npmjs.org/cli-cursor/-/cli-cursor-2.1.0.tgz 0ms (cache hit)
3258 http cache wcwidth@https://registry.npmjs.org/wcwidth/-/wcwidth-1.0.1.tgz 0ms (cache hit)
3259 http cache log-symbols@https://registry.npmjs.org/log-symbols/-/log-symbols-2.2.0.tgz 0ms (cache hit)
3260 http cache cli-spinners@https://registry.npmjs.org/cli-spinners/-/cli-spinners-2.9.2.tgz 0ms (cache hit)
3261 http cache hosted-git-info@https://registry.npmjs.org/hosted-git-info/-/hosted-git-info-7.0.2.tgz 0ms (cache hit)
3262 http cache ee-first@https://registry.npmjs.org/ee-first/-/ee-first-1.1.1.tgz 0ms (cache hit)
3263 http cache proc-log@https://registry.npmjs.org/proc-log/-/proc-log-4.2.0.tgz 0ms (cache hit)
3264 http cache validate-npm-package-name@https://registry.npmjs.org/validate-npm-package-name/-/validate-npm-package-name-5.0.1.tgz 0ms (cache hit)
3265 http cache balanced-match@https://registry.npmjs.org/balanced-match/-/balanced-match-4.0.4.tgz 0ms (cache hit)
3266 http cache to-regex-range@https://registry.npmjs.org/to-regex-range/-/to-regex-range-5.0.1.tgz 0ms (cache hit)
3267 http cache brace-expansion@https://registry.npmjs.org/brace-expansion/-/brace-expansion-5.0.5.tgz 0ms (cache hit)
3268 http cache fill-range@https://registry.npmjs.org/fill-range/-/fill-range-7.1.1.tgz 0ms (cache hit)
3269 http cache braces@https://registry.npmjs.org/braces/-/braces-3.0.3.tgz 0ms (cache hit)
3270 http cache @babel/traverse--for-generate-function-map@https://registry.npmjs.org/@babel/traverse/-/traverse-7.29.0.tgz 0ms (cache hit)
3271 http cache vlq@https://registry.npmjs.org/vlq/-/vlq-1.0.1.tgz 0ms (cache hit)
3272 http cache ob1@https://registry.npmjs.org/ob1/-/ob1-0.83.3.tgz 0ms (cache hit)
3273 http cache terser@https://registry.npmjs.org/terser/-/terser-5.46.1.tgz 0ms (cache hit)
3274 http cache node-int64@https://registry.npmjs.org/node-int64/-/node-int64-0.4.0.tgz 0ms (cache hit)
3275 http cache bser@https://registry.npmjs.org/bser/-/bser-2.1.1.tgz 0ms (cache hit)
3276 http cache micromatch@https://registry.npmjs.org/micromatch/-/micromatch-4.0.8.tgz 0ms (cache hit)
3277 http cache fb-watchman@https://registry.npmjs.org/fb-watchman/-/fb-watchman-2.0.2.tgz 0ms (cache hit)
3278 http cache walker@https://registry.npmjs.org/walker/-/walker-1.0.8.tgz 0ms (cache hit)
3279 http cache leven@https://registry.npmjs.org/leven/-/leven-3.1.0.tgz 0ms (cache hit)
3280 http cache camelcase@https://registry.npmjs.org/camelcase/-/camelcase-6.3.0.tgz 0ms (cache hit)
3281 http cache jest-get-type@https://registry.npmjs.org/jest-get-type/-/jest-get-type-29.6.3.tgz 0ms (cache hit)
3282 http cache yaml@https://registry.npmjs.org/yaml/-/yaml-2.8.3.tgz 0ms (cache hit)
3283 http cache jest-validate@https://registry.npmjs.org/jest-validate/-/jest-validate-29.7.0.tgz 0ms (cache hit)
3284 http cache https-proxy-agent@https://registry.npmjs.org/https-proxy-agent/-/https-proxy-agent-7.0.6.tgz 0ms (cache hit)
3285 http cache @types/yargs-parser@https://registry.npmjs.org/@types/yargs-parser/-/yargs-parser-21.0.3.tgz 0ms (cache hit)
3286 http cache @types/istanbul-lib-report@https://registry.npmjs.org/@types/istanbul-lib-report/-/istanbul-lib-report-3.0.3.tgz 0ms (cache hit)
3287 http cache exponential-backoff@https://registry.npmjs.org/exponential-backoff/-/exponential-backoff-3.1.3.tgz 0ms (cache hit)
3288 http cache @jest/schemas@https://registry.npmjs.org/@jest/schemas/-/schemas-29.6.3.tgz 0ms (cache hit)
3289 http cache @sinclair/typebox@https://registry.npmjs.org/@sinclair/typebox/-/typebox-0.27.10.tgz 0ms (cache hit)
3290 http cache @types/yargs@https://registry.npmjs.org/@types/yargs/-/yargs-17.0.35.tgz 0ms (cache hit)
3291 http cache @types/istanbul-lib-coverage@https://registry.npmjs.org/@types/istanbul-lib-coverage/-/istanbul-lib-coverage-2.0.6.tgz 0ms (cache hit)
3292 http cache agent-base@https://registry.npmjs.org/agent-base/-/agent-base-7.1.4.tgz 0ms (cache hit)
3293 http cache @jest/types@https://registry.npmjs.org/@jest/types/-/types-29.6.3.tgz 0ms (cache hit)
3294 http cache merge-stream@https://registry.npmjs.org/merge-stream/-/merge-stream-2.0.0.tgz 0ms (cache hit)
3295 http cache stackframe@https://registry.npmjs.org/stackframe/-/stackframe-1.3.4.tgz 0ms (cache hit)
3296 http cache queue@https://registry.npmjs.org/queue/-/queue-6.0.2.tgz 0ms (cache hit)
3297 http cache source-map@https://registry.npmjs.org/source-map/-/source-map-0.5.7.tgz 0ms (cache hit)
3298 http cache throat@https://registry.npmjs.org/throat/-/throat-5.0.0.tgz 0ms (cache hit)
3299 http cache jest-util@https://registry.npmjs.org/jest-util/-/jest-util-29.7.0.tgz 0ms (cache hit)
3300 http cache serialize-error@https://registry.npmjs.org/serialize-error/-/serialize-error-2.1.0.tgz 0ms (cache hit)
3301 http cache lodash.throttle@https://registry.npmjs.org/lodash.throttle/-/lodash.throttle-4.1.1.tgz 0ms (cache hit)
3302 http cache jest-worker@https://registry.npmjs.org/jest-worker/-/jest-worker-29.7.0.tgz 0ms (cache hit)
3303 http cache image-size@https://registry.npmjs.org/image-size/-/image-size-1.2.1.tgz 0ms (cache hit)
3304 http cache @types/istanbul-reports@https://registry.npmjs.org/@types/istanbul-reports/-/istanbul-reports-3.0.4.tgz 0ms (cache hit)
3305 http cache graceful-fs@https://registry.npmjs.org/graceful-fs/-/graceful-fs-4.2.11.tgz 0ms (cache hit)
3306 http cache flow-enums-runtime@https://registry.npmjs.org/flow-enums-runtime/-/flow-enums-runtime-0.0.6.tgz 0ms (cache hit)
3307 http cache yallist@https://registry.npmjs.org/yallist/-/yallist-3.1.1.tgz 0ms (cache hit)
3308 http cache lightningcss-win32-x64-msvc@https://registry.npmjs.org/lightningcss-win32-x64-msvc/-/lightningcss-win32-x64-msvc-1.32.0.tgz 0ms (cache hit)
3309 http cache error-stack-parser@https://registry.npmjs.org/error-stack-parser/-/error-stack-parser-2.1.4.tgz 0ms (cache hit)
3310 http cache is-docker@https://registry.npmjs.org/is-docker/-/is-docker-2.2.1.tgz 0ms (cache hit)
3311 http cache detect-libc@https://registry.npmjs.org/detect-libc/-/detect-libc-2.1.2.tgz 0ms (cache hit)
3312 http cache argparse@https://registry.npmjs.org/argparse/-/argparse-2.0.1.tgz 0ms (cache hit)
3313 http cache loose-envify@https://registry.npmjs.org/loose-envify/-/loose-envify-1.4.0.tgz 0ms (cache hit)
3314 http cache hermes-estree@https://registry.npmjs.org/hermes-estree/-/hermes-estree-0.32.1.tgz 0ms (cache hit)
3315 http cache marky@https://registry.npmjs.org/marky/-/marky-1.3.0.tgz 0ms (cache hit)
3316 http cache path-scurry@https://registry.npmjs.org/path-scurry/-/path-scurry-2.0.2.tgz 0ms (cache hit)
3317 http cache minipass@https://registry.npmjs.org/minipass/-/minipass-7.1.3.tgz 0ms (cache hit)
3318 http cache unpipe@https://registry.npmjs.org/unpipe/-/unpipe-1.0.0.tgz 0ms (cache hit)
3319 http cache statuses@https://registry.npmjs.org/statuses/-/statuses-1.5.0.tgz 0ms (cache hit)
3320 http cache on-finished@https://registry.npmjs.org/on-finished/-/on-finished-2.3.0.tgz 0ms (cache hit)
3321 http cache encodeurl@https://registry.npmjs.org/encodeurl/-/encodeurl-1.0.2.tgz 0ms (cache hit)
3322 http cache escape-html@https://registry.npmjs.org/escape-html/-/escape-html-1.0.3.tgz 0ms (cache hit)
3323 http cache fontfaceobserver@https://registry.npmjs.org/fontfaceobserver/-/fontfaceobserver-2.3.0.tgz 0ms (cache hit)
3324 http cache ms@https://registry.npmjs.org/ms/-/ms-2.1.3.tgz 0ms (cache hit)
3325 http cache shebang-command@https://registry.npmjs.org/shebang-command/-/shebang-command-2.0.0.tgz 0ms (cache hit)
3326 http cache which@https://registry.npmjs.org/which/-/which-2.0.2.tgz 0ms (cache hit)
3327 http cache path-key@https://registry.npmjs.org/path-key/-/path-key-3.1.1.tgz 0ms (cache hit)
3328 http cache utils-merge@https://registry.npmjs.org/utils-merge/-/utils-merge-1.0.1.tgz 0ms (cache hit)
3329 http cache finalhandler@https://registry.npmjs.org/finalhandler/-/finalhandler-1.1.2.tgz 0ms (cache hit)
3330 http cache mime-db@https://registry.npmjs.org/mime-db/-/mime-db-1.54.0.tgz 0ms (cache hit)
3331 http cache parseurl@https://registry.npmjs.org/parseurl/-/parseurl-1.3.3.tgz 0ms (cache hit)
3332 http cache vary@https://registry.npmjs.org/vary/-/vary-1.1.2.tgz 0ms (cache hit)
3333 http cache safe-buffer@https://registry.npmjs.org/safe-buffer/-/safe-buffer-5.2.1.tgz 0ms (cache hit)
3334 http cache on-headers@https://registry.npmjs.org/on-headers/-/on-headers-1.1.0.tgz 0ms (cache hit)
3335 http cache compressible@https://registry.npmjs.org/compressible/-/compressible-2.0.18.tgz 0ms (cache hit)
3336 http cache bytes@https://registry.npmjs.org/bytes/-/bytes-3.1.2.tgz 0ms (cache hit)
3337 http cache commander@https://registry.npmjs.org/commander/-/commander-7.2.0.tgz 0ms (cache hit)
3338 http cache rimraf@https://registry.npmjs.org/rimraf/-/rimraf-3.0.2.tgz 0ms (cache hit)
3339 http cache color-name@https://registry.npmjs.org/color-name/-/color-name-1.1.4.tgz 0ms (cache hit)
3340 http cache mkdirp@https://registry.npmjs.org/mkdirp/-/mkdirp-1.0.4.tgz 0ms (cache hit)
3341 http cache lighthouse-logger@https://registry.npmjs.org/lighthouse-logger/-/lighthouse-logger-1.4.2.tgz 0ms (cache hit)
3342 http cache is-wsl@https://registry.npmjs.org/is-wsl/-/is-wsl-2.2.0.tgz 0ms (cache hit)
3343 http cache @types/node@https://registry.npmjs.org/@types/node/-/node-25.5.0.tgz 0ms (cache hit)
3344 http cache undici-types@https://registry.npmjs.org/undici-types/-/undici-types-7.18.2.tgz 0ms (cache hit)
3345 http cache escape-string-regexp@https://registry.npmjs.org/escape-string-regexp/-/escape-string-regexp-4.0.0.tgz 0ms (cache hit)
3346 http cache color-convert@https://registry.npmjs.org/color-convert/-/color-convert-2.0.1.tgz 0ms (cache hit)
3347 http cache supports-color@https://registry.npmjs.org/supports-color/-/supports-color-7.2.0.tgz 0ms (cache hit)
3348 http cache ansi-styles@https://registry.npmjs.org/ansi-styles/-/ansi-styles-4.3.0.tgz 0ms (cache hit)
3349 http cache update-browserslist-db@https://registry.npmjs.org/update-browserslist-db/-/update-browserslist-db-1.2.3.tgz 0ms (cache hit)
3350 http cache node-releases@https://registry.npmjs.org/node-releases/-/node-releases-2.0.36.tgz 0ms (cache hit)
3351 http cache electron-to-chromium@https://registry.npmjs.org/electron-to-chromium/-/electron-to-chromium-1.5.329.tgz 0ms (cache hit)
3352 http cache caniuse-lite@https://registry.npmjs.org/caniuse-lite/-/caniuse-lite-1.0.30001782.tgz 0ms (cache hit)
3353 http cache baseline-browser-mapping@https://registry.npmjs.org/baseline-browser-mapping/-/baseline-browser-mapping-2.10.13.tgz 0ms (cache hit)
3354 http cache big-integer@https://registry.npmjs.org/big-integer/-/big-integer-1.6.52.tgz 0ms (cache hit)
3355 http cache stream-buffers@https://registry.npmjs.org/stream-buffers/-/stream-buffers-2.2.0.tgz 0ms (cache hit)
3356 http cache core-js-compat@https://registry.npmjs.org/core-js-compat/-/core-js-compat-3.49.0.tgz 0ms (cache hit)
3357 http cache resolve@https://registry.npmjs.org/resolve/-/resolve-1.22.11.tgz 0ms (cache hit)
3358 http cache lodash.debounce@https://registry.npmjs.org/lodash.debounce/-/lodash.debounce-4.0.8.tgz 0ms (cache hit)
3359 http cache yargs@https://registry.npmjs.org/yargs/-/yargs-17.7.2.tgz 0ms (cache hit)
3360 http cache @react-native/codegen@https://registry.npmjs.org/@react-native/codegen/-/codegen-0.83.4.tgz 0ms (cache hit)
3361 http cache regexpu-core@https://registry.npmjs.org/regexpu-core/-/regexpu-core-6.4.0.tgz 0ms (cache hit)
3362 http cache @babel/helper-define-polyfill-provider@https://registry.npmjs.org/@babel/helper-define-polyfill-provider/-/helper-define-polyfill-provider-0.6.8.tgz 0ms (cache hit)
3363 http cache @react-native/babel-plugin-codegen@https://registry.npmjs.org/@react-native/babel-plugin-codegen/-/babel-plugin-codegen-0.83.4.tgz 0ms (cache hit)
3364 http cache @babel/helper-create-regexp-features-plugin@https://registry.npmjs.org/@babel/helper-create-regexp-features-plugin/-/helper-create-regexp-features-plugin-7.28.5.tgz 1ms (cache hit)
3365 http cache @babel/helper-remap-async-to-generator@https://registry.npmjs.org/@babel/helper-remap-async-to-generator/-/helper-remap-async-to-generator-7.27.1.tgz 0ms (cache hit)
3366 http cache @babel/helper-wrap-function@https://registry.npmjs.org/@babel/helper-wrap-function/-/helper-wrap-function-7.28.6.tgz 0ms (cache hit)
3367 http cache @babel/plugin-transform-unicode-regex@https://registry.npmjs.org/@babel/plugin-transform-unicode-regex/-/plugin-transform-unicode-regex-7.27.1.tgz 0ms (cache hit)
3368 http cache @babel/plugin-transform-sticky-regex@https://registry.npmjs.org/@babel/plugin-transform-sticky-regex/-/plugin-transform-sticky-regex-7.27.1.tgz 0ms (cache hit)
3369 http cache @babel/plugin-transform-spread@https://registry.npmjs.org/@babel/plugin-transform-spread/-/plugin-transform-spread-7.28.6.tgz 0ms (cache hit)
3370 http cache @babel/plugin-transform-shorthand-properties@https://registry.npmjs.org/@babel/plugin-transform-shorthand-properties/-/plugin-transform-shorthand-properties-7.27.1.tgz 0ms (cache hit)
3371 http cache @babel/plugin-transform-regenerator@https://registry.npmjs.org/@babel/plugin-transform-regenerator/-/plugin-transform-regenerator-7.29.0.tgz 0ms (cache hit)
3372 http cache @babel/plugin-transform-optional-chaining@https://registry.npmjs.org/@babel/plugin-transform-optional-chaining/-/plugin-transform-optional-chaining-7.28.6.tgz 0ms (cache hit)
3373 http cache @babel/plugin-transform-react-jsx-source@https://registry.npmjs.org/@babel/plugin-transform-react-jsx-source/-/plugin-transform-react-jsx-source-7.27.1.tgz 0ms (cache hit)
3374 http cache @babel/plugin-transform-optional-catch-binding@https://registry.npmjs.org/@babel/plugin-transform-optional-catch-binding/-/plugin-transform-optional-catch-binding-7.28.6.tgz 0ms (cache hit)
3375 http cache @babel/plugin-transform-numeric-separator@https://registry.npmjs.org/@babel/plugin-transform-numeric-separator/-/plugin-transform-numeric-separator-7.28.6.tgz 0ms (cache hit)
3376 http cache @babel/plugin-transform-react-jsx-self@https://registry.npmjs.org/@babel/plugin-transform-react-jsx-self/-/plugin-transform-react-jsx-self-7.27.1.tgz 0ms (cache hit)
3377 http cache @babel/plugin-transform-nullish-coalescing-operator@https://registry.npmjs.org/@babel/plugin-transform-nullish-coalescing-operator/-/plugin-transform-nullish-coalescing-operator-7.28.6.tgz 0ms (cache hit)
3378 http cache @babel/plugin-transform-named-capturing-groups-regex@https://registry.npmjs.org/@babel/plugin-transform-named-capturing-groups-regex/-/plugin-transform-named-capturing-groups-regex-7.29.0.tgz 0ms (cache hit)
3379 http cache @babel/plugin-transform-logical-assignment-operators@https://registry.npmjs.org/@babel/plugin-transform-logical-assignment-operators/-/plugin-transform-logical-assignment-operators-7.28.6.tgz 0ms (cache hit)
3380 http cache @babel/plugin-transform-function-name@https://registry.npmjs.org/@babel/plugin-transform-function-name/-/plugin-transform-function-name-7.27.1.tgz 0ms (cache hit)
3381 http cache @babel/plugin-transform-literals@https://registry.npmjs.org/@babel/plugin-transform-literals/-/plugin-transform-literals-7.27.1.tgz 0ms (cache hit)
3382 http cache @babel/plugin-transform-for-of@https://registry.npmjs.org/@babel/plugin-transform-for-of/-/plugin-transform-for-of-7.27.1.tgz 0ms (cache hit)
3383 http cache @babel/plugin-transform-computed-properties@https://registry.npmjs.org/@babel/plugin-transform-computed-properties/-/plugin-transform-computed-properties-7.28.6.tgz 0ms (cache hit)
3384 http cache @babel/plugin-transform-block-scoping@https://registry.npmjs.org/@babel/plugin-transform-block-scoping/-/plugin-transform-block-scoping-7.28.6.tgz 0ms (cache hit)
3385 http cache @babel/plugin-transform-class-properties@https://registry.npmjs.org/@babel/plugin-transform-class-properties/-/plugin-transform-class-properties-7.28.6.tgz 0ms (cache hit)
3386 http cache @babel/plugin-transform-async-to-generator@https://registry.npmjs.org/@babel/plugin-transform-async-to-generator/-/plugin-transform-async-to-generator-7.28.6.tgz 0ms (cache hit)
3387 http cache @babel/plugin-transform-async-generator-functions@https://registry.npmjs.org/@babel/plugin-transform-async-generator-functions/-/plugin-transform-async-generator-functions-7.29.0.tgz 0ms (cache hit)
3388 http cache @babel/plugin-transform-arrow-functions@https://registry.npmjs.org/@babel/plugin-transform-arrow-functions/-/plugin-transform-arrow-functions-7.27.1.tgz 0ms (cache hit)
3389 http cache @babel/plugin-syntax-optional-chaining@https://registry.npmjs.org/@babel/plugin-syntax-optional-chaining/-/plugin-syntax-optional-chaining-7.8.3.tgz 0ms (cache hit)
3390 http cache @babel/plugin-syntax-nullish-coalescing-operator@https://registry.npmjs.org/@babel/plugin-syntax-nullish-coalescing-operator/-/plugin-syntax-nullish-coalescing-operator-7.8.3.tgz 0ms (cache hit)
3391 http cache @babel/plugin-syntax-dynamic-import@https://registry.npmjs.org/@babel/plugin-syntax-dynamic-import/-/plugin-syntax-dynamic-import-7.8.3.tgz 0ms (cache hit)
3392 http cache @babel/plugin-syntax-typescript@https://registry.npmjs.org/@babel/plugin-syntax-typescript/-/plugin-syntax-typescript-7.28.6.tgz 0ms (cache hit)
3393 http cache @babel/plugin-transform-typescript@https://registry.npmjs.org/@babel/plugin-transform-typescript/-/plugin-transform-typescript-7.28.6.tgz 0ms (cache hit)
3394 http cache @babel/plugin-syntax-jsx@https://registry.npmjs.org/@babel/plugin-syntax-jsx/-/plugin-syntax-jsx-7.28.6.tgz 0ms (cache hit)
3395 http cache @babel/plugin-transform-react-pure-annotations@https://registry.npmjs.org/@babel/plugin-transform-react-pure-annotations/-/plugin-transform-react-pure-annotations-7.27.1.tgz 0ms (cache hit)
3396 http cache @babel/plugin-transform-react-jsx-development@https://registry.npmjs.org/@babel/plugin-transform-react-jsx-development/-/plugin-transform-react-jsx-development-7.27.1.tgz 0ms (cache hit)
3397 http cache @babel/plugin-transform-react-jsx@https://registry.npmjs.org/@babel/plugin-transform-react-jsx/-/plugin-transform-react-jsx-7.28.6.tgz 0ms (cache hit)
3398 http cache @babel/plugin-transform-react-display-name@https://registry.npmjs.org/@babel/plugin-transform-react-display-name/-/plugin-transform-react-display-name-7.28.0.tgz 0ms (cache hit)
3399 http cache babel-plugin-polyfill-corejs3@https://registry.npmjs.org/babel-plugin-polyfill-corejs3/-/babel-plugin-polyfill-corejs3-0.13.0.tgz 0ms (cache hit)
3400 http cache @babel/plugin-transform-destructuring@https://registry.npmjs.org/@babel/plugin-transform-destructuring/-/plugin-transform-destructuring-7.28.5.tgz 0ms (cache hit)
3401 http cache @babel/plugin-transform-classes@https://registry.npmjs.org/@babel/plugin-transform-classes/-/plugin-transform-classes-7.28.6.tgz 0ms (cache hit)
3402 http cache babel-plugin-polyfill-corejs2@https://registry.npmjs.org/babel-plugin-polyfill-corejs2/-/babel-plugin-polyfill-corejs2-0.4.17.tgz 0ms (cache hit)
3403 http cache babel-plugin-polyfill-regenerator@https://registry.npmjs.org/babel-plugin-polyfill-regenerator/-/babel-plugin-polyfill-regenerator-0.6.8.tgz 0ms (cache hit)
3404 http cache @babel/helper-skip-transparent-expression-wrappers@https://registry.npmjs.org/@babel/helper-skip-transparent-expression-wrappers/-/helper-skip-transparent-expression-wrappers-7.27.1.tgz 0ms (cache hit)
3405 http cache @babel/helper-replace-supers@https://registry.npmjs.org/@babel/helper-replace-supers/-/helper-replace-supers-7.28.6.tgz 0ms (cache hit)
3406 http cache @babel/helper-optimise-call-expression@https://registry.npmjs.org/@babel/helper-optimise-call-expression/-/helper-optimise-call-expression-7.27.1.tgz 0ms (cache hit)
3407 http cache @babel/plugin-syntax-flow@https://registry.npmjs.org/@babel/plugin-syntax-flow/-/plugin-syntax-flow-7.28.6.tgz 0ms (cache hit)
3408 http cache @babel/helper-annotate-as-pure@https://registry.npmjs.org/@babel/helper-annotate-as-pure/-/helper-annotate-as-pure-7.27.3.tgz 0ms (cache hit)
3409 http cache @babel/helper-member-expression-to-functions@https://registry.npmjs.org/@babel/helper-member-expression-to-functions/-/helper-member-expression-to-functions-7.28.5.tgz 0ms (cache hit)
3410 http cache babel-plugin-transform-flow-enums@https://registry.npmjs.org/babel-plugin-transform-flow-enums/-/babel-plugin-transform-flow-enums-0.0.2.tgz 0ms (cache hit)
3411 http cache @babel/helper-create-class-features-plugin@https://registry.npmjs.org/@babel/helper-create-class-features-plugin/-/helper-create-class-features-plugin-7.28.6.tgz 0ms (cache hit)
3412 http cache babel-plugin-syntax-hermes-parser@https://registry.npmjs.org/babel-plugin-syntax-hermes-parser/-/babel-plugin-syntax-hermes-parser-0.32.1.tgz 0ms (cache hit)
3413 http cache @babel/plugin-syntax-decorators@https://registry.npmjs.org/@babel/plugin-syntax-decorators/-/plugin-syntax-decorators-7.28.6.tgz 0ms (cache hit)
3414 http cache babel-plugin-react-native-web@https://registry.npmjs.org/babel-plugin-react-native-web/-/babel-plugin-react-native-web-0.21.2.tgz 0ms (cache hit)
3415 http cache babel-plugin-react-compiler@https://registry.npmjs.org/babel-plugin-react-compiler/-/babel-plugin-react-compiler-1.0.0.tgz 0ms (cache hit)
3416 http cache @react-native/babel-preset@https://registry.npmjs.org/@react-native/babel-preset/-/babel-preset-0.83.4.tgz 0ms (cache hit)
3417 http cache @babel/preset-react@https://registry.npmjs.org/@babel/preset-react/-/preset-react-7.28.5.tgz 0ms (cache hit)
3418 http cache @babel/preset-typescript@https://registry.npmjs.org/@babel/preset-typescript/-/preset-typescript-7.28.5.tgz 0ms (cache hit)
3419 http cache @babel/plugin-transform-runtime@https://registry.npmjs.org/@babel/plugin-transform-runtime/-/plugin-transform-runtime-7.29.0.tgz 0ms (cache hit)
3420 http cache @babel/plugin-transform-private-property-in-object@https://registry.npmjs.org/@babel/plugin-transform-private-property-in-object/-/plugin-transform-private-property-in-object-7.28.6.tgz 0ms (cache hit)
3421 http cache @babel/plugin-transform-private-methods@https://registry.npmjs.org/@babel/plugin-transform-private-methods/-/plugin-transform-private-methods-7.28.6.tgz 0ms (cache hit)
3422 http cache @babel/plugin-transform-parameters@https://registry.npmjs.org/@babel/plugin-transform-parameters/-/plugin-transform-parameters-7.27.7.tgz 0ms (cache hit)
3423 http cache @babel/plugin-transform-object-rest-spread@https://registry.npmjs.org/@babel/plugin-transform-object-rest-spread/-/plugin-transform-object-rest-spread-7.28.6.tgz 0ms (cache hit)
3424 http cache @babel/plugin-transform-flow-strip-types@https://registry.npmjs.org/@babel/plugin-transform-flow-strip-types/-/plugin-transform-flow-strip-types-7.27.1.tgz 0ms (cache hit)
3425 http cache @babel/plugin-transform-class-static-block@https://registry.npmjs.org/@babel/plugin-transform-class-static-block/-/plugin-transform-class-static-block-7.28.6.tgz 0ms (cache hit)
3426 http cache @babel/plugin-transform-export-namespace-from@https://registry.npmjs.org/@babel/plugin-transform-export-namespace-from/-/plugin-transform-export-namespace-from-7.27.1.tgz 0ms (cache hit)
3427 http cache @babel/plugin-syntax-export-default-from@https://registry.npmjs.org/@babel/plugin-syntax-export-default-from/-/plugin-syntax-export-default-from-7.28.6.tgz 0ms (cache hit)
3428 http cache @babel/plugin-proposal-export-default-from@https://registry.npmjs.org/@babel/plugin-proposal-export-default-from/-/plugin-proposal-export-default-from-7.27.1.tgz 0ms (cache hit)
3429 http cache negotiator@https://registry.npmjs.org/negotiator/-/negotiator-0.6.3.tgz 0ms (cache hit)
3430 http cache @babel/plugin-proposal-decorators@https://registry.npmjs.org/@babel/plugin-proposal-decorators/-/plugin-proposal-decorators-7.29.0.tgz 0ms (cache hit)
3431 http cache mime-types@https://registry.npmjs.org/mime-types/-/mime-types-2.1.35.tgz 0ms (cache hit)
3432 http cache fb-dotslash@https://registry.npmjs.org/fb-dotslash/-/fb-dotslash-0.5.8.tgz 0ms (cache hit)
3433 http cache open@https://registry.npmjs.org/open/-/open-7.4.2.tgz 0ms (cache hit)
3434 http cache serve-static@https://registry.npmjs.org/serve-static/-/serve-static-1.16.3.tgz 0ms (cache hit)
3435 http cache invariant@https://registry.npmjs.org/invariant/-/invariant-2.2.4.tgz 0ms (cache hit)
3436 http cache nullthrows@https://registry.npmjs.org/nullthrows/-/nullthrows-1.1.1.tgz 0ms (cache hit)
3437 http cache chromium-edge-launcher@https://registry.npmjs.org/chromium-edge-launcher/-/chromium-edge-launcher-0.2.0.tgz 0ms (cache hit)
3438 http cache @react-native/debugger-shell@https://registry.npmjs.org/@react-native/debugger-shell/-/debugger-shell-0.83.4.tgz 0ms (cache hit)
3439 http cache chrome-launcher@https://registry.npmjs.org/chrome-launcher/-/chrome-launcher-0.15.2.tgz 0ms (cache hit)
3440 http cache @react-native/debugger-frontend@https://registry.npmjs.org/@react-native/debugger-frontend/-/debugger-frontend-0.83.4.tgz 0ms (cache hit)
3441 http cache @jridgewell/resolve-uri@https://registry.npmjs.org/@jridgewell/resolve-uri/-/resolve-uri-3.1.2.tgz 0ms (cache hit)
3442 http cache @isaacs/ttlcache@https://registry.npmjs.org/@isaacs/ttlcache/-/ttlcache-1.4.1.tgz 0ms (cache hit)
3443 http cache js-yaml@https://registry.npmjs.org/js-yaml/-/js-yaml-4.1.1.tgz 0ms (cache hit)
3444 http cache @jridgewell/sourcemap-codec@https://registry.npmjs.org/@jridgewell/sourcemap-codec/-/sourcemap-codec-1.5.5.tgz 0ms (cache hit)
3445 http cache @babel/helper-plugin-utils@https://registry.npmjs.org/@babel/helper-plugin-utils/-/helper-plugin-utils-7.28.6.tgz 0ms (cache hit)
3446 http cache cross-spawn@https://registry.npmjs.org/cross-spawn/-/cross-spawn-7.0.6.tgz 0ms (cache hit)
3447 http cache @react-native/normalize-colors@https://registry.npmjs.org/@react-native/normalize-colors/-/normalize-colors-0.83.4.tgz 0ms (cache hit)
3448 http cache xmlbuilder@https://registry.npmjs.org/xmlbuilder/-/xmlbuilder-15.1.1.tgz 0ms (cache hit)
3449 http cache @babel/helper-string-parser@https://registry.npmjs.org/@babel/helper-string-parser/-/helper-string-parser-7.27.1.tgz 0ms (cache hit)
3450 http cache base64-js@https://registry.npmjs.org/base64-js/-/base64-js-1.5.1.tgz 0ms (cache hit)
3451 http cache @xmldom/xmldom@https://registry.npmjs.org/@xmldom/xmldom/-/xmldom-0.8.12.tgz 0ms (cache hit)
3452 http cache lru-cache@https://registry.npmjs.org/lru-cache/-/lru-cache-5.1.1.tgz 0ms (cache hit)
3453 http cache @babel/helper-globals@https://registry.npmjs.org/@babel/helper-globals/-/helper-globals-7.28.0.tgz 0ms (cache hit)
3454 http cache @babel/plugin-transform-modules-commonjs@https://registry.npmjs.org/@babel/plugin-transform-modules-commonjs/-/plugin-transform-modules-commonjs-7.28.6.tgz 0ms (cache hit)
3455 http cache @babel/helper-module-imports@https://registry.npmjs.org/@babel/helper-module-imports/-/helper-module-imports-7.28.6.tgz 1ms (cache hit)
3456 http cache @babel/helper-validator-option@https://registry.npmjs.org/@babel/helper-validator-option/-/helper-validator-option-7.27.1.tgz 0ms (cache hit)
3457 http cache @babel/compat-data@https://registry.npmjs.org/@babel/compat-data/-/compat-data-7.29.0.tgz 0ms (cache hit)
3458 http cache jsesc@https://registry.npmjs.org/jsesc/-/jsesc-3.1.0.tgz 0ms (cache hit)
3459 http cache @jridgewell/trace-mapping@https://registry.npmjs.org/@jridgewell/trace-mapping/-/trace-mapping-0.3.31.tgz 0ms (cache hit)
3460 http cache @jridgewell/gen-mapping@https://registry.npmjs.org/@jridgewell/gen-mapping/-/gen-mapping-0.3.13.tgz 0ms (cache hit)
3461 http cache gensync@https://registry.npmjs.org/gensync/-/gensync-1.0.0-beta.2.tgz 0ms (cache hit)
3462 http cache convert-source-map@https://registry.npmjs.org/convert-source-map/-/convert-source-map-2.0.0.tgz 0ms (cache hit)
3463 http cache @jridgewell/remapping@https://registry.npmjs.org/@jridgewell/remapping/-/remapping-2.3.5.tgz 0ms (cache hit)
3464 http cache @babel/types@https://registry.npmjs.org/@babel/types/-/types-7.29.0.tgz 0ms (cache hit)
3465 http cache @babel/traverse@https://registry.npmjs.org/@babel/traverse/-/traverse-7.29.0.tgz 0ms (cache hit)
3466 http cache @babel/template@https://registry.npmjs.org/@babel/template/-/template-7.28.6.tgz 0ms (cache hit)
3467 http cache postcss@https://registry.npmjs.org/postcss/-/postcss-8.4.49.tgz 0ms (cache hit)
3468 http cache @babel/helpers@https://registry.npmjs.org/@babel/helpers/-/helpers-7.29.2.tgz 0ms (cache hit)
3469 http cache @babel/helper-module-transforms@https://registry.npmjs.org/@babel/helper-module-transforms/-/helper-module-transforms-7.28.6.tgz 0ms (cache hit)
3470 http cache @babel/helper-compilation-targets@https://registry.npmjs.org/@babel/helper-compilation-targets/-/helper-compilation-targets-7.28.6.tgz 0ms (cache hit)
3471 http cache lightningcss@https://registry.npmjs.org/lightningcss/-/lightningcss-1.32.0.tgz 0ms (cache hit)
3472 http cache jsc-safe-url@https://registry.npmjs.org/jsc-safe-url/-/jsc-safe-url-0.2.4.tgz 0ms (cache hit)
3473 http cache hermes-parser@https://registry.npmjs.org/hermes-parser/-/hermes-parser-0.32.1.tgz 0ms (cache hit)
3474 http cache browserslist@https://registry.npmjs.org/browserslist/-/browserslist-4.28.2.tgz 0ms (cache hit)
3475 http cache @babel/parser@https://registry.npmjs.org/@babel/parser/-/parser-7.29.2.tgz 0ms (cache hit)
3476 http cache @babel/generator@https://registry.npmjs.org/@babel/generator/-/generator-7.29.1.tgz 0ms (cache hit)
3477 http cache @babel/core@https://registry.npmjs.org/@babel/core/-/core-7.29.0.tgz 0ms (cache hit)
3478 http cache metro-transform-worker@https://registry.npmjs.org/metro-transform-worker/-/metro-transform-worker-0.83.3.tgz 0ms (cache hit)
3479 http cache metro-transform-plugins@https://registry.npmjs.org/metro-transform-plugins/-/metro-transform-plugins-0.83.3.tgz 0ms (cache hit)
3480 http cache metro-symbolicate@https://registry.npmjs.org/metro-symbolicate/-/metro-symbolicate-0.83.3.tgz 0ms (cache hit)
3481 http cache metro-source-map@https://registry.npmjs.org/metro-source-map/-/metro-source-map-0.83.3.tgz 0ms (cache hit)
3482 http cache metro-resolver@https://registry.npmjs.org/metro-resolver/-/metro-resolver-0.83.3.tgz 0ms (cache hit)
3483 http cache metro-minify-terser@https://registry.npmjs.org/metro-minify-terser/-/metro-minify-terser-0.83.3.tgz 0ms (cache hit)
3484 http cache metro-runtime@https://registry.npmjs.org/metro-runtime/-/metro-runtime-0.83.3.tgz 0ms (cache hit)
3485 http cache metro-file-map@https://registry.npmjs.org/metro-file-map/-/metro-file-map-0.83.3.tgz 0ms (cache hit)
3486 http cache metro-core@https://registry.npmjs.org/metro-core/-/metro-core-0.83.3.tgz 0ms (cache hit)
3487 http cache metro-cache-key@https://registry.npmjs.org/metro-cache-key/-/metro-cache-key-0.83.3.tgz 0ms (cache hit)
3488 http cache metro-config@https://registry.npmjs.org/metro-config/-/metro-config-0.83.3.tgz 0ms (cache hit)
3489 http cache metro-babel-transformer@https://registry.npmjs.org/metro-babel-transformer/-/metro-babel-transformer-0.83.3.tgz 1ms (cache hit)
3490 http cache @expo/dom-webview@https://registry.npmjs.org/@expo/dom-webview/-/dom-webview-55.0.3.tgz 0ms (cache hit)
3491 http cache metro-cache@https://registry.npmjs.org/metro-cache/-/metro-cache-0.83.3.tgz 0ms (cache hit)
3492 http cache metro@https://registry.npmjs.org/metro/-/metro-0.83.3.tgz 0ms (cache hit)
3493 http cache anser@https://registry.npmjs.org/anser/-/anser-1.4.10.tgz 0ms (cache hit)
3494 http cache js-tokens@https://registry.npmjs.org/js-tokens/-/js-tokens-4.0.0.tgz 0ms (cache hit)
3495 http cache picocolors@https://registry.npmjs.org/picocolors/-/picocolors-1.1.1.tgz 0ms (cache hit)
3496 http cache @babel/helper-validator-identifier@https://registry.npmjs.org/@babel/helper-validator-identifier/-/helper-validator-identifier-7.28.5.tgz 0ms (cache hit)
3497 http cache @babel/code-frame@https://registry.npmjs.org/@babel/code-frame/-/code-frame-7.29.0.tgz 0ms (cache hit)
3498 http cache json5@https://registry.npmjs.org/json5/-/json5-2.2.3.tgz 0ms (cache hit)
3499 http cache parse-png@https://registry.npmjs.org/parse-png/-/parse-png-2.1.0.tgz 0ms (cache hit)
3500 http cache jimp-compact@https://registry.npmjs.org/jimp-compact/-/jimp-compact-0.16.1.tgz 0ms (cache hit)
3501 http cache minimatch@https://registry.npmjs.org/minimatch/-/minimatch-10.2.5.tgz 0ms (cache hit)
3502 http cache @expo/sudo-prompt@https://registry.npmjs.org/@expo/sudo-prompt/-/sudo-prompt-9.3.2.tgz 0ms (cache hit)
3503 http cache xml2js@https://registry.npmjs.org/xml2js/-/xml2js-0.6.0.tgz 0ms (cache hit)
3504 http cache @expo/sdk-runtime-versions@https://registry.npmjs.org/@expo/sdk-runtime-versions/-/sdk-runtime-versions-1.0.0.tgz 1ms (cache hit)
3505 http cache ignore@https://registry.npmjs.org/ignore/-/ignore-5.3.2.tgz 0ms (cache hit)
3506 http cache @expo/config-types@https://registry.npmjs.org/@expo/config-types/-/config-types-55.0.5.tgz 0ms (cache hit)
3507 http cache xcode@https://registry.npmjs.org/xcode/-/xcode-3.0.1.tgz 0ms (cache hit)
3508 http cache resolve-workspace-root@https://registry.npmjs.org/resolve-workspace-root/-/resolve-workspace-root-2.0.1.tgz 0ms (cache hit)
3509 http cache deepmerge@https://registry.npmjs.org/deepmerge/-/deepmerge-4.3.1.tgz 0ms (cache hit)
3510 http cache zod@https://registry.npmjs.org/zod/-/zod-3.25.76.tgz 0ms (cache hit)
3511 http cache ws@https://registry.npmjs.org/ws/-/ws-8.20.0.tgz 0ms (cache hit)
3512 http cache wrap-ansi@https://registry.npmjs.org/wrap-ansi/-/wrap-ansi-7.0.0.tgz 0ms (cache hit)
3513 http cache toqr@https://registry.npmjs.org/toqr/-/toqr-0.1.1.tgz 0ms (cache hit)
3514 http cache terminal-link@https://registry.npmjs.org/terminal-link/-/terminal-link-2.1.1.tgz 0ms (cache hit)
3515 http cache source-map-support@https://registry.npmjs.org/source-map-support/-/source-map-support-0.5.21.tgz 0ms (cache hit)
3516 http cache stacktrace-parser@https://registry.npmjs.org/stacktrace-parser/-/stacktrace-parser-0.1.11.tgz 0ms (cache hit)
3517 http cache structured-headers@https://registry.npmjs.org/structured-headers/-/structured-headers-0.4.1.tgz 0ms (cache hit)
3518 http cache slugify@https://registry.npmjs.org/slugify/-/slugify-1.6.8.tgz 0ms (cache hit)
3519 http cache semver@https://registry.npmjs.org/semver/-/semver-7.7.4.tgz 0ms (cache hit)
3520 http cache send@https://registry.npmjs.org/send/-/send-0.19.2.tgz 0ms (cache hit)
3521 http cache prompts@https://registry.npmjs.org/prompts/-/prompts-2.4.2.tgz 0ms (cache hit)
3522 http cache resolve-from@https://registry.npmjs.org/resolve-from/-/resolve-from-5.0.0.tgz 0ms (cache hit)
3523 http cache progress@https://registry.npmjs.org/progress/-/progress-2.0.3.tgz 0ms (cache hit)
3524 http cache picomatch@https://registry.npmjs.org/picomatch/-/picomatch-4.0.4.tgz 0ms (cache hit)
3525 http cache ora@https://registry.npmjs.org/ora/-/ora-3.4.0.tgz 0ms (cache hit)
3526 http cache npm-package-arg@https://registry.npmjs.org/npm-package-arg/-/npm-package-arg-11.0.3.tgz 0ms (cache hit)
3527 http cache node-forge@https://registry.npmjs.org/node-forge/-/node-forge-1.4.0.tgz 0ms (cache hit)
3528 http cache lan-network@https://registry.npmjs.org/lan-network/-/lan-network-0.2.0.tgz 1ms (cache hit)
3529 http cache multitars@https://registry.npmjs.org/multitars/-/multitars-0.2.4.tgz 0ms (cache hit)
3530 http cache glob@https://registry.npmjs.org/glob/-/glob-13.0.6.tgz 0ms (cache hit)
3531 http cache getenv@https://registry.npmjs.org/getenv/-/getenv-2.0.0.tgz 0ms (cache hit)
3532 http cache fetch-nodeshim@https://registry.npmjs.org/fetch-nodeshim/-/fetch-nodeshim-0.4.10.tgz 0ms (cache hit)
3533 http cache dnssd-advertise@https://registry.npmjs.org/dnssd-advertise/-/dnssd-advertise-1.1.4.tgz 0ms (cache hit)
3534 http cache debug@https://registry.npmjs.org/debug/-/debug-4.4.3.tgz 0ms (cache hit)
3535 http cache connect@https://registry.npmjs.org/connect/-/connect-3.7.0.tgz 0ms (cache hit)
3536 http cache compression@https://registry.npmjs.org/compression/-/compression-1.8.1.tgz 0ms (cache hit)
3537 http cache ci-info@https://registry.npmjs.org/ci-info/-/ci-info-3.9.0.tgz 0ms (cache hit)
3538 http cache chalk@https://registry.npmjs.org/chalk/-/chalk-4.1.2.tgz 0ms (cache hit)
3539 http cache bplist-parser@https://registry.npmjs.org/bplist-parser/-/bplist-parser-0.3.2.tgz 0ms (cache hit)
3540 http cache bplist-creator@https://registry.npmjs.org/bplist-creator/-/bplist-creator-0.1.0.tgz 0ms (cache hit)
3541 http cache better-opn@https://registry.npmjs.org/better-opn/-/better-opn-3.0.2.tgz 0ms (cache hit)
3542 http cache arg@https://registry.npmjs.org/arg/-/arg-5.0.2.tgz 0ms (cache hit)
3543 http cache @react-native/dev-middleware@https://registry.npmjs.org/@react-native/dev-middleware/-/dev-middleware-0.83.4.tgz 0ms (cache hit)
3544 http cache accepts@https://registry.npmjs.org/accepts/-/accepts-1.3.8.tgz 0ms (cache hit)
3545 http cache @expo/xcpretty@https://registry.npmjs.org/@expo/xcpretty/-/xcpretty-4.4.1.tgz 0ms (cache hit)
3546 http cache @expo/ws-tunnel@https://registry.npmjs.org/@expo/ws-tunnel/-/ws-tunnel-1.0.6.tgz 0ms (cache hit)
3547 http cache @expo/spawn-async@https://registry.npmjs.org/@expo/spawn-async/-/spawn-async-1.7.2.tgz 0ms (cache hit)
3548 http cache expo-server@https://registry.npmjs.org/expo-server/-/expo-server-55.0.6.tgz 0ms (cache hit)
3549 http cache @expo/schema-utils@https://registry.npmjs.org/@expo/schema-utils/-/schema-utils-55.0.2.tgz 0ms (cache hit)
3550 http cache @expo/router-server@https://registry.npmjs.org/@expo/router-server/-/router-server-55.0.11.tgz 0ms (cache hit)
3551 http cache @expo/require-utils@https://registry.npmjs.org/@expo/require-utils/-/require-utils-55.0.3.tgz 0ms (cache hit)
3552 http cache @expo/prebuild-config@https://registry.npmjs.org/@expo/prebuild-config/-/prebuild-config-55.0.11.tgz 0ms (cache hit)
3553 http cache @expo/plist@https://registry.npmjs.org/@expo/plist/-/plist-0.5.2.tgz 0ms (cache hit)
3554 http cache @expo/package-manager@https://registry.npmjs.org/@expo/package-manager/-/package-manager-1.10.3.tgz 0ms (cache hit)
3555 http cache @expo/image-utils@https://registry.npmjs.org/@expo/image-utils/-/image-utils-0.8.12.tgz 0ms (cache hit)
3556 http cache @expo/osascript@https://registry.npmjs.org/@expo/osascript/-/osascript-2.4.2.tgz 0ms (cache hit)
3557 http cache whatwg-url-minimum@https://registry.npmjs.org/whatwg-url-minimum/-/whatwg-url-minimum-0.1.1.tgz 0ms (cache hit)
3558 http cache @expo/json-file@https://registry.npmjs.org/@expo/json-file/-/json-file-10.0.12.tgz 0ms (cache hit)
3559 http cache @expo/env@https://registry.npmjs.org/@expo/env/-/env-2.1.1.tgz 0ms (cache hit)
3560 http cache @expo/devcert@https://registry.npmjs.org/@expo/devcert/-/devcert-1.2.1.tgz 0ms (cache hit)
3561 http cache @expo/code-signing-certificates@https://registry.npmjs.org/@expo/code-signing-certificates/-/code-signing-certificates-0.0.6.tgz 0ms (cache hit)
3562 http cache expo-modules-core@https://registry.npmjs.org/expo-modules-core/-/expo-modules-core-55.0.18.tgz 0ms (cache hit)
3563 http cache pretty-format@https://registry.npmjs.org/pretty-format/-/pretty-format-29.7.0.tgz 0ms (cache hit)
3564 http cache expo-modules-autolinking@https://registry.npmjs.org/expo-modules-autolinking/-/expo-modules-autolinking-55.0.12.tgz 0ms (cache hit)
3565 http cache expo-keep-awake@https://registry.npmjs.org/expo-keep-awake/-/expo-keep-awake-55.0.4.tgz 0ms (cache hit)
3566 http cache expo-constants@https://registry.npmjs.org/expo-constants/-/expo-constants-55.0.9.tgz 0ms (cache hit)
3567 http cache expo-file-system@https://registry.npmjs.org/expo-file-system/-/expo-file-system-55.0.12.tgz 0ms (cache hit)
3568 http cache expo-asset@https://registry.npmjs.org/expo-asset/-/expo-asset-55.0.10.tgz 0ms (cache hit)
3569 http cache react-refresh@https://registry.npmjs.org/react-refresh/-/react-refresh-0.14.2.tgz 0ms (cache hit)
3570 http cache babel-preset-expo@https://registry.npmjs.org/babel-preset-expo/-/babel-preset-expo-55.0.13.tgz 0ms (cache hit)
3571 http cache @ungap/structured-clone@https://registry.npmjs.org/@ungap/structured-clone/-/structured-clone-1.3.0.tgz 0ms (cache hit)
3572 http cache @expo/vector-icons@https://registry.npmjs.org/@expo/vector-icons/-/vector-icons-15.1.1.tgz 0ms (cache hit)
3573 http cache expo-font@https://registry.npmjs.org/expo-font/-/expo-font-55.0.4.tgz 0ms (cache hit)
3574 http cache @expo/metro@https://registry.npmjs.org/@expo/metro/-/metro-54.2.0.tgz 0ms (cache hit)
3575 http cache @expo/metro-config@https://registry.npmjs.org/@expo/metro-config/-/metro-config-55.0.11.tgz 0ms (cache hit)
3576 http cache @expo/log-box@https://registry.npmjs.org/@expo/log-box/-/log-box-55.0.8.tgz 0ms (cache hit)
3577 http cache @expo/local-build-cache-provider@https://registry.npmjs.org/@expo/local-build-cache-provider/-/local-build-cache-provider-55.0.7.tgz 0ms (cache hit)
3578 http cache @expo/fingerprint@https://registry.npmjs.org/@expo/fingerprint/-/fingerprint-0.16.6.tgz 0ms (cache hit)
3579 http cache @expo/devtools@https://registry.npmjs.org/@expo/devtools/-/devtools-55.0.2.tgz 0ms (cache hit)
3580 http cache @expo/config@https://registry.npmjs.org/@expo/config/-/config-55.0.11.tgz 0ms (cache hit)
3581 http cache @expo/config-plugins@https://registry.npmjs.org/@expo/config-plugins/-/config-plugins-55.0.7.tgz 0ms (cache hit)
3582 http cache react-native@https://registry.npmjs.org/react-native/-/react-native-0.84.1.tgz 0ms (cache hit)
3583 http cache @expo/cli@https://registry.npmjs.org/@expo/cli/-/cli-55.0.19.tgz 0ms (cache hit)
3584 http cache expo@https://registry.npmjs.org/expo/-/expo-55.0.9.tgz 0ms (cache hit)
3585 http cache @babel/runtime@https://registry.npmjs.org/@babel/runtime/-/runtime-7.29.2.tgz 0ms (cache hit)
3586 http cache react@https://registry.npmjs.org/react/-/react-19.2.4.tgz 0ms (cache hit)
3587 http cache strip-ansi@https://registry.npmjs.org/strip-ansi/-/strip-ansi-6.0.1.tgz 0ms (cache hit)
3588 http cache bplist-parser@https://registry.npmjs.org/bplist-parser/-/bplist-parser-0.3.1.tgz 0ms (cache hit)
3589 http cache strip-ansi@https://registry.npmjs.org/strip-ansi/-/strip-ansi-6.0.1.tgz 0ms (cache hit)
3590 http cache statuses@https://registry.npmjs.org/statuses/-/statuses-2.0.2.tgz 0ms (cache hit)
3591 http cache type-fest@https://registry.npmjs.org/type-fest/-/type-fest-0.21.3.tgz 0ms (cache hit)
3592 http cache escape-string-regexp@https://registry.npmjs.org/escape-string-regexp/-/escape-string-regexp-2.0.0.tgz 0ms (cache hit)
3593 http cache picomatch@https://registry.npmjs.org/picomatch/-/picomatch-2.3.2.tgz 0ms (cache hit)
3594 http cache brace-expansion@https://registry.npmjs.org/brace-expansion/-/brace-expansion-1.1.13.tgz 0ms (cache hit)
3595 http cache balanced-match@https://registry.npmjs.org/balanced-match/-/balanced-match-1.0.2.tgz 0ms (cache hit)
3596 http cache minimatch@https://registry.npmjs.org/minimatch/-/minimatch-3.1.5.tgz 0ms (cache hit)
3597 http cache glob@https://registry.npmjs.org/glob/-/glob-7.2.3.tgz 0ms (cache hit)
3598 http cache argparse@https://registry.npmjs.org/argparse/-/argparse-1.0.10.tgz 0ms (cache hit)
3599 http cache semver@https://registry.npmjs.org/semver/-/semver-6.3.1.tgz 0ms (cache hit)
3600 http cache ws@https://registry.npmjs.org/ws/-/ws-7.5.10.tgz 0ms (cache hit)
3601 http cache ws@https://registry.npmjs.org/ws/-/ws-7.5.10.tgz 0ms (cache hit)
3602 http cache camelcase@https://registry.npmjs.org/camelcase/-/camelcase-5.3.1.tgz 0ms (cache hit)
3603 http cache @react-native/debugger-shell@https://registry.npmjs.org/@react-native/debugger-shell/-/debugger-shell-0.84.1.tgz 0ms (cache hit)
3604 http cache js-yaml@https://registry.npmjs.org/js-yaml/-/js-yaml-3.14.2.tgz 0ms (cache hit)
3605 http cache ansi-regex@https://registry.npmjs.org/ansi-regex/-/ansi-regex-4.1.1.tgz 0ms (cache hit)
3606 http cache @react-native/debugger-frontend@https://registry.npmjs.org/@react-native/debugger-frontend/-/debugger-frontend-0.84.1.tgz 0ms (cache hit)
3607 http cache @react-native/dev-middleware@https://registry.npmjs.org/@react-native/dev-middleware/-/dev-middleware-0.84.1.tgz 0ms (cache hit)
3608 http cache color-name@https://registry.npmjs.org/color-name/-/color-name-1.1.3.tgz 0ms (cache hit)
3609 http cache has-flag@https://registry.npmjs.org/has-flag/-/has-flag-3.0.0.tgz 0ms (cache hit)
3610 http cache color-convert@https://registry.npmjs.org/color-convert/-/color-convert-1.9.3.tgz 0ms (cache hit)
3611 http cache supports-color@https://registry.npmjs.org/supports-color/-/supports-color-5.5.0.tgz 0ms (cache hit)
3612 http cache lru-cache@https://registry.npmjs.org/lru-cache/-/lru-cache-10.4.3.tgz 0ms (cache hit)
3613 http cache chalk@https://registry.npmjs.org/chalk/-/chalk-2.4.2.tgz 1ms (cache hit)
3614 http cache ansi-styles@https://registry.npmjs.org/ansi-styles/-/ansi-styles-3.2.1.tgz 0ms (cache hit)
3615 http cache commander@https://registry.npmjs.org/commander/-/commander-2.20.3.tgz 0ms (cache hit)
3616 http cache escape-string-regexp@https://registry.npmjs.org/escape-string-regexp/-/escape-string-regexp-1.0.5.tgz 1ms (cache hit)
3617 http cache picomatch@https://registry.npmjs.org/picomatch/-/picomatch-2.3.2.tgz 0ms (cache hit)
3618 http cache picomatch@https://registry.npmjs.org/picomatch/-/picomatch-2.3.2.tgz 0ms (cache hit)
3619 http cache supports-color@https://registry.npmjs.org/supports-color/-/supports-color-8.1.1.tgz 0ms (cache hit)
3620 http cache lru-cache@https://registry.npmjs.org/lru-cache/-/lru-cache-11.2.7.tgz 0ms (cache hit)
3621 http cache ms@https://registry.npmjs.org/ms/-/ms-2.0.0.tgz 0ms (cache hit)
3622 http cache debug@https://registry.npmjs.org/debug/-/debug-2.6.9.tgz 0ms (cache hit)
3623 http cache minimatch@https://registry.npmjs.org/minimatch/-/minimatch-3.1.5.tgz 0ms (cache hit)
3624 http cache balanced-match@https://registry.npmjs.org/balanced-match/-/balanced-match-1.0.2.tgz 0ms (cache hit)
3625 http cache ms@https://registry.npmjs.org/ms/-/ms-2.0.0.tgz 0ms (cache hit)
3626 http cache glob@https://registry.npmjs.org/glob/-/glob-7.2.3.tgz 0ms (cache hit)
3627 http cache debug@https://registry.npmjs.org/debug/-/debug-2.6.9.tgz 0ms (cache hit)
3628 http cache brace-expansion@https://registry.npmjs.org/brace-expansion/-/brace-expansion-1.1.13.tgz 0ms (cache hit)
3629 http cache balanced-match@https://registry.npmjs.org/balanced-match/-/balanced-match-1.0.2.tgz 0ms (cache hit)
3630 http cache hermes-estree@https://registry.npmjs.org/hermes-estree/-/hermes-estree-0.32.0.tgz 0ms (cache hit)
3631 http cache hermes-parser@https://registry.npmjs.org/hermes-parser/-/hermes-parser-0.32.0.tgz 0ms (cache hit)
3632 http cache semver@https://registry.npmjs.org/semver/-/semver-6.3.1.tgz 0ms (cache hit)
3633 http cache brace-expansion@https://registry.npmjs.org/brace-expansion/-/brace-expansion-1.1.13.tgz 0ms (cache hit)
3634 http cache glob@https://registry.npmjs.org/glob/-/glob-7.2.3.tgz 0ms (cache hit)
3635 http cache minimatch@https://registry.npmjs.org/minimatch/-/minimatch-3.1.5.tgz 0ms (cache hit)
3636 http cache semver@https://registry.npmjs.org/semver/-/semver-6.3.1.tgz 0ms (cache hit)
3637 http cache hermes-estree@https://registry.npmjs.org/hermes-estree/-/hermes-estree-0.32.0.tgz 0ms (cache hit)
3638 http cache hermes-parser@https://registry.npmjs.org/hermes-parser/-/hermes-parser-0.32.0.tgz 0ms (cache hit)
3639 http cache semver@https://registry.npmjs.org/semver/-/semver-6.3.1.tgz 0ms (cache hit)
3640 http cache mime-db@https://registry.npmjs.org/mime-db/-/mime-db-1.52.0.tgz 0ms (cache hit)
3641 http cache babel-plugin-syntax-hermes-parser@https://registry.npmjs.org/babel-plugin-syntax-hermes-parser/-/babel-plugin-syntax-hermes-parser-0.32.0.tgz 0ms (cache hit)
3642 http cache semver@https://registry.npmjs.org/semver/-/semver-6.3.1.tgz 0ms (cache hit)
3643 http cache encodeurl@https://registry.npmjs.org/encodeurl/-/encodeurl-2.0.0.tgz 0ms (cache hit)
3644 http cache semver@https://registry.npmjs.org/semver/-/semver-6.3.1.tgz 0ms (cache hit)
3645 http cache semver@https://registry.npmjs.org/semver/-/semver-6.3.1.tgz 0ms (cache hit)
3646 http cache hermes-estree@https://registry.npmjs.org/hermes-estree/-/hermes-estree-0.32.0.tgz 0ms (cache hit)
3647 http cache ws@https://registry.npmjs.org/ws/-/ws-7.5.10.tgz 0ms (cache hit)
3648 http cache hermes-estree@https://registry.npmjs.org/hermes-estree/-/hermes-estree-0.32.0.tgz 0ms (cache hit)
3649 http cache hermes-parser@https://registry.npmjs.org/hermes-parser/-/hermes-parser-0.32.0.tgz 0ms (cache hit)
3650 http cache hermes-parser@https://registry.npmjs.org/hermes-parser/-/hermes-parser-0.32.0.tgz 0ms (cache hit)
3651 http cache ci-info@https://registry.npmjs.org/ci-info/-/ci-info-2.0.0.tgz 0ms (cache hit)
3652 http cache statuses@https://registry.npmjs.org/statuses/-/statuses-2.0.2.tgz 0ms (cache hit)
3653 http cache strip-ansi@https://registry.npmjs.org/strip-ansi/-/strip-ansi-6.0.1.tgz 0ms (cache hit)
3654 http cache source-map@https://registry.npmjs.org/source-map/-/source-map-0.6.1.tgz 0ms (cache hit)
3655 http cache xmlbuilder@https://registry.npmjs.org/xmlbuilder/-/xmlbuilder-11.0.1.tgz 0ms (cache hit)
3656 http cache on-finished@https://registry.npmjs.org/on-finished/-/on-finished-2.4.1.tgz 0ms (cache hit)
3657 http cache ms@https://registry.npmjs.org/ms/-/ms-2.0.0.tgz 0ms (cache hit)
3658 http cache debug@https://registry.npmjs.org/debug/-/debug-2.6.9.tgz 0ms (cache hit)
3659 http cache encodeurl@https://registry.npmjs.org/encodeurl/-/encodeurl-2.0.0.tgz 0ms (cache hit)
3660 http cache color-name@https://registry.npmjs.org/color-name/-/color-name-1.1.3.tgz 0ms (cache hit)
3661 http cache has-flag@https://registry.npmjs.org/has-flag/-/has-flag-3.0.0.tgz 0ms (cache hit)
3662 http cache color-convert@https://registry.npmjs.org/color-convert/-/color-convert-1.9.3.tgz 0ms (cache hit)
3663 http cache supports-color@https://registry.npmjs.org/supports-color/-/supports-color-5.5.0.tgz 0ms (cache hit)
3664 http cache ansi-styles@https://registry.npmjs.org/ansi-styles/-/ansi-styles-3.2.1.tgz 0ms (cache hit)
3665 http cache escape-string-regexp@https://registry.npmjs.org/escape-string-regexp/-/escape-string-regexp-1.0.5.tgz 0ms (cache hit)
3666 http cache ms@https://registry.npmjs.org/ms/-/ms-2.0.0.tgz 0ms (cache hit)
3667 http cache debug@https://registry.npmjs.org/debug/-/debug-2.6.9.tgz 0ms (cache hit)
3668 http cache chalk@https://registry.npmjs.org/chalk/-/chalk-2.4.2.tgz 0ms (cache hit)
3669 http cache open@https://registry.npmjs.org/open/-/open-8.4.2.tgz 0ms (cache hit)
3670 http cache ws@https://registry.npmjs.org/ws/-/ws-7.5.10.tgz 0ms (cache hit)
3671 http cache ms@https://registry.npmjs.org/ms/-/ms-2.0.0.tgz 0ms (cache hit)
3672 http cache ansi-styles@https://registry.npmjs.org/ansi-styles/-/ansi-styles-5.2.0.tgz 0ms (cache hit)
3673 http cache debug@https://registry.npmjs.org/debug/-/debug-3.2.7.tgz 0ms (cache hit)
3674 http cache negotiator@https://registry.npmjs.org/negotiator/-/negotiator-0.6.4.tgz 0ms (cache hit)
3675 http cache hermes-parser@https://registry.npmjs.org/hermes-parser/-/hermes-parser-0.32.0.tgz 0ms (cache hit)
3676 http cache ws@https://registry.npmjs.org/ws/-/ws-7.5.10.tgz 0ms (cache hit)
3677 http cache hermes-estree@https://registry.npmjs.org/hermes-estree/-/hermes-estree-0.32.0.tgz 0ms (cache hit)
3678 http cache commander@https://registry.npmjs.org/commander/-/commander-12.1.0.tgz 0ms (cache hit)
3679 http cache @react-native/normalize-colors@https://registry.npmjs.org/@react-native/normalize-colors/-/normalize-colors-0.84.1.tgz 0ms (cache hit)
3680 http cache babel-plugin-syntax-hermes-parser@https://registry.npmjs.org/babel-plugin-syntax-hermes-parser/-/babel-plugin-syntax-hermes-parser-0.32.0.tgz 0ms (cache hit)
3681 http cache debug@https://registry.npmjs.org/debug/-/debug-2.6.9.tgz 0ms (cache hit)
3682 silly tarball no local data for concat-map@https://registry.npmjs.org/concat-map/-/concat-map-0.0.1.tgz. Extracting by manifest.
3683 silly tarball no local data for once@https://registry.npmjs.org/once/-/once-1.4.0.tgz. Extracting by manifest.
3684 silly tarball no local data for define-lazy-prop@https://registry.npmjs.org/define-lazy-prop/-/define-lazy-prop-2.0.0.tgz. Extracting by manifest.
3685 silly tarball no local data for wrappy@https://registry.npmjs.org/wrappy/-/wrappy-1.0.2.tgz. Extracting by manifest.
3686 silly tarball no local data for fs.realpath@https://registry.npmjs.org/fs.realpath/-/fs.realpath-1.0.0.tgz. Extracting by manifest.
3687 silly tarball no local data for inflight@https://registry.npmjs.org/inflight/-/inflight-1.0.6.tgz. Extracting by manifest.
3688 silly tarball no local data for sprintf-js@https://registry.npmjs.org/sprintf-js/-/sprintf-js-1.0.3.tgz. Extracting by manifest.
3689 http cache @react-native/codegen@https://registry.npmjs.org/@react-native/codegen/-/codegen-0.84.1.tgz 0ms (cache hit)
3690 silly tarball no local data for path-is-absolute@https://registry.npmjs.org/path-is-absolute/-/path-is-absolute-1.0.1.tgz. Extracting by manifest.
3691 silly tarball no local data for esprima@https://registry.npmjs.org/esprima/-/esprima-4.0.1.tgz. Extracting by manifest.
3692 silly tarball no local data for yargs-parser@https://registry.npmjs.org/yargs-parser/-/yargs-parser-21.1.1.tgz. Extracting by manifest.
3693 silly tarball no local data for get-caller-file@https://registry.npmjs.org/get-caller-file/-/get-caller-file-2.0.5.tgz. Extracting by manifest.
3694 silly tarball no local data for sax@https://registry.npmjs.org/sax/-/sax-1.6.0.tgz. Extracting by manifest.
3695 silly tarball no local data for y18n@https://registry.npmjs.org/y18n/-/y18n-5.0.8.tgz. Extracting by manifest.
3696 silly tarball no local data for cliui@https://registry.npmjs.org/cliui/-/cliui-8.0.1.tgz. Extracting by manifest.
3697 silly tarball no local data for plist@https://registry.npmjs.org/plist/-/plist-3.1.0.tgz. Extracting by manifest.
3698 silly tarball no local data for uuid@https://registry.npmjs.org/uuid/-/uuid-7.0.3.tgz. Extracting by manifest.
3699 silly tarball no local data for imurmurhash@https://registry.npmjs.org/imurmurhash/-/imurmurhash-0.1.4.tgz. Extracting by manifest.
3700 silly tarball no local data for require-directory@https://registry.npmjs.org/require-directory/-/require-directory-2.1.1.tgz. Extracting by manifest.
3701 silly tarball no local data for simple-plist@https://registry.npmjs.org/simple-plist/-/simple-plist-1.3.1.tgz. Extracting by manifest.
3702 silly tarball no local data for is-fullwidth-code-point@https://registry.npmjs.org/is-fullwidth-code-point/-/is-fullwidth-code-point-3.0.0.tgz. Extracting by manifest.
3703 silly tarball no local data for string-width@https://registry.npmjs.org/string-width/-/string-width-4.2.3.tgz. Extracting by manifest.
3704 silly tarball no local data for isexe@https://registry.npmjs.org/isexe/-/isexe-2.0.0.tgz. Extracting by manifest.
3705 silly tarball no local data for emoji-regex@https://registry.npmjs.org/emoji-regex/-/emoji-regex-8.0.0.tgz. Extracting by manifest.
3706 silly tarball no local data for defaults@https://registry.npmjs.org/defaults/-/defaults-1.0.4.tgz. Extracting by manifest.
3707 silly tarball no local data for tmpl@https://registry.npmjs.org/tmpl/-/tmpl-1.0.5.tgz. Extracting by manifest.
3708 silly tarball no local data for clone@https://registry.npmjs.org/clone/-/clone-1.0.4.tgz. Extracting by manifest.
3709 silly tarball no local data for makeerror@https://registry.npmjs.org/makeerror/-/makeerror-1.0.12.tgz. Extracting by manifest.
3710 silly tarball no local data for escalade@https://registry.npmjs.org/escalade/-/escalade-3.2.0.tgz. Extracting by manifest.
3711 silly tarball no local data for unicode-property-aliases-ecmascript@https://registry.npmjs.org/unicode-property-aliases-ecmascript/-/unicode-property-aliases-ecmascript-2.2.0.tgz. Extracting by manifest.
3712 silly tarball no local data for is-number@https://registry.npmjs.org/is-number/-/is-number-7.0.0.tgz. Extracting by manifest.
3713 silly tarball no local data for fdir@https://registry.npmjs.org/fdir/-/fdir-6.5.0.tgz. Extracting by manifest.
3714 silly tarball no local data for acorn@https://registry.npmjs.org/acorn/-/acorn-8.16.0.tgz. Extracting by manifest.
3715 silly tarball no local data for @jridgewell/source-map@https://registry.npmjs.org/@jridgewell/source-map/-/source-map-0.3.11.tgz. Extracting by manifest.
3716 silly tarball no local data for supports-hyperlinks@https://registry.npmjs.org/supports-hyperlinks/-/supports-hyperlinks-2.3.0.tgz. Extracting by manifest.
3717 silly tarball no local data for ansi-escapes@https://registry.npmjs.org/ansi-escapes/-/ansi-escapes-4.3.2.tgz. Extracting by manifest.
3718 silly tarball no local data for has-flag@https://registry.npmjs.org/has-flag/-/has-flag-4.0.0.tgz. Extracting by manifest.
3719 silly tarball no local data for type-fest@https://registry.npmjs.org/type-fest/-/type-fest-0.7.1.tgz. Extracting by manifest.
3720 silly tarball no local data for buffer-from@https://registry.npmjs.org/buffer-from/-/buffer-from-1.1.2.tgz. Extracting by manifest.
3721 silly tarball no local data for shebang-regex@https://registry.npmjs.org/shebang-regex/-/shebang-regex-3.0.0.tgz. Extracting by manifest.
3722 silly tarball no local data for toidentifier@https://registry.npmjs.org/toidentifier/-/toidentifier-1.0.1.tgz. Extracting by manifest.
3723 silly tarball no local data for setprototypeof@https://registry.npmjs.org/setprototypeof/-/setprototypeof-1.2.0.tgz. Extracting by manifest.
3724 silly tarball no local data for unicode-canonical-property-names-ecmascript@https://registry.npmjs.org/unicode-canonical-property-names-ecmascript/-/unicode-canonical-property-names-ecmascript-2.0.1.tgz. Extracting by manifest.
3725 silly tarball no local data for range-parser@https://registry.npmjs.org/range-parser/-/range-parser-1.2.1.tgz. Extracting by manifest.
3726 silly tarball no local data for mime@https://registry.npmjs.org/mime/-/mime-1.6.0.tgz. Extracting by manifest.
3727 silly tarball no local data for http-errors@https://registry.npmjs.org/http-errors/-/http-errors-2.0.1.tgz. Extracting by manifest.
3728 silly tarball no local data for etag@https://registry.npmjs.org/etag/-/etag-1.8.1.tgz. Extracting by manifest.
3729 silly tarball no local data for fresh@https://registry.npmjs.org/fresh/-/fresh-0.5.2.tgz. Extracting by manifest.
3730 silly tarball no local data for destroy@https://registry.npmjs.org/destroy/-/destroy-1.2.0.tgz. Extracting by manifest.
3731 silly tarball no local data for depd@https://registry.npmjs.org/depd/-/depd-2.0.0.tgz. Extracting by manifest.
3732 silly tarball no local data for mimic-fn@https://registry.npmjs.org/mimic-fn/-/mimic-fn-1.2.0.tgz. Extracting by manifest.
3733 silly tarball no local data for signal-exit@https://registry.npmjs.org/signal-exit/-/signal-exit-3.0.7.tgz. Extracting by manifest.
3734 silly tarball no local data for onetime@https://registry.npmjs.org/onetime/-/onetime-2.0.1.tgz. Extracting by manifest.
3735 silly tarball no local data for function-bind@https://registry.npmjs.org/function-bind/-/function-bind-1.1.2.tgz. Extracting by manifest.
3736 silly tarball no local data for hasown@https://registry.npmjs.org/hasown/-/hasown-2.0.2.tgz. Extracting by manifest.
3737 silly tarball no local data for supports-preserve-symlinks-flag@https://registry.npmjs.org/supports-preserve-symlinks-flag/-/supports-preserve-symlinks-flag-1.0.0.tgz. Extracting by manifest.
3738 silly tarball no local data for path-parse@https://registry.npmjs.org/path-parse/-/path-parse-1.0.7.tgz. Extracting by manifest.
3739 silly tarball no local data for is-core-module@https://registry.npmjs.org/is-core-module/-/is-core-module-2.16.1.tgz. Extracting by manifest.
3740 silly tarball no local data for unicode-match-property-value-ecmascript@https://registry.npmjs.org/unicode-match-property-value-ecmascript/-/unicode-match-property-value-ecmascript-2.2.1.tgz. Extracting by manifest.
3741 silly tarball no local data for unicode-match-property-ecmascript@https://registry.npmjs.org/unicode-match-property-ecmascript/-/unicode-match-property-ecmascript-2.0.0.tgz. Extracting by manifest.
3742 silly tarball no local data for regjsparser@https://registry.npmjs.org/regjsparser/-/regjsparser-0.13.0.tgz. Extracting by manifest.
3743 silly tarball no local data for regjsgen@https://registry.npmjs.org/regjsgen/-/regjsgen-0.8.0.tgz. Extracting by manifest.
3744 silly tarball no local data for regenerate-unicode-properties@https://registry.npmjs.org/regenerate-unicode-properties/-/regenerate-unicode-properties-10.2.2.tgz. Extracting by manifest.
3745 silly tarball no local data for regenerate@https://registry.npmjs.org/regenerate/-/regenerate-1.4.2.tgz. Extracting by manifest.
3746 silly tarball no local data for asap@https://registry.npmjs.org/asap/-/asap-2.0.6.tgz. Extracting by manifest.
3747 silly tarball no local data for p-try@https://registry.npmjs.org/p-try/-/p-try-2.2.0.tgz. Extracting by manifest.
3748 silly tarball no local data for shell-quote@https://registry.npmjs.org/shell-quote/-/shell-quote-1.8.3.tgz. Extracting by manifest.
3749 silly tarball no local data for p-limit@https://registry.npmjs.org/p-limit/-/p-limit-2.3.0.tgz. Extracting by manifest.
3750 silly tarball no local data for p-locate@https://registry.npmjs.org/p-locate/-/p-locate-4.1.0.tgz. Extracting by manifest.
3751 silly tarball no local data for @types/stack-utils@https://registry.npmjs.org/@types/stack-utils/-/stack-utils-2.0.3.tgz. Extracting by manifest.
3752 silly tarball no local data for stack-utils@https://registry.npmjs.org/stack-utils/-/stack-utils-2.0.6.tgz. Extracting by manifest.
3753 silly tarball no local data for normalize-path@https://registry.npmjs.org/normalize-path/-/normalize-path-3.0.0.tgz. Extracting by manifest.
3754 silly tarball no local data for anymatch@https://registry.npmjs.org/anymatch/-/anymatch-3.1.3.tgz. Extracting by manifest.
3755 silly tarball no local data for @types/graceful-fs@https://registry.npmjs.org/@types/graceful-fs/-/graceful-fs-4.1.9.tgz. Extracting by manifest.
3756 silly tarball no local data for type-detect@https://registry.npmjs.org/type-detect/-/type-detect-4.0.8.tgz. Extracting by manifest.
3757 silly tarball no local data for @sinonjs/commons@https://registry.npmjs.org/@sinonjs/commons/-/commons-3.0.1.tgz. Extracting by manifest.
3758 silly tarball no local data for jest-message-util@https://registry.npmjs.org/jest-message-util/-/jest-message-util-29.7.0.tgz. Extracting by manifest.
3759 silly tarball no local data for @sinonjs/fake-timers@https://registry.npmjs.org/@sinonjs/fake-timers/-/fake-timers-10.3.0.tgz. Extracting by manifest.
3760 silly tarball no local data for @jest/fake-timers@https://registry.npmjs.org/@jest/fake-timers/-/fake-timers-29.7.0.tgz. Extracting by manifest.
3761 silly tarball no local data for jest-mock@https://registry.npmjs.org/jest-mock/-/jest-mock-29.7.0.tgz. Extracting by manifest.
3762 silly tarball no local data for @jest/environment@https://registry.npmjs.org/@jest/environment/-/environment-29.7.0.tgz. Extracting by manifest.
3763 silly tarball no local data for istanbul-lib-coverage@https://registry.npmjs.org/istanbul-lib-coverage/-/istanbul-lib-coverage-3.2.2.tgz. Extracting by manifest.
3764 silly tarball no local data for @babel/plugin-syntax-top-level-await@https://registry.npmjs.org/@babel/plugin-syntax-top-level-await/-/plugin-syntax-top-level-await-7.14.5.tgz. Extracting by manifest.
3765 silly tarball no local data for locate-path@https://registry.npmjs.org/locate-path/-/locate-path-5.0.0.tgz. Extracting by manifest.
3766 silly tarball no local data for path-exists@https://registry.npmjs.org/path-exists/-/path-exists-4.0.0.tgz. Extracting by manifest.
3767 silly tarball no local data for @babel/plugin-syntax-optional-catch-binding@https://registry.npmjs.org/@babel/plugin-syntax-optional-catch-binding/-/plugin-syntax-optional-catch-binding-7.8.3.tgz. Extracting by manifest.
3768 silly tarball no local data for @babel/plugin-syntax-private-property-in-object@https://registry.npmjs.org/@babel/plugin-syntax-private-property-in-object/-/plugin-syntax-private-property-in-object-7.14.5.tgz. Extracting by manifest.
3769 silly tarball no local data for @babel/plugin-syntax-object-rest-spread@https://registry.npmjs.org/@babel/plugin-syntax-object-rest-spread/-/plugin-syntax-object-rest-spread-7.8.3.tgz. Extracting by manifest.
3770 silly tarball no local data for @babel/plugin-syntax-numeric-separator@https://registry.npmjs.org/@babel/plugin-syntax-numeric-separator/-/plugin-syntax-numeric-separator-7.10.4.tgz. Extracting by manifest.
3771 silly tarball no local data for @babel/plugin-syntax-logical-assignment-operators@https://registry.npmjs.org/@babel/plugin-syntax-logical-assignment-operators/-/plugin-syntax-logical-assignment-operators-7.10.4.tgz. Extracting by manifest.
3772 silly tarball no local data for @babel/plugin-syntax-import-meta@https://registry.npmjs.org/@babel/plugin-syntax-import-meta/-/plugin-syntax-import-meta-7.10.4.tgz. Extracting by manifest.
3773 silly tarball no local data for @babel/plugin-syntax-json-strings@https://registry.npmjs.org/@babel/plugin-syntax-json-strings/-/plugin-syntax-json-strings-7.8.3.tgz. Extracting by manifest.
3774 silly tarball no local data for @babel/plugin-syntax-class-static-block@https://registry.npmjs.org/@babel/plugin-syntax-class-static-block/-/plugin-syntax-class-static-block-7.14.5.tgz. Extracting by manifest.
3775 silly tarball no local data for @babel/plugin-syntax-async-generators@https://registry.npmjs.org/@babel/plugin-syntax-async-generators/-/plugin-syntax-async-generators-7.8.4.tgz. Extracting by manifest.
3776 silly tarball no local data for @babel/plugin-syntax-class-properties@https://registry.npmjs.org/@babel/plugin-syntax-class-properties/-/plugin-syntax-class-properties-7.12.13.tgz. Extracting by manifest.
3777 silly tarball no local data for @babel/plugin-syntax-bigint@https://registry.npmjs.org/@babel/plugin-syntax-bigint/-/plugin-syntax-bigint-7.8.3.tgz. Extracting by manifest.
3778 silly tarball no local data for babel-preset-current-node-syntax@https://registry.npmjs.org/babel-preset-current-node-syntax/-/babel-preset-current-node-syntax-1.2.0.tgz. Extracting by manifest.
3779 silly tarball no local data for babel-plugin-jest-hoist@https://registry.npmjs.org/babel-plugin-jest-hoist/-/babel-plugin-jest-hoist-29.6.3.tgz. Extracting by manifest.
3780 silly tarball no local data for get-package-type@https://registry.npmjs.org/get-package-type/-/get-package-type-0.1.0.tgz. Extracting by manifest.
3781 silly tarball no local data for find-up@https://registry.npmjs.org/find-up/-/find-up-4.1.0.tgz. Extracting by manifest.
3782 silly tarball no local data for test-exclude@https://registry.npmjs.org/test-exclude/-/test-exclude-6.0.0.tgz. Extracting by manifest.
3783 silly tarball no local data for istanbul-lib-instrument@https://registry.npmjs.org/istanbul-lib-instrument/-/istanbul-lib-instrument-5.2.1.tgz. Extracting by manifest.
3784 silly tarball no local data for @istanbuljs/schema@https://registry.npmjs.org/@istanbuljs/schema/-/schema-0.1.3.tgz. Extracting by manifest.
3785 silly tarball no local data for @babel/plugin-syntax-import-attributes@https://registry.npmjs.org/@babel/plugin-syntax-import-attributes/-/plugin-syntax-import-attributes-7.28.6.tgz. Extracting by manifest.
3786 silly tarball no local data for @istanbuljs/load-nyc-config@https://registry.npmjs.org/@istanbuljs/load-nyc-config/-/load-nyc-config-1.1.0.tgz. Extracting by manifest.
3787 silly tarball no local data for @types/babel__traverse@https://registry.npmjs.org/@types/babel__traverse/-/babel__traverse-7.28.0.tgz. Extracting by manifest.
3788 silly tarball no local data for @types/babel__template@https://registry.npmjs.org/@types/babel__template/-/babel__template-7.4.4.tgz. Extracting by manifest.
3789 silly tarball no local data for write-file-atomic@https://registry.npmjs.org/write-file-atomic/-/write-file-atomic-4.0.2.tgz. Extracting by manifest.
3790 silly tarball no local data for pirates@https://registry.npmjs.org/pirates/-/pirates-4.0.7.tgz. Extracting by manifest.
3791 silly tarball no local data for @types/babel__generator@https://registry.npmjs.org/@types/babel__generator/-/babel__generator-7.27.0.tgz. Extracting by manifest.
3792 silly tarball no local data for jest-regex-util@https://registry.npmjs.org/jest-regex-util/-/jest-regex-util-29.6.3.tgz. Extracting by manifest.
3793 silly tarball no local data for jest-haste-map@https://registry.npmjs.org/jest-haste-map/-/jest-haste-map-29.7.0.tgz. Extracting by manifest.
3794 silly tarball no local data for slash@https://registry.npmjs.org/slash/-/slash-3.0.0.tgz. Extracting by manifest.
3795 silly tarball no local data for fast-json-stable-stringify@https://registry.npmjs.org/fast-json-stable-stringify/-/fast-json-stable-stringify-2.1.0.tgz. Extracting by manifest.
3796 silly tarball no local data for babel-preset-jest@https://registry.npmjs.org/babel-preset-jest/-/babel-preset-jest-29.6.3.tgz. Extracting by manifest.
3797 silly tarball no local data for babel-plugin-istanbul@https://registry.npmjs.org/babel-plugin-istanbul/-/babel-plugin-istanbul-6.1.1.tgz. Extracting by manifest.
3798 silly tarball no local data for @types/babel__core@https://registry.npmjs.org/@types/babel__core/-/babel__core-7.20.5.tgz. Extracting by manifest.
3799 silly tarball no local data for @jest/transform@https://registry.npmjs.org/@jest/transform/-/transform-29.7.0.tgz. Extracting by manifest.
3800 silly tarball no local data for event-target-shim@https://registry.npmjs.org/event-target-shim/-/event-target-shim-5.0.1.tgz. Extracting by manifest.
3801 silly tarball no local data for whatwg-fetch@https://registry.npmjs.org/whatwg-fetch/-/whatwg-fetch-3.6.20.tgz. Extracting by manifest.
3802 silly tarball no local data for scheduler@https://registry.npmjs.org/scheduler/-/scheduler-0.27.0.tgz. Extracting by manifest.
3803 silly tarball no local data for tinyglobby@https://registry.npmjs.org/tinyglobby/-/tinyglobby-0.2.15.tgz. Extracting by manifest.
3804 silly tarball no local data for regenerator-runtime@https://registry.npmjs.org/regenerator-runtime/-/regenerator-runtime-0.13.11.tgz. Extracting by manifest.
3805 silly tarball no local data for react-devtools-core@https://registry.npmjs.org/react-devtools-core/-/react-devtools-core-6.1.5.tgz. Extracting by manifest.
3806 silly tarball no local data for promise@https://registry.npmjs.org/promise/-/promise-8.3.0.tgz. Extracting by manifest.
3807 silly tarball no local data for memoize-one@https://registry.npmjs.org/memoize-one/-/memoize-one-5.2.1.tgz. Extracting by manifest.
3808 silly tarball no local data for jest-environment-node@https://registry.npmjs.org/jest-environment-node/-/jest-environment-node-29.7.0.tgz. Extracting by manifest.
3809 silly tarball no local data for hermes-compiler@https://registry.npmjs.org/hermes-compiler/-/hermes-compiler-250829098.0.9.tgz. Extracting by manifest.
3810 silly tarball no local data for babel-jest@https://registry.npmjs.org/babel-jest/-/babel-jest-29.7.0.tgz. Extracting by manifest.
3811 silly tarball no local data for ansi-regex@https://registry.npmjs.org/ansi-regex/-/ansi-regex-5.0.1.tgz. Extracting by manifest.
3812 silly tarball no local data for abort-controller@https://registry.npmjs.org/abort-controller/-/abort-controller-3.0.0.tgz. Extracting by manifest.
3813 silly tarball no local data for @react-native/js-polyfills@https://registry.npmjs.org/@react-native/js-polyfills/-/js-polyfills-0.84.1.tgz. Extracting by manifest.
3814 silly tarball no local data for @react-native/virtualized-lists@https://registry.npmjs.org/@react-native/virtualized-lists/-/virtualized-lists-0.84.1.tgz. Extracting by manifest.
3815 silly tarball no local data for @react-native/community-cli-plugin@https://registry.npmjs.org/@react-native/community-cli-plugin/-/community-cli-plugin-0.84.1.tgz. Extracting by manifest.
3816 silly tarball no local data for @jest/create-cache-key-function@https://registry.npmjs.org/@jest/create-cache-key-function/-/create-cache-key-function-29.7.0.tgz. Extracting by manifest.
3817 silly tarball no local data for @react-native/assets-registry@https://registry.npmjs.org/@react-native/assets-registry/-/assets-registry-0.84.1.tgz. Extracting by manifest.
3818 silly tarball no local data for inherits@https://registry.npmjs.org/inherits/-/inherits-2.0.4.tgz. Extracting by manifest.
3819 silly tarball no local data for sisteransi@https://registry.npmjs.org/sisteransi/-/sisteransi-1.0.5.tgz. Extracting by manifest.
3820 silly tarball no local data for kleur@https://registry.npmjs.org/kleur/-/kleur-3.0.3.tgz. Extracting by manifest.
3821 silly tarball no local data for react-is@https://registry.npmjs.org/react-is/-/react-is-18.3.1.tgz. Extracting by manifest.
3822 silly tarball no local data for source-map-js@https://registry.npmjs.org/source-map-js/-/source-map-js-1.2.1.tgz. Extracting by manifest.
3823 silly tarball no local data for @react-native/gradle-plugin@https://registry.npmjs.org/@react-native/gradle-plugin/-/gradle-plugin-0.84.1.tgz. Extracting by manifest.
3824 silly tarball no local data for nanoid@https://registry.npmjs.org/nanoid/-/nanoid-3.3.11.tgz. Extracting by manifest.
3825 silly tarball no local data for pngjs@https://registry.npmjs.org/pngjs/-/pngjs-3.4.0.tgz. Extracting by manifest.
3826 silly tarball no local data for restore-cursor@https://registry.npmjs.org/restore-cursor/-/restore-cursor-2.0.0.tgz. Extracting by manifest.
3827 silly tarball no local data for strip-ansi@https://registry.npmjs.org/strip-ansi/-/strip-ansi-5.2.0.tgz. Extracting by manifest.
3828 silly tarball no local data for cli-cursor@https://registry.npmjs.org/cli-cursor/-/cli-cursor-2.1.0.tgz. Extracting by manifest.
3829 silly tarball no local data for wcwidth@https://registry.npmjs.org/wcwidth/-/wcwidth-1.0.1.tgz. Extracting by manifest.
3830 silly tarball no local data for log-symbols@https://registry.npmjs.org/log-symbols/-/log-symbols-2.2.0.tgz. Extracting by manifest.
3831 silly tarball no local data for cli-spinners@https://registry.npmjs.org/cli-spinners/-/cli-spinners-2.9.2.tgz. Extracting by manifest.
3832 silly tarball no local data for hosted-git-info@https://registry.npmjs.org/hosted-git-info/-/hosted-git-info-7.0.2.tgz. Extracting by manifest.
3833 silly tarball no local data for ee-first@https://registry.npmjs.org/ee-first/-/ee-first-1.1.1.tgz. Extracting by manifest.
3834 silly tarball no local data for proc-log@https://registry.npmjs.org/proc-log/-/proc-log-4.2.0.tgz. Extracting by manifest.
3835 silly tarball no local data for validate-npm-package-name@https://registry.npmjs.org/validate-npm-package-name/-/validate-npm-package-name-5.0.1.tgz. Extracting by manifest.
3836 silly tarball no local data for balanced-match@https://registry.npmjs.org/balanced-match/-/balanced-match-4.0.4.tgz. Extracting by manifest.
3837 silly tarball no local data for to-regex-range@https://registry.npmjs.org/to-regex-range/-/to-regex-range-5.0.1.tgz. Extracting by manifest.
3838 silly tarball no local data for brace-expansion@https://registry.npmjs.org/brace-expansion/-/brace-expansion-5.0.5.tgz. Extracting by manifest.
3839 silly tarball no local data for fill-range@https://registry.npmjs.org/fill-range/-/fill-range-7.1.1.tgz. Extracting by manifest.
3840 silly tarball no local data for braces@https://registry.npmjs.org/braces/-/braces-3.0.3.tgz. Extracting by manifest.
3841 silly tarball no local data for @babel/traverse--for-generate-function-map@https://registry.npmjs.org/@babel/traverse/-/traverse-7.29.0.tgz. Extracting by manifest.
3842 silly tarball no local data for vlq@https://registry.npmjs.org/vlq/-/vlq-1.0.1.tgz. Extracting by manifest.
3843 silly tarball no local data for ob1@https://registry.npmjs.org/ob1/-/ob1-0.83.3.tgz. Extracting by manifest.
3844 silly tarball no local data for terser@https://registry.npmjs.org/terser/-/terser-5.46.1.tgz. Extracting by manifest.
3845 silly tarball no local data for node-int64@https://registry.npmjs.org/node-int64/-/node-int64-0.4.0.tgz. Extracting by manifest.
3846 silly tarball no local data for bser@https://registry.npmjs.org/bser/-/bser-2.1.1.tgz. Extracting by manifest.
3847 silly tarball no local data for micromatch@https://registry.npmjs.org/micromatch/-/micromatch-4.0.8.tgz. Extracting by manifest.
3848 silly tarball no local data for fb-watchman@https://registry.npmjs.org/fb-watchman/-/fb-watchman-2.0.2.tgz. Extracting by manifest.
3849 silly tarball no local data for walker@https://registry.npmjs.org/walker/-/walker-1.0.8.tgz. Extracting by manifest.
3850 silly tarball no local data for leven@https://registry.npmjs.org/leven/-/leven-3.1.0.tgz. Extracting by manifest.
3851 silly tarball no local data for camelcase@https://registry.npmjs.org/camelcase/-/camelcase-6.3.0.tgz. Extracting by manifest.
3852 silly tarball no local data for jest-get-type@https://registry.npmjs.org/jest-get-type/-/jest-get-type-29.6.3.tgz. Extracting by manifest.
3853 silly tarball no local data for yaml@https://registry.npmjs.org/yaml/-/yaml-2.8.3.tgz. Extracting by manifest.
3854 silly tarball no local data for jest-validate@https://registry.npmjs.org/jest-validate/-/jest-validate-29.7.0.tgz. Extracting by manifest.
3855 silly tarball no local data for https-proxy-agent@https://registry.npmjs.org/https-proxy-agent/-/https-proxy-agent-7.0.6.tgz. Extracting by manifest.
3856 silly tarball no local data for @types/yargs-parser@https://registry.npmjs.org/@types/yargs-parser/-/yargs-parser-21.0.3.tgz. Extracting by manifest.
3857 silly tarball no local data for @types/istanbul-lib-report@https://registry.npmjs.org/@types/istanbul-lib-report/-/istanbul-lib-report-3.0.3.tgz. Extracting by manifest.
3858 silly tarball no local data for exponential-backoff@https://registry.npmjs.org/exponential-backoff/-/exponential-backoff-3.1.3.tgz. Extracting by manifest.
3859 silly tarball no local data for @jest/schemas@https://registry.npmjs.org/@jest/schemas/-/schemas-29.6.3.tgz. Extracting by manifest.
3860 silly tarball no local data for @sinclair/typebox@https://registry.npmjs.org/@sinclair/typebox/-/typebox-0.27.10.tgz. Extracting by manifest.
3861 silly tarball no local data for @types/yargs@https://registry.npmjs.org/@types/yargs/-/yargs-17.0.35.tgz. Extracting by manifest.
3862 silly tarball no local data for @types/istanbul-lib-coverage@https://registry.npmjs.org/@types/istanbul-lib-coverage/-/istanbul-lib-coverage-2.0.6.tgz. Extracting by manifest.
3863 silly tarball no local data for agent-base@https://registry.npmjs.org/agent-base/-/agent-base-7.1.4.tgz. Extracting by manifest.
3864 silly tarball no local data for @jest/types@https://registry.npmjs.org/@jest/types/-/types-29.6.3.tgz. Extracting by manifest.
3865 silly tarball no local data for merge-stream@https://registry.npmjs.org/merge-stream/-/merge-stream-2.0.0.tgz. Extracting by manifest.
3866 silly tarball no local data for stackframe@https://registry.npmjs.org/stackframe/-/stackframe-1.3.4.tgz. Extracting by manifest.
3867 silly tarball no local data for queue@https://registry.npmjs.org/queue/-/queue-6.0.2.tgz. Extracting by manifest.
3868 silly tarball no local data for source-map@https://registry.npmjs.org/source-map/-/source-map-0.5.7.tgz. Extracting by manifest.
3869 silly tarball no local data for throat@https://registry.npmjs.org/throat/-/throat-5.0.0.tgz. Extracting by manifest.
3870 silly tarball no local data for jest-util@https://registry.npmjs.org/jest-util/-/jest-util-29.7.0.tgz. Extracting by manifest.
3871 silly tarball no local data for serialize-error@https://registry.npmjs.org/serialize-error/-/serialize-error-2.1.0.tgz. Extracting by manifest.
3872 silly tarball no local data for lodash.throttle@https://registry.npmjs.org/lodash.throttle/-/lodash.throttle-4.1.1.tgz. Extracting by manifest.
3873 silly tarball no local data for jest-worker@https://registry.npmjs.org/jest-worker/-/jest-worker-29.7.0.tgz. Extracting by manifest.
3874 silly tarball no local data for image-size@https://registry.npmjs.org/image-size/-/image-size-1.2.1.tgz. Extracting by manifest.
3875 silly tarball no local data for @types/istanbul-reports@https://registry.npmjs.org/@types/istanbul-reports/-/istanbul-reports-3.0.4.tgz. Extracting by manifest.
3876 silly tarball no local data for graceful-fs@https://registry.npmjs.org/graceful-fs/-/graceful-fs-4.2.11.tgz. Extracting by manifest.
3877 silly tarball no local data for flow-enums-runtime@https://registry.npmjs.org/flow-enums-runtime/-/flow-enums-runtime-0.0.6.tgz. Extracting by manifest.
3878 silly tarball no local data for yallist@https://registry.npmjs.org/yallist/-/yallist-3.1.1.tgz. Extracting by manifest.
3879 silly tarball no local data for lightningcss-win32-x64-msvc@https://registry.npmjs.org/lightningcss-win32-x64-msvc/-/lightningcss-win32-x64-msvc-1.32.0.tgz. Extracting by manifest.
3880 silly tarball no local data for error-stack-parser@https://registry.npmjs.org/error-stack-parser/-/error-stack-parser-2.1.4.tgz. Extracting by manifest.
3881 silly tarball no local data for is-docker@https://registry.npmjs.org/is-docker/-/is-docker-2.2.1.tgz. Extracting by manifest.
3882 silly tarball no local data for detect-libc@https://registry.npmjs.org/detect-libc/-/detect-libc-2.1.2.tgz. Extracting by manifest.
3883 silly tarball no local data for argparse@https://registry.npmjs.org/argparse/-/argparse-2.0.1.tgz. Extracting by manifest.
3884 silly tarball no local data for loose-envify@https://registry.npmjs.org/loose-envify/-/loose-envify-1.4.0.tgz. Extracting by manifest.
3885 silly tarball no local data for hermes-estree@https://registry.npmjs.org/hermes-estree/-/hermes-estree-0.32.1.tgz. Extracting by manifest.
3886 silly tarball no local data for marky@https://registry.npmjs.org/marky/-/marky-1.3.0.tgz. Extracting by manifest.
3887 silly tarball no local data for path-scurry@https://registry.npmjs.org/path-scurry/-/path-scurry-2.0.2.tgz. Extracting by manifest.
3888 silly tarball no local data for minipass@https://registry.npmjs.org/minipass/-/minipass-7.1.3.tgz. Extracting by manifest.
3889 silly tarball no local data for unpipe@https://registry.npmjs.org/unpipe/-/unpipe-1.0.0.tgz. Extracting by manifest.
3890 silly tarball no local data for statuses@https://registry.npmjs.org/statuses/-/statuses-1.5.0.tgz. Extracting by manifest.
3891 silly tarball no local data for on-finished@https://registry.npmjs.org/on-finished/-/on-finished-2.3.0.tgz. Extracting by manifest.
3892 silly tarball no local data for encodeurl@https://registry.npmjs.org/encodeurl/-/encodeurl-1.0.2.tgz. Extracting by manifest.
3893 silly tarball no local data for escape-html@https://registry.npmjs.org/escape-html/-/escape-html-1.0.3.tgz. Extracting by manifest.
3894 silly tarball no local data for fontfaceobserver@https://registry.npmjs.org/fontfaceobserver/-/fontfaceobserver-2.3.0.tgz. Extracting by manifest.
3895 silly tarball no local data for ms@https://registry.npmjs.org/ms/-/ms-2.1.3.tgz. Extracting by manifest.
3896 silly tarball no local data for shebang-command@https://registry.npmjs.org/shebang-command/-/shebang-command-2.0.0.tgz. Extracting by manifest.
3897 silly tarball no local data for which@https://registry.npmjs.org/which/-/which-2.0.2.tgz. Extracting by manifest.
3898 silly tarball no local data for path-key@https://registry.npmjs.org/path-key/-/path-key-3.1.1.tgz. Extracting by manifest.
3899 silly tarball no local data for utils-merge@https://registry.npmjs.org/utils-merge/-/utils-merge-1.0.1.tgz. Extracting by manifest.
3900 silly tarball no local data for finalhandler@https://registry.npmjs.org/finalhandler/-/finalhandler-1.1.2.tgz. Extracting by manifest.
3901 silly tarball no local data for mime-db@https://registry.npmjs.org/mime-db/-/mime-db-1.54.0.tgz. Extracting by manifest.
3902 silly tarball no local data for parseurl@https://registry.npmjs.org/parseurl/-/parseurl-1.3.3.tgz. Extracting by manifest.
3903 silly tarball no local data for vary@https://registry.npmjs.org/vary/-/vary-1.1.2.tgz. Extracting by manifest.
3904 silly tarball no local data for safe-buffer@https://registry.npmjs.org/safe-buffer/-/safe-buffer-5.2.1.tgz. Extracting by manifest.
3905 silly tarball no local data for on-headers@https://registry.npmjs.org/on-headers/-/on-headers-1.1.0.tgz. Extracting by manifest.
3906 silly tarball no local data for compressible@https://registry.npmjs.org/compressible/-/compressible-2.0.18.tgz. Extracting by manifest.
3907 silly tarball no local data for bytes@https://registry.npmjs.org/bytes/-/bytes-3.1.2.tgz. Extracting by manifest.
3908 silly tarball no local data for commander@https://registry.npmjs.org/commander/-/commander-7.2.0.tgz. Extracting by manifest.
3909 silly tarball no local data for rimraf@https://registry.npmjs.org/rimraf/-/rimraf-3.0.2.tgz. Extracting by manifest.
3910 silly tarball no local data for color-name@https://registry.npmjs.org/color-name/-/color-name-1.1.4.tgz. Extracting by manifest.
3911 silly tarball no local data for mkdirp@https://registry.npmjs.org/mkdirp/-/mkdirp-1.0.4.tgz. Extracting by manifest.
3912 silly tarball no local data for lighthouse-logger@https://registry.npmjs.org/lighthouse-logger/-/lighthouse-logger-1.4.2.tgz. Extracting by manifest.
3913 silly tarball no local data for is-wsl@https://registry.npmjs.org/is-wsl/-/is-wsl-2.2.0.tgz. Extracting by manifest.
3914 silly tarball no local data for @types/node@https://registry.npmjs.org/@types/node/-/node-25.5.0.tgz. Extracting by manifest.
3915 silly tarball no local data for undici-types@https://registry.npmjs.org/undici-types/-/undici-types-7.18.2.tgz. Extracting by manifest.
3916 silly tarball no local data for escape-string-regexp@https://registry.npmjs.org/escape-string-regexp/-/escape-string-regexp-4.0.0.tgz. Extracting by manifest.
3917 silly tarball no local data for color-convert@https://registry.npmjs.org/color-convert/-/color-convert-2.0.1.tgz. Extracting by manifest.
3918 silly tarball no local data for supports-color@https://registry.npmjs.org/supports-color/-/supports-color-7.2.0.tgz. Extracting by manifest.
3919 silly tarball no local data for ansi-styles@https://registry.npmjs.org/ansi-styles/-/ansi-styles-4.3.0.tgz. Extracting by manifest.
3920 silly tarball no local data for update-browserslist-db@https://registry.npmjs.org/update-browserslist-db/-/update-browserslist-db-1.2.3.tgz. Extracting by manifest.
3921 silly tarball no local data for node-releases@https://registry.npmjs.org/node-releases/-/node-releases-2.0.36.tgz. Extracting by manifest.
3922 silly tarball no local data for electron-to-chromium@https://registry.npmjs.org/electron-to-chromium/-/electron-to-chromium-1.5.329.tgz. Extracting by manifest.
3923 silly tarball no local data for caniuse-lite@https://registry.npmjs.org/caniuse-lite/-/caniuse-lite-1.0.30001782.tgz. Extracting by manifest.
3924 silly tarball no local data for baseline-browser-mapping@https://registry.npmjs.org/baseline-browser-mapping/-/baseline-browser-mapping-2.10.13.tgz. Extracting by manifest.
3925 silly tarball no local data for big-integer@https://registry.npmjs.org/big-integer/-/big-integer-1.6.52.tgz. Extracting by manifest.
3926 silly tarball no local data for stream-buffers@https://registry.npmjs.org/stream-buffers/-/stream-buffers-2.2.0.tgz. Extracting by manifest.
3927 silly tarball no local data for core-js-compat@https://registry.npmjs.org/core-js-compat/-/core-js-compat-3.49.0.tgz. Extracting by manifest.
3928 silly tarball no local data for resolve@https://registry.npmjs.org/resolve/-/resolve-1.22.11.tgz. Extracting by manifest.
3929 silly tarball no local data for lodash.debounce@https://registry.npmjs.org/lodash.debounce/-/lodash.debounce-4.0.8.tgz. Extracting by manifest.
3930 silly tarball no local data for yargs@https://registry.npmjs.org/yargs/-/yargs-17.7.2.tgz. Extracting by manifest.
3931 silly tarball no local data for @react-native/codegen@https://registry.npmjs.org/@react-native/codegen/-/codegen-0.83.4.tgz. Extracting by manifest.
3932 silly tarball no local data for regexpu-core@https://registry.npmjs.org/regexpu-core/-/regexpu-core-6.4.0.tgz. Extracting by manifest.
3933 silly tarball no local data for @babel/helper-define-polyfill-provider@https://registry.npmjs.org/@babel/helper-define-polyfill-provider/-/helper-define-polyfill-provider-0.6.8.tgz. Extracting by manifest.
3934 silly tarball no local data for @react-native/babel-plugin-codegen@https://registry.npmjs.org/@react-native/babel-plugin-codegen/-/babel-plugin-codegen-0.83.4.tgz. Extracting by manifest.
3935 silly tarball no local data for @babel/helper-create-regexp-features-plugin@https://registry.npmjs.org/@babel/helper-create-regexp-features-plugin/-/helper-create-regexp-features-plugin-7.28.5.tgz. Extracting by manifest.
3936 silly tarball no local data for @babel/helper-remap-async-to-generator@https://registry.npmjs.org/@babel/helper-remap-async-to-generator/-/helper-remap-async-to-generator-7.27.1.tgz. Extracting by manifest.
3937 silly tarball no local data for @babel/helper-wrap-function@https://registry.npmjs.org/@babel/helper-wrap-function/-/helper-wrap-function-7.28.6.tgz. Extracting by manifest.
3938 silly tarball no local data for @babel/plugin-transform-unicode-regex@https://registry.npmjs.org/@babel/plugin-transform-unicode-regex/-/plugin-transform-unicode-regex-7.27.1.tgz. Extracting by manifest.
3939 silly tarball no local data for @babel/plugin-transform-sticky-regex@https://registry.npmjs.org/@babel/plugin-transform-sticky-regex/-/plugin-transform-sticky-regex-7.27.1.tgz. Extracting by manifest.
3940 silly tarball no local data for @babel/plugin-transform-spread@https://registry.npmjs.org/@babel/plugin-transform-spread/-/plugin-transform-spread-7.28.6.tgz. Extracting by manifest.
3941 silly tarball no local data for @babel/plugin-transform-shorthand-properties@https://registry.npmjs.org/@babel/plugin-transform-shorthand-properties/-/plugin-transform-shorthand-properties-7.27.1.tgz. Extracting by manifest.
3942 silly tarball no local data for @babel/plugin-transform-regenerator@https://registry.npmjs.org/@babel/plugin-transform-regenerator/-/plugin-transform-regenerator-7.29.0.tgz. Extracting by manifest.
3943 silly tarball no local data for @babel/plugin-transform-optional-chaining@https://registry.npmjs.org/@babel/plugin-transform-optional-chaining/-/plugin-transform-optional-chaining-7.28.6.tgz. Extracting by manifest.
3944 silly tarball no local data for @babel/plugin-transform-react-jsx-source@https://registry.npmjs.org/@babel/plugin-transform-react-jsx-source/-/plugin-transform-react-jsx-source-7.27.1.tgz. Extracting by manifest.
3945 silly tarball no local data for @babel/plugin-transform-optional-catch-binding@https://registry.npmjs.org/@babel/plugin-transform-optional-catch-binding/-/plugin-transform-optional-catch-binding-7.28.6.tgz. Extracting by manifest.
3946 silly tarball no local data for @babel/plugin-transform-numeric-separator@https://registry.npmjs.org/@babel/plugin-transform-numeric-separator/-/plugin-transform-numeric-separator-7.28.6.tgz. Extracting by manifest.
3947 silly tarball no local data for @babel/plugin-transform-react-jsx-self@https://registry.npmjs.org/@babel/plugin-transform-react-jsx-self/-/plugin-transform-react-jsx-self-7.27.1.tgz. Extracting by manifest.
3948 silly tarball no local data for @babel/plugin-transform-nullish-coalescing-operator@https://registry.npmjs.org/@babel/plugin-transform-nullish-coalescing-operator/-/plugin-transform-nullish-coalescing-operator-7.28.6.tgz. Extracting by manifest.
3949 silly tarball no local data for @babel/plugin-transform-named-capturing-groups-regex@https://registry.npmjs.org/@babel/plugin-transform-named-capturing-groups-regex/-/plugin-transform-named-capturing-groups-regex-7.29.0.tgz. Extracting by manifest.
3950 silly tarball no local data for @babel/plugin-transform-logical-assignment-operators@https://registry.npmjs.org/@babel/plugin-transform-logical-assignment-operators/-/plugin-transform-logical-assignment-operators-7.28.6.tgz. Extracting by manifest.
3951 silly tarball no local data for @babel/plugin-transform-function-name@https://registry.npmjs.org/@babel/plugin-transform-function-name/-/plugin-transform-function-name-7.27.1.tgz. Extracting by manifest.
3952 silly tarball no local data for @babel/plugin-transform-literals@https://registry.npmjs.org/@babel/plugin-transform-literals/-/plugin-transform-literals-7.27.1.tgz. Extracting by manifest.
3953 silly tarball no local data for @babel/plugin-transform-for-of@https://registry.npmjs.org/@babel/plugin-transform-for-of/-/plugin-transform-for-of-7.27.1.tgz. Extracting by manifest.
3954 silly tarball no local data for @babel/plugin-transform-computed-properties@https://registry.npmjs.org/@babel/plugin-transform-computed-properties/-/plugin-transform-computed-properties-7.28.6.tgz. Extracting by manifest.
3955 silly tarball no local data for @babel/plugin-transform-block-scoping@https://registry.npmjs.org/@babel/plugin-transform-block-scoping/-/plugin-transform-block-scoping-7.28.6.tgz. Extracting by manifest.
3956 silly tarball no local data for @babel/plugin-transform-class-properties@https://registry.npmjs.org/@babel/plugin-transform-class-properties/-/plugin-transform-class-properties-7.28.6.tgz. Extracting by manifest.
3957 silly tarball no local data for @babel/plugin-transform-async-to-generator@https://registry.npmjs.org/@babel/plugin-transform-async-to-generator/-/plugin-transform-async-to-generator-7.28.6.tgz. Extracting by manifest.
3958 silly tarball no local data for @babel/plugin-transform-async-generator-functions@https://registry.npmjs.org/@babel/plugin-transform-async-generator-functions/-/plugin-transform-async-generator-functions-7.29.0.tgz. Extracting by manifest.
3959 silly tarball no local data for @babel/plugin-transform-arrow-functions@https://registry.npmjs.org/@babel/plugin-transform-arrow-functions/-/plugin-transform-arrow-functions-7.27.1.tgz. Extracting by manifest.
3960 silly tarball no local data for @babel/plugin-syntax-optional-chaining@https://registry.npmjs.org/@babel/plugin-syntax-optional-chaining/-/plugin-syntax-optional-chaining-7.8.3.tgz. Extracting by manifest.
3961 silly tarball no local data for @babel/plugin-syntax-nullish-coalescing-operator@https://registry.npmjs.org/@babel/plugin-syntax-nullish-coalescing-operator/-/plugin-syntax-nullish-coalescing-operator-7.8.3.tgz. Extracting by manifest.
3962 silly tarball no local data for @babel/plugin-syntax-dynamic-import@https://registry.npmjs.org/@babel/plugin-syntax-dynamic-import/-/plugin-syntax-dynamic-import-7.8.3.tgz. Extracting by manifest.
3963 silly tarball no local data for @babel/plugin-syntax-typescript@https://registry.npmjs.org/@babel/plugin-syntax-typescript/-/plugin-syntax-typescript-7.28.6.tgz. Extracting by manifest.
3964 silly tarball no local data for @babel/plugin-transform-typescript@https://registry.npmjs.org/@babel/plugin-transform-typescript/-/plugin-transform-typescript-7.28.6.tgz. Extracting by manifest.
3965 silly tarball no local data for @babel/plugin-syntax-jsx@https://registry.npmjs.org/@babel/plugin-syntax-jsx/-/plugin-syntax-jsx-7.28.6.tgz. Extracting by manifest.
3966 silly tarball no local data for @babel/plugin-transform-react-pure-annotations@https://registry.npmjs.org/@babel/plugin-transform-react-pure-annotations/-/plugin-transform-react-pure-annotations-7.27.1.tgz. Extracting by manifest.
3967 silly tarball no local data for @babel/plugin-transform-react-jsx-development@https://registry.npmjs.org/@babel/plugin-transform-react-jsx-development/-/plugin-transform-react-jsx-development-7.27.1.tgz. Extracting by manifest.
3968 silly tarball no local data for @babel/plugin-transform-react-jsx@https://registry.npmjs.org/@babel/plugin-transform-react-jsx/-/plugin-transform-react-jsx-7.28.6.tgz. Extracting by manifest.
3969 silly tarball no local data for @babel/plugin-transform-react-display-name@https://registry.npmjs.org/@babel/plugin-transform-react-display-name/-/plugin-transform-react-display-name-7.28.0.tgz. Extracting by manifest.
3970 silly tarball no local data for babel-plugin-polyfill-corejs3@https://registry.npmjs.org/babel-plugin-polyfill-corejs3/-/babel-plugin-polyfill-corejs3-0.13.0.tgz. Extracting by manifest.
3971 silly tarball no local data for @babel/plugin-transform-destructuring@https://registry.npmjs.org/@babel/plugin-transform-destructuring/-/plugin-transform-destructuring-7.28.5.tgz. Extracting by manifest.
3972 silly tarball no local data for @babel/plugin-transform-classes@https://registry.npmjs.org/@babel/plugin-transform-classes/-/plugin-transform-classes-7.28.6.tgz. Extracting by manifest.
3973 silly tarball no local data for babel-plugin-polyfill-corejs2@https://registry.npmjs.org/babel-plugin-polyfill-corejs2/-/babel-plugin-polyfill-corejs2-0.4.17.tgz. Extracting by manifest.
3974 silly tarball no local data for babel-plugin-polyfill-regenerator@https://registry.npmjs.org/babel-plugin-polyfill-regenerator/-/babel-plugin-polyfill-regenerator-0.6.8.tgz. Extracting by manifest.
3975 silly tarball no local data for @babel/helper-skip-transparent-expression-wrappers@https://registry.npmjs.org/@babel/helper-skip-transparent-expression-wrappers/-/helper-skip-transparent-expression-wrappers-7.27.1.tgz. Extracting by manifest.
3976 silly tarball no local data for @babel/helper-replace-supers@https://registry.npmjs.org/@babel/helper-replace-supers/-/helper-replace-supers-7.28.6.tgz. Extracting by manifest.
3977 silly tarball no local data for @babel/helper-optimise-call-expression@https://registry.npmjs.org/@babel/helper-optimise-call-expression/-/helper-optimise-call-expression-7.27.1.tgz. Extracting by manifest.
3978 silly tarball no local data for @babel/plugin-syntax-flow@https://registry.npmjs.org/@babel/plugin-syntax-flow/-/plugin-syntax-flow-7.28.6.tgz. Extracting by manifest.
3979 silly tarball no local data for @babel/helper-annotate-as-pure@https://registry.npmjs.org/@babel/helper-annotate-as-pure/-/helper-annotate-as-pure-7.27.3.tgz. Extracting by manifest.
3980 silly tarball no local data for @babel/helper-member-expression-to-functions@https://registry.npmjs.org/@babel/helper-member-expression-to-functions/-/helper-member-expression-to-functions-7.28.5.tgz. Extracting by manifest.
3981 silly tarball no local data for babel-plugin-transform-flow-enums@https://registry.npmjs.org/babel-plugin-transform-flow-enums/-/babel-plugin-transform-flow-enums-0.0.2.tgz. Extracting by manifest.
3982 silly tarball no local data for @babel/helper-create-class-features-plugin@https://registry.npmjs.org/@babel/helper-create-class-features-plugin/-/helper-create-class-features-plugin-7.28.6.tgz. Extracting by manifest.
3983 silly tarball no local data for babel-plugin-syntax-hermes-parser@https://registry.npmjs.org/babel-plugin-syntax-hermes-parser/-/babel-plugin-syntax-hermes-parser-0.32.1.tgz. Extracting by manifest.
3984 silly tarball no local data for @babel/plugin-syntax-decorators@https://registry.npmjs.org/@babel/plugin-syntax-decorators/-/plugin-syntax-decorators-7.28.6.tgz. Extracting by manifest.
3985 silly tarball no local data for babel-plugin-react-native-web@https://registry.npmjs.org/babel-plugin-react-native-web/-/babel-plugin-react-native-web-0.21.2.tgz. Extracting by manifest.
3986 silly tarball no local data for babel-plugin-react-compiler@https://registry.npmjs.org/babel-plugin-react-compiler/-/babel-plugin-react-compiler-1.0.0.tgz. Extracting by manifest.
3987 silly tarball no local data for @react-native/babel-preset@https://registry.npmjs.org/@react-native/babel-preset/-/babel-preset-0.83.4.tgz. Extracting by manifest.
3988 silly tarball no local data for @babel/preset-react@https://registry.npmjs.org/@babel/preset-react/-/preset-react-7.28.5.tgz. Extracting by manifest.
3989 silly tarball no local data for @babel/preset-typescript@https://registry.npmjs.org/@babel/preset-typescript/-/preset-typescript-7.28.5.tgz. Extracting by manifest.
3990 silly tarball no local data for @babel/plugin-transform-runtime@https://registry.npmjs.org/@babel/plugin-transform-runtime/-/plugin-transform-runtime-7.29.0.tgz. Extracting by manifest.
3991 silly tarball no local data for @babel/plugin-transform-private-property-in-object@https://registry.npmjs.org/@babel/plugin-transform-private-property-in-object/-/plugin-transform-private-property-in-object-7.28.6.tgz. Extracting by manifest.
3992 silly tarball no local data for @babel/plugin-transform-private-methods@https://registry.npmjs.org/@babel/plugin-transform-private-methods/-/plugin-transform-private-methods-7.28.6.tgz. Extracting by manifest.
3993 silly tarball no local data for @babel/plugin-transform-parameters@https://registry.npmjs.org/@babel/plugin-transform-parameters/-/plugin-transform-parameters-7.27.7.tgz. Extracting by manifest.
3994 silly tarball no local data for @babel/plugin-transform-object-rest-spread@https://registry.npmjs.org/@babel/plugin-transform-object-rest-spread/-/plugin-transform-object-rest-spread-7.28.6.tgz. Extracting by manifest.
3995 silly tarball no local data for @babel/plugin-transform-flow-strip-types@https://registry.npmjs.org/@babel/plugin-transform-flow-strip-types/-/plugin-transform-flow-strip-types-7.27.1.tgz. Extracting by manifest.
3996 silly tarball no local data for @babel/plugin-transform-class-static-block@https://registry.npmjs.org/@babel/plugin-transform-class-static-block/-/plugin-transform-class-static-block-7.28.6.tgz. Extracting by manifest.
3997 silly tarball no local data for @babel/plugin-transform-export-namespace-from@https://registry.npmjs.org/@babel/plugin-transform-export-namespace-from/-/plugin-transform-export-namespace-from-7.27.1.tgz. Extracting by manifest.
3998 silly tarball no local data for @babel/plugin-syntax-export-default-from@https://registry.npmjs.org/@babel/plugin-syntax-export-default-from/-/plugin-syntax-export-default-from-7.28.6.tgz. Extracting by manifest.
3999 silly tarball no local data for @babel/plugin-proposal-export-default-from@https://registry.npmjs.org/@babel/plugin-proposal-export-default-from/-/plugin-proposal-export-default-from-7.27.1.tgz. Extracting by manifest.
4000 silly tarball no local data for negotiator@https://registry.npmjs.org/negotiator/-/negotiator-0.6.3.tgz. Extracting by manifest.
4001 silly tarball no local data for @babel/plugin-proposal-decorators@https://registry.npmjs.org/@babel/plugin-proposal-decorators/-/plugin-proposal-decorators-7.29.0.tgz. Extracting by manifest.
4002 silly tarball no local data for mime-types@https://registry.npmjs.org/mime-types/-/mime-types-2.1.35.tgz. Extracting by manifest.
4003 silly tarball no local data for fb-dotslash@https://registry.npmjs.org/fb-dotslash/-/fb-dotslash-0.5.8.tgz. Extracting by manifest.
4004 silly tarball no local data for open@https://registry.npmjs.org/open/-/open-7.4.2.tgz. Extracting by manifest.
4005 silly tarball no local data for serve-static@https://registry.npmjs.org/serve-static/-/serve-static-1.16.3.tgz. Extracting by manifest.
4006 silly tarball no local data for invariant@https://registry.npmjs.org/invariant/-/invariant-2.2.4.tgz. Extracting by manifest.
4007 silly tarball no local data for nullthrows@https://registry.npmjs.org/nullthrows/-/nullthrows-1.1.1.tgz. Extracting by manifest.
4008 silly tarball no local data for chromium-edge-launcher@https://registry.npmjs.org/chromium-edge-launcher/-/chromium-edge-launcher-0.2.0.tgz. Extracting by manifest.
4009 silly tarball no local data for @react-native/debugger-shell@https://registry.npmjs.org/@react-native/debugger-shell/-/debugger-shell-0.83.4.tgz. Extracting by manifest.
4010 silly tarball no local data for chrome-launcher@https://registry.npmjs.org/chrome-launcher/-/chrome-launcher-0.15.2.tgz. Extracting by manifest.
4011 silly tarball no local data for @react-native/debugger-frontend@https://registry.npmjs.org/@react-native/debugger-frontend/-/debugger-frontend-0.83.4.tgz. Extracting by manifest.
4012 silly tarball no local data for @jridgewell/resolve-uri@https://registry.npmjs.org/@jridgewell/resolve-uri/-/resolve-uri-3.1.2.tgz. Extracting by manifest.
4013 silly tarball no local data for @isaacs/ttlcache@https://registry.npmjs.org/@isaacs/ttlcache/-/ttlcache-1.4.1.tgz. Extracting by manifest.
4014 silly tarball no local data for js-yaml@https://registry.npmjs.org/js-yaml/-/js-yaml-4.1.1.tgz. Extracting by manifest.
4015 silly tarball no local data for @jridgewell/sourcemap-codec@https://registry.npmjs.org/@jridgewell/sourcemap-codec/-/sourcemap-codec-1.5.5.tgz. Extracting by manifest.
4016 silly tarball no local data for @babel/helper-plugin-utils@https://registry.npmjs.org/@babel/helper-plugin-utils/-/helper-plugin-utils-7.28.6.tgz. Extracting by manifest.
4017 silly tarball no local data for cross-spawn@https://registry.npmjs.org/cross-spawn/-/cross-spawn-7.0.6.tgz. Extracting by manifest.
4018 silly tarball no local data for @react-native/normalize-colors@https://registry.npmjs.org/@react-native/normalize-colors/-/normalize-colors-0.83.4.tgz. Extracting by manifest.
4019 silly tarball no local data for xmlbuilder@https://registry.npmjs.org/xmlbuilder/-/xmlbuilder-15.1.1.tgz. Extracting by manifest.
4020 silly tarball no local data for @babel/helper-string-parser@https://registry.npmjs.org/@babel/helper-string-parser/-/helper-string-parser-7.27.1.tgz. Extracting by manifest.
4021 silly tarball no local data for base64-js@https://registry.npmjs.org/base64-js/-/base64-js-1.5.1.tgz. Extracting by manifest.
4022 silly tarball no local data for @xmldom/xmldom@https://registry.npmjs.org/@xmldom/xmldom/-/xmldom-0.8.12.tgz. Extracting by manifest.
4023 silly tarball no local data for lru-cache@https://registry.npmjs.org/lru-cache/-/lru-cache-5.1.1.tgz. Extracting by manifest.
4024 silly tarball no local data for @babel/helper-globals@https://registry.npmjs.org/@babel/helper-globals/-/helper-globals-7.28.0.tgz. Extracting by manifest.
4025 silly tarball no local data for @babel/plugin-transform-modules-commonjs@https://registry.npmjs.org/@babel/plugin-transform-modules-commonjs/-/plugin-transform-modules-commonjs-7.28.6.tgz. Extracting by manifest.
4026 silly tarball no local data for @babel/helper-module-imports@https://registry.npmjs.org/@babel/helper-module-imports/-/helper-module-imports-7.28.6.tgz. Extracting by manifest.
4027 silly tarball no local data for @babel/helper-validator-option@https://registry.npmjs.org/@babel/helper-validator-option/-/helper-validator-option-7.27.1.tgz. Extracting by manifest.
4028 silly tarball no local data for @babel/compat-data@https://registry.npmjs.org/@babel/compat-data/-/compat-data-7.29.0.tgz. Extracting by manifest.
4029 silly tarball no local data for jsesc@https://registry.npmjs.org/jsesc/-/jsesc-3.1.0.tgz. Extracting by manifest.
4030 silly tarball no local data for @jridgewell/trace-mapping@https://registry.npmjs.org/@jridgewell/trace-mapping/-/trace-mapping-0.3.31.tgz. Extracting by manifest.
4031 silly tarball no local data for @jridgewell/gen-mapping@https://registry.npmjs.org/@jridgewell/gen-mapping/-/gen-mapping-0.3.13.tgz. Extracting by manifest.
4032 silly tarball no local data for gensync@https://registry.npmjs.org/gensync/-/gensync-1.0.0-beta.2.tgz. Extracting by manifest.
4033 silly tarball no local data for convert-source-map@https://registry.npmjs.org/convert-source-map/-/convert-source-map-2.0.0.tgz. Extracting by manifest.
4034 silly tarball no local data for @jridgewell/remapping@https://registry.npmjs.org/@jridgewell/remapping/-/remapping-2.3.5.tgz. Extracting by manifest.
4035 silly tarball no local data for @babel/types@https://registry.npmjs.org/@babel/types/-/types-7.29.0.tgz. Extracting by manifest.
4036 silly tarball no local data for @babel/traverse@https://registry.npmjs.org/@babel/traverse/-/traverse-7.29.0.tgz. Extracting by manifest.
4037 silly tarball no local data for @babel/template@https://registry.npmjs.org/@babel/template/-/template-7.28.6.tgz. Extracting by manifest.
4038 silly tarball no local data for postcss@https://registry.npmjs.org/postcss/-/postcss-8.4.49.tgz. Extracting by manifest.
4039 silly tarball no local data for @babel/helpers@https://registry.npmjs.org/@babel/helpers/-/helpers-7.29.2.tgz. Extracting by manifest.
4040 silly tarball no local data for @babel/helper-module-transforms@https://registry.npmjs.org/@babel/helper-module-transforms/-/helper-module-transforms-7.28.6.tgz. Extracting by manifest.
4041 silly tarball no local data for @babel/helper-compilation-targets@https://registry.npmjs.org/@babel/helper-compilation-targets/-/helper-compilation-targets-7.28.6.tgz. Extracting by manifest.
4042 silly tarball no local data for lightningcss@https://registry.npmjs.org/lightningcss/-/lightningcss-1.32.0.tgz. Extracting by manifest.
4043 silly tarball no local data for jsc-safe-url@https://registry.npmjs.org/jsc-safe-url/-/jsc-safe-url-0.2.4.tgz. Extracting by manifest.
4044 silly tarball no local data for hermes-parser@https://registry.npmjs.org/hermes-parser/-/hermes-parser-0.32.1.tgz. Extracting by manifest.
4045 silly tarball no local data for browserslist@https://registry.npmjs.org/browserslist/-/browserslist-4.28.2.tgz. Extracting by manifest.
4046 silly tarball no local data for @babel/parser@https://registry.npmjs.org/@babel/parser/-/parser-7.29.2.tgz. Extracting by manifest.
4047 silly tarball no local data for @babel/generator@https://registry.npmjs.org/@babel/generator/-/generator-7.29.1.tgz. Extracting by manifest.
4048 silly tarball no local data for @babel/core@https://registry.npmjs.org/@babel/core/-/core-7.29.0.tgz. Extracting by manifest.
4049 silly tarball no local data for metro-transform-worker@https://registry.npmjs.org/metro-transform-worker/-/metro-transform-worker-0.83.3.tgz. Extracting by manifest.
4050 silly tarball no local data for metro-transform-plugins@https://registry.npmjs.org/metro-transform-plugins/-/metro-transform-plugins-0.83.3.tgz. Extracting by manifest.
4051 silly tarball no local data for metro-symbolicate@https://registry.npmjs.org/metro-symbolicate/-/metro-symbolicate-0.83.3.tgz. Extracting by manifest.
4052 silly tarball no local data for metro-source-map@https://registry.npmjs.org/metro-source-map/-/metro-source-map-0.83.3.tgz. Extracting by manifest.
4053 silly tarball no local data for metro-resolver@https://registry.npmjs.org/metro-resolver/-/metro-resolver-0.83.3.tgz. Extracting by manifest.
4054 silly tarball no local data for metro-minify-terser@https://registry.npmjs.org/metro-minify-terser/-/metro-minify-terser-0.83.3.tgz. Extracting by manifest.
4055 silly tarball no local data for metro-runtime@https://registry.npmjs.org/metro-runtime/-/metro-runtime-0.83.3.tgz. Extracting by manifest.
4056 silly tarball no local data for metro-file-map@https://registry.npmjs.org/metro-file-map/-/metro-file-map-0.83.3.tgz. Extracting by manifest.
4057 silly tarball no local data for metro-core@https://registry.npmjs.org/metro-core/-/metro-core-0.83.3.tgz. Extracting by manifest.
4058 silly tarball no local data for metro-cache-key@https://registry.npmjs.org/metro-cache-key/-/metro-cache-key-0.83.3.tgz. Extracting by manifest.
4059 silly tarball no local data for metro-config@https://registry.npmjs.org/metro-config/-/metro-config-0.83.3.tgz. Extracting by manifest.
4060 silly tarball no local data for metro-babel-transformer@https://registry.npmjs.org/metro-babel-transformer/-/metro-babel-transformer-0.83.3.tgz. Extracting by manifest.
4061 silly tarball no local data for @expo/dom-webview@https://registry.npmjs.org/@expo/dom-webview/-/dom-webview-55.0.3.tgz. Extracting by manifest.
4062 silly tarball no local data for metro-cache@https://registry.npmjs.org/metro-cache/-/metro-cache-0.83.3.tgz. Extracting by manifest.
4063 silly tarball no local data for metro@https://registry.npmjs.org/metro/-/metro-0.83.3.tgz. Extracting by manifest.
4064 silly tarball no local data for anser@https://registry.npmjs.org/anser/-/anser-1.4.10.tgz. Extracting by manifest.
4065 silly tarball no local data for js-tokens@https://registry.npmjs.org/js-tokens/-/js-tokens-4.0.0.tgz. Extracting by manifest.
4066 silly tarball no local data for picocolors@https://registry.npmjs.org/picocolors/-/picocolors-1.1.1.tgz. Extracting by manifest.
4067 silly tarball no local data for @babel/helper-validator-identifier@https://registry.npmjs.org/@babel/helper-validator-identifier/-/helper-validator-identifier-7.28.5.tgz. Extracting by manifest.
4068 silly tarball no local data for @babel/code-frame@https://registry.npmjs.org/@babel/code-frame/-/code-frame-7.29.0.tgz. Extracting by manifest.
4069 silly tarball no local data for json5@https://registry.npmjs.org/json5/-/json5-2.2.3.tgz. Extracting by manifest.
4070 silly tarball no local data for parse-png@https://registry.npmjs.org/parse-png/-/parse-png-2.1.0.tgz. Extracting by manifest.
4071 silly tarball no local data for jimp-compact@https://registry.npmjs.org/jimp-compact/-/jimp-compact-0.16.1.tgz. Extracting by manifest.
4072 silly tarball no local data for minimatch@https://registry.npmjs.org/minimatch/-/minimatch-10.2.5.tgz. Extracting by manifest.
4073 silly tarball no local data for @expo/sudo-prompt@https://registry.npmjs.org/@expo/sudo-prompt/-/sudo-prompt-9.3.2.tgz. Extracting by manifest.
4074 silly tarball no local data for xml2js@https://registry.npmjs.org/xml2js/-/xml2js-0.6.0.tgz. Extracting by manifest.
4075 silly tarball no local data for @expo/sdk-runtime-versions@https://registry.npmjs.org/@expo/sdk-runtime-versions/-/sdk-runtime-versions-1.0.0.tgz. Extracting by manifest.
4076 silly tarball no local data for ignore@https://registry.npmjs.org/ignore/-/ignore-5.3.2.tgz. Extracting by manifest.
4077 silly tarball no local data for @expo/config-types@https://registry.npmjs.org/@expo/config-types/-/config-types-55.0.5.tgz. Extracting by manifest.
4078 silly tarball no local data for xcode@https://registry.npmjs.org/xcode/-/xcode-3.0.1.tgz. Extracting by manifest.
4079 silly tarball no local data for resolve-workspace-root@https://registry.npmjs.org/resolve-workspace-root/-/resolve-workspace-root-2.0.1.tgz. Extracting by manifest.
4080 silly tarball no local data for deepmerge@https://registry.npmjs.org/deepmerge/-/deepmerge-4.3.1.tgz. Extracting by manifest.
4081 silly tarball no local data for zod@https://registry.npmjs.org/zod/-/zod-3.25.76.tgz. Extracting by manifest.
4082 silly tarball no local data for ws@https://registry.npmjs.org/ws/-/ws-8.20.0.tgz. Extracting by manifest.
4083 silly tarball no local data for wrap-ansi@https://registry.npmjs.org/wrap-ansi/-/wrap-ansi-7.0.0.tgz. Extracting by manifest.
4084 silly tarball no local data for toqr@https://registry.npmjs.org/toqr/-/toqr-0.1.1.tgz. Extracting by manifest.
4085 silly tarball no local data for terminal-link@https://registry.npmjs.org/terminal-link/-/terminal-link-2.1.1.tgz. Extracting by manifest.
4086 silly tarball no local data for source-map-support@https://registry.npmjs.org/source-map-support/-/source-map-support-0.5.21.tgz. Extracting by manifest.
4087 silly tarball no local data for stacktrace-parser@https://registry.npmjs.org/stacktrace-parser/-/stacktrace-parser-0.1.11.tgz. Extracting by manifest.
4088 silly tarball no local data for structured-headers@https://registry.npmjs.org/structured-headers/-/structured-headers-0.4.1.tgz. Extracting by manifest.
4089 silly tarball no local data for slugify@https://registry.npmjs.org/slugify/-/slugify-1.6.8.tgz. Extracting by manifest.
4090 silly tarball no local data for semver@https://registry.npmjs.org/semver/-/semver-7.7.4.tgz. Extracting by manifest.
4091 silly tarball no local data for send@https://registry.npmjs.org/send/-/send-0.19.2.tgz. Extracting by manifest.
4092 silly tarball no local data for prompts@https://registry.npmjs.org/prompts/-/prompts-2.4.2.tgz. Extracting by manifest.
4093 silly tarball no local data for resolve-from@https://registry.npmjs.org/resolve-from/-/resolve-from-5.0.0.tgz. Extracting by manifest.
4094 silly tarball no local data for progress@https://registry.npmjs.org/progress/-/progress-2.0.3.tgz. Extracting by manifest.
4095 silly tarball no local data for picomatch@https://registry.npmjs.org/picomatch/-/picomatch-4.0.4.tgz. Extracting by manifest.
4096 silly tarball no local data for ora@https://registry.npmjs.org/ora/-/ora-3.4.0.tgz. Extracting by manifest.
4097 silly tarball no local data for npm-package-arg@https://registry.npmjs.org/npm-package-arg/-/npm-package-arg-11.0.3.tgz. Extracting by manifest.
4098 silly tarball no local data for node-forge@https://registry.npmjs.org/node-forge/-/node-forge-1.4.0.tgz. Extracting by manifest.
4099 silly tarball no local data for lan-network@https://registry.npmjs.org/lan-network/-/lan-network-0.2.0.tgz. Extracting by manifest.
4100 silly tarball no local data for multitars@https://registry.npmjs.org/multitars/-/multitars-0.2.4.tgz. Extracting by manifest.
4101 silly tarball no local data for glob@https://registry.npmjs.org/glob/-/glob-13.0.6.tgz. Extracting by manifest.
4102 silly tarball no local data for getenv@https://registry.npmjs.org/getenv/-/getenv-2.0.0.tgz. Extracting by manifest.
4103 silly tarball no local data for fetch-nodeshim@https://registry.npmjs.org/fetch-nodeshim/-/fetch-nodeshim-0.4.10.tgz. Extracting by manifest.
4104 silly tarball no local data for dnssd-advertise@https://registry.npmjs.org/dnssd-advertise/-/dnssd-advertise-1.1.4.tgz. Extracting by manifest.
4105 silly tarball no local data for debug@https://registry.npmjs.org/debug/-/debug-4.4.3.tgz. Extracting by manifest.
4106 silly tarball no local data for connect@https://registry.npmjs.org/connect/-/connect-3.7.0.tgz. Extracting by manifest.
4107 silly tarball no local data for compression@https://registry.npmjs.org/compression/-/compression-1.8.1.tgz. Extracting by manifest.
4108 silly tarball no local data for ci-info@https://registry.npmjs.org/ci-info/-/ci-info-3.9.0.tgz. Extracting by manifest.
4109 silly tarball no local data for chalk@https://registry.npmjs.org/chalk/-/chalk-4.1.2.tgz. Extracting by manifest.
4110 silly tarball no local data for bplist-parser@https://registry.npmjs.org/bplist-parser/-/bplist-parser-0.3.2.tgz. Extracting by manifest.
4111 silly tarball no local data for bplist-creator@https://registry.npmjs.org/bplist-creator/-/bplist-creator-0.1.0.tgz. Extracting by manifest.
4112 silly tarball no local data for better-opn@https://registry.npmjs.org/better-opn/-/better-opn-3.0.2.tgz. Extracting by manifest.
4113 silly tarball no local data for arg@https://registry.npmjs.org/arg/-/arg-5.0.2.tgz. Extracting by manifest.
4114 silly tarball no local data for @react-native/dev-middleware@https://registry.npmjs.org/@react-native/dev-middleware/-/dev-middleware-0.83.4.tgz. Extracting by manifest.
4115 silly tarball no local data for accepts@https://registry.npmjs.org/accepts/-/accepts-1.3.8.tgz. Extracting by manifest.
4116 silly tarball no local data for @expo/xcpretty@https://registry.npmjs.org/@expo/xcpretty/-/xcpretty-4.4.1.tgz. Extracting by manifest.
4117 silly tarball no local data for @expo/ws-tunnel@https://registry.npmjs.org/@expo/ws-tunnel/-/ws-tunnel-1.0.6.tgz. Extracting by manifest.
4118 silly tarball no local data for @expo/spawn-async@https://registry.npmjs.org/@expo/spawn-async/-/spawn-async-1.7.2.tgz. Extracting by manifest.
4119 silly tarball no local data for expo-server@https://registry.npmjs.org/expo-server/-/expo-server-55.0.6.tgz. Extracting by manifest.
4120 silly tarball no local data for @expo/schema-utils@https://registry.npmjs.org/@expo/schema-utils/-/schema-utils-55.0.2.tgz. Extracting by manifest.
4121 silly tarball no local data for @expo/router-server@https://registry.npmjs.org/@expo/router-server/-/router-server-55.0.11.tgz. Extracting by manifest.
4122 silly tarball no local data for @expo/require-utils@https://registry.npmjs.org/@expo/require-utils/-/require-utils-55.0.3.tgz. Extracting by manifest.
4123 silly tarball no local data for @expo/prebuild-config@https://registry.npmjs.org/@expo/prebuild-config/-/prebuild-config-55.0.11.tgz. Extracting by manifest.
4124 silly tarball no local data for @expo/plist@https://registry.npmjs.org/@expo/plist/-/plist-0.5.2.tgz. Extracting by manifest.
4125 silly tarball no local data for @expo/package-manager@https://registry.npmjs.org/@expo/package-manager/-/package-manager-1.10.3.tgz. Extracting by manifest.
4126 silly tarball no local data for @expo/image-utils@https://registry.npmjs.org/@expo/image-utils/-/image-utils-0.8.12.tgz. Extracting by manifest.
4127 silly tarball no local data for @expo/osascript@https://registry.npmjs.org/@expo/osascript/-/osascript-2.4.2.tgz. Extracting by manifest.
4128 silly tarball no local data for whatwg-url-minimum@https://registry.npmjs.org/whatwg-url-minimum/-/whatwg-url-minimum-0.1.1.tgz. Extracting by manifest.
4129 silly tarball no local data for @expo/json-file@https://registry.npmjs.org/@expo/json-file/-/json-file-10.0.12.tgz. Extracting by manifest.
4130 silly tarball no local data for @expo/env@https://registry.npmjs.org/@expo/env/-/env-2.1.1.tgz. Extracting by manifest.
4131 silly tarball no local data for @expo/devcert@https://registry.npmjs.org/@expo/devcert/-/devcert-1.2.1.tgz. Extracting by manifest.
4132 silly tarball no local data for @expo/code-signing-certificates@https://registry.npmjs.org/@expo/code-signing-certificates/-/code-signing-certificates-0.0.6.tgz. Extracting by manifest.
4133 silly tarball no local data for expo-modules-core@https://registry.npmjs.org/expo-modules-core/-/expo-modules-core-55.0.18.tgz. Extracting by manifest.
4134 silly tarball no local data for pretty-format@https://registry.npmjs.org/pretty-format/-/pretty-format-29.7.0.tgz. Extracting by manifest.
4135 silly tarball no local data for expo-modules-autolinking@https://registry.npmjs.org/expo-modules-autolinking/-/expo-modules-autolinking-55.0.12.tgz. Extracting by manifest.
4136 silly tarball no local data for expo-keep-awake@https://registry.npmjs.org/expo-keep-awake/-/expo-keep-awake-55.0.4.tgz. Extracting by manifest.
4137 silly tarball no local data for expo-constants@https://registry.npmjs.org/expo-constants/-/expo-constants-55.0.9.tgz. Extracting by manifest.
4138 silly tarball no local data for expo-file-system@https://registry.npmjs.org/expo-file-system/-/expo-file-system-55.0.12.tgz. Extracting by manifest.
4139 silly tarball no local data for expo-asset@https://registry.npmjs.org/expo-asset/-/expo-asset-55.0.10.tgz. Extracting by manifest.
4140 silly tarball no local data for react-refresh@https://registry.npmjs.org/react-refresh/-/react-refresh-0.14.2.tgz. Extracting by manifest.
4141 silly tarball no local data for babel-preset-expo@https://registry.npmjs.org/babel-preset-expo/-/babel-preset-expo-55.0.13.tgz. Extracting by manifest.
4142 silly tarball no local data for @ungap/structured-clone@https://registry.npmjs.org/@ungap/structured-clone/-/structured-clone-1.3.0.tgz. Extracting by manifest.
4143 silly tarball no local data for @expo/vector-icons@https://registry.npmjs.org/@expo/vector-icons/-/vector-icons-15.1.1.tgz. Extracting by manifest.
4144 silly tarball no local data for expo-font@https://registry.npmjs.org/expo-font/-/expo-font-55.0.4.tgz. Extracting by manifest.
4145 silly tarball no local data for @expo/metro@https://registry.npmjs.org/@expo/metro/-/metro-54.2.0.tgz. Extracting by manifest.
4146 silly tarball no local data for @expo/metro-config@https://registry.npmjs.org/@expo/metro-config/-/metro-config-55.0.11.tgz. Extracting by manifest.
4147 silly tarball no local data for @expo/log-box@https://registry.npmjs.org/@expo/log-box/-/log-box-55.0.8.tgz. Extracting by manifest.
4148 silly tarball no local data for @expo/local-build-cache-provider@https://registry.npmjs.org/@expo/local-build-cache-provider/-/local-build-cache-provider-55.0.7.tgz. Extracting by manifest.
4149 silly tarball no local data for @expo/fingerprint@https://registry.npmjs.org/@expo/fingerprint/-/fingerprint-0.16.6.tgz. Extracting by manifest.
4150 silly tarball no local data for @expo/devtools@https://registry.npmjs.org/@expo/devtools/-/devtools-55.0.2.tgz. Extracting by manifest.
4151 silly tarball no local data for @expo/config@https://registry.npmjs.org/@expo/config/-/config-55.0.11.tgz. Extracting by manifest.
4152 silly tarball no local data for @expo/config-plugins@https://registry.npmjs.org/@expo/config-plugins/-/config-plugins-55.0.7.tgz. Extracting by manifest.
4153 silly tarball no local data for react-native@https://registry.npmjs.org/react-native/-/react-native-0.84.1.tgz. Extracting by manifest.
4154 silly tarball no local data for @expo/cli@https://registry.npmjs.org/@expo/cli/-/cli-55.0.19.tgz. Extracting by manifest.
4155 silly tarball no local data for expo@https://registry.npmjs.org/expo/-/expo-55.0.9.tgz. Extracting by manifest.
4156 silly tarball no local data for @babel/runtime@https://registry.npmjs.org/@babel/runtime/-/runtime-7.29.2.tgz. Extracting by manifest.
4157 silly tarball no local data for react@https://registry.npmjs.org/react/-/react-19.2.4.tgz. Extracting by manifest.
4158 silly tarball no local data for strip-ansi@https://registry.npmjs.org/strip-ansi/-/strip-ansi-6.0.1.tgz. Extracting by manifest.
4159 silly tarball no local data for bplist-parser@https://registry.npmjs.org/bplist-parser/-/bplist-parser-0.3.1.tgz. Extracting by manifest.
4160 silly tarball no local data for strip-ansi@https://registry.npmjs.org/strip-ansi/-/strip-ansi-6.0.1.tgz. Extracting by manifest.
4161 silly tarball no local data for statuses@https://registry.npmjs.org/statuses/-/statuses-2.0.2.tgz. Extracting by manifest.
4162 silly tarball no local data for type-fest@https://registry.npmjs.org/type-fest/-/type-fest-0.21.3.tgz. Extracting by manifest.
4163 silly tarball no local data for escape-string-regexp@https://registry.npmjs.org/escape-string-regexp/-/escape-string-regexp-2.0.0.tgz. Extracting by manifest.
4164 silly tarball no local data for picomatch@https://registry.npmjs.org/picomatch/-/picomatch-2.3.2.tgz. Extracting by manifest.
4165 silly tarball no local data for brace-expansion@https://registry.npmjs.org/brace-expansion/-/brace-expansion-1.1.13.tgz. Extracting by manifest.
4166 silly tarball no local data for balanced-match@https://registry.npmjs.org/balanced-match/-/balanced-match-1.0.2.tgz. Extracting by manifest.
4167 silly tarball no local data for minimatch@https://registry.npmjs.org/minimatch/-/minimatch-3.1.5.tgz. Extracting by manifest.
4168 silly tarball no local data for glob@https://registry.npmjs.org/glob/-/glob-7.2.3.tgz. Extracting by manifest.
4169 silly tarball no local data for argparse@https://registry.npmjs.org/argparse/-/argparse-1.0.10.tgz. Extracting by manifest.
4170 silly tarball no local data for semver@https://registry.npmjs.org/semver/-/semver-6.3.1.tgz. Extracting by manifest.
4171 silly tarball no local data for ws@https://registry.npmjs.org/ws/-/ws-7.5.10.tgz. Extracting by manifest.
4172 silly tarball no local data for ws@https://registry.npmjs.org/ws/-/ws-7.5.10.tgz. Extracting by manifest.
4173 silly tarball no local data for camelcase@https://registry.npmjs.org/camelcase/-/camelcase-5.3.1.tgz. Extracting by manifest.
4174 silly tarball no local data for @react-native/debugger-shell@https://registry.npmjs.org/@react-native/debugger-shell/-/debugger-shell-0.84.1.tgz. Extracting by manifest.
4175 silly tarball no local data for js-yaml@https://registry.npmjs.org/js-yaml/-/js-yaml-3.14.2.tgz. Extracting by manifest.
4176 silly tarball no local data for ansi-regex@https://registry.npmjs.org/ansi-regex/-/ansi-regex-4.1.1.tgz. Extracting by manifest.
4177 silly tarball no local data for @react-native/debugger-frontend@https://registry.npmjs.org/@react-native/debugger-frontend/-/debugger-frontend-0.84.1.tgz. Extracting by manifest.
4178 silly tarball no local data for @react-native/dev-middleware@https://registry.npmjs.org/@react-native/dev-middleware/-/dev-middleware-0.84.1.tgz. Extracting by manifest.
4179 silly tarball no local data for color-name@https://registry.npmjs.org/color-name/-/color-name-1.1.3.tgz. Extracting by manifest.
4180 silly tarball no local data for has-flag@https://registry.npmjs.org/has-flag/-/has-flag-3.0.0.tgz. Extracting by manifest.
4181 silly tarball no local data for color-convert@https://registry.npmjs.org/color-convert/-/color-convert-1.9.3.tgz. Extracting by manifest.
4182 silly tarball no local data for supports-color@https://registry.npmjs.org/supports-color/-/supports-color-5.5.0.tgz. Extracting by manifest.
4183 silly tarball no local data for lru-cache@https://registry.npmjs.org/lru-cache/-/lru-cache-10.4.3.tgz. Extracting by manifest.
4184 silly tarball no local data for chalk@https://registry.npmjs.org/chalk/-/chalk-2.4.2.tgz. Extracting by manifest.
4185 silly tarball no local data for ansi-styles@https://registry.npmjs.org/ansi-styles/-/ansi-styles-3.2.1.tgz. Extracting by manifest.
4186 silly tarball no local data for commander@https://registry.npmjs.org/commander/-/commander-2.20.3.tgz. Extracting by manifest.
4187 silly tarball no local data for escape-string-regexp@https://registry.npmjs.org/escape-string-regexp/-/escape-string-regexp-1.0.5.tgz. Extracting by manifest.
4188 silly tarball no local data for picomatch@https://registry.npmjs.org/picomatch/-/picomatch-2.3.2.tgz. Extracting by manifest.
4189 silly tarball no local data for picomatch@https://registry.npmjs.org/picomatch/-/picomatch-2.3.2.tgz. Extracting by manifest.
4190 silly tarball no local data for supports-color@https://registry.npmjs.org/supports-color/-/supports-color-8.1.1.tgz. Extracting by manifest.
4191 silly tarball no local data for lru-cache@https://registry.npmjs.org/lru-cache/-/lru-cache-11.2.7.tgz. Extracting by manifest.
4192 silly tarball no local data for ms@https://registry.npmjs.org/ms/-/ms-2.0.0.tgz. Extracting by manifest.
4193 silly tarball no local data for debug@https://registry.npmjs.org/debug/-/debug-2.6.9.tgz. Extracting by manifest.
4194 silly tarball no local data for minimatch@https://registry.npmjs.org/minimatch/-/minimatch-3.1.5.tgz. Extracting by manifest.
4195 silly tarball no local data for balanced-match@https://registry.npmjs.org/balanced-match/-/balanced-match-1.0.2.tgz. Extracting by manifest.
4196 silly tarball no local data for ms@https://registry.npmjs.org/ms/-/ms-2.0.0.tgz. Extracting by manifest.
4197 silly tarball no local data for glob@https://registry.npmjs.org/glob/-/glob-7.2.3.tgz. Extracting by manifest.
4198 silly tarball no local data for debug@https://registry.npmjs.org/debug/-/debug-2.6.9.tgz. Extracting by manifest.
4199 silly tarball no local data for brace-expansion@https://registry.npmjs.org/brace-expansion/-/brace-expansion-1.1.13.tgz. Extracting by manifest.
4200 silly tarball no local data for balanced-match@https://registry.npmjs.org/balanced-match/-/balanced-match-1.0.2.tgz. Extracting by manifest.
4201 silly tarball no local data for hermes-estree@https://registry.npmjs.org/hermes-estree/-/hermes-estree-0.32.0.tgz. Extracting by manifest.
4202 silly tarball no local data for hermes-parser@https://registry.npmjs.org/hermes-parser/-/hermes-parser-0.32.0.tgz. Extracting by manifest.
4203 silly tarball no local data for semver@https://registry.npmjs.org/semver/-/semver-6.3.1.tgz. Extracting by manifest.
4204 silly tarball no local data for brace-expansion@https://registry.npmjs.org/brace-expansion/-/brace-expansion-1.1.13.tgz. Extracting by manifest.
4205 silly tarball no local data for glob@https://registry.npmjs.org/glob/-/glob-7.2.3.tgz. Extracting by manifest.
4206 silly tarball no local data for minimatch@https://registry.npmjs.org/minimatch/-/minimatch-3.1.5.tgz. Extracting by manifest.
4207 silly tarball no local data for semver@https://registry.npmjs.org/semver/-/semver-6.3.1.tgz. Extracting by manifest.
4208 silly tarball no local data for hermes-estree@https://registry.npmjs.org/hermes-estree/-/hermes-estree-0.32.0.tgz. Extracting by manifest.
4209 silly tarball no local data for hermes-parser@https://registry.npmjs.org/hermes-parser/-/hermes-parser-0.32.0.tgz. Extracting by manifest.
4210 silly tarball no local data for semver@https://registry.npmjs.org/semver/-/semver-6.3.1.tgz. Extracting by manifest.
4211 silly tarball no local data for mime-db@https://registry.npmjs.org/mime-db/-/mime-db-1.52.0.tgz. Extracting by manifest.
4212 silly tarball no local data for babel-plugin-syntax-hermes-parser@https://registry.npmjs.org/babel-plugin-syntax-hermes-parser/-/babel-plugin-syntax-hermes-parser-0.32.0.tgz. Extracting by manifest.
4213 silly tarball no local data for semver@https://registry.npmjs.org/semver/-/semver-6.3.1.tgz. Extracting by manifest.
4214 silly tarball no local data for encodeurl@https://registry.npmjs.org/encodeurl/-/encodeurl-2.0.0.tgz. Extracting by manifest.
4215 silly tarball no local data for semver@https://registry.npmjs.org/semver/-/semver-6.3.1.tgz. Extracting by manifest.
4216 silly tarball no local data for semver@https://registry.npmjs.org/semver/-/semver-6.3.1.tgz. Extracting by manifest.
4217 silly tarball no local data for hermes-estree@https://registry.npmjs.org/hermes-estree/-/hermes-estree-0.32.0.tgz. Extracting by manifest.
4218 silly tarball no local data for ws@https://registry.npmjs.org/ws/-/ws-7.5.10.tgz. Extracting by manifest.
4219 silly tarball no local data for hermes-estree@https://registry.npmjs.org/hermes-estree/-/hermes-estree-0.32.0.tgz. Extracting by manifest.
4220 silly tarball no local data for hermes-parser@https://registry.npmjs.org/hermes-parser/-/hermes-parser-0.32.0.tgz. Extracting by manifest.
4221 silly tarball no local data for hermes-parser@https://registry.npmjs.org/hermes-parser/-/hermes-parser-0.32.0.tgz. Extracting by manifest.
4222 silly tarball no local data for ci-info@https://registry.npmjs.org/ci-info/-/ci-info-2.0.0.tgz. Extracting by manifest.
4223 silly tarball no local data for statuses@https://registry.npmjs.org/statuses/-/statuses-2.0.2.tgz. Extracting by manifest.
4224 silly tarball no local data for strip-ansi@https://registry.npmjs.org/strip-ansi/-/strip-ansi-6.0.1.tgz. Extracting by manifest.
4225 silly tarball no local data for source-map@https://registry.npmjs.org/source-map/-/source-map-0.6.1.tgz. Extracting by manifest.
4226 silly tarball no local data for xmlbuilder@https://registry.npmjs.org/xmlbuilder/-/xmlbuilder-11.0.1.tgz. Extracting by manifest.
4227 silly tarball no local data for on-finished@https://registry.npmjs.org/on-finished/-/on-finished-2.4.1.tgz. Extracting by manifest.
4228 silly tarball no local data for ms@https://registry.npmjs.org/ms/-/ms-2.0.0.tgz. Extracting by manifest.
4229 silly tarball no local data for debug@https://registry.npmjs.org/debug/-/debug-2.6.9.tgz. Extracting by manifest.
4230 silly tarball no local data for encodeurl@https://registry.npmjs.org/encodeurl/-/encodeurl-2.0.0.tgz. Extracting by manifest.
4231 silly tarball no local data for color-name@https://registry.npmjs.org/color-name/-/color-name-1.1.3.tgz. Extracting by manifest.
4232 silly tarball no local data for has-flag@https://registry.npmjs.org/has-flag/-/has-flag-3.0.0.tgz. Extracting by manifest.
4233 silly tarball no local data for color-convert@https://registry.npmjs.org/color-convert/-/color-convert-1.9.3.tgz. Extracting by manifest.
4234 silly tarball no local data for supports-color@https://registry.npmjs.org/supports-color/-/supports-color-5.5.0.tgz. Extracting by manifest.
4235 silly tarball no local data for ansi-styles@https://registry.npmjs.org/ansi-styles/-/ansi-styles-3.2.1.tgz. Extracting by manifest.
4236 silly tarball no local data for escape-string-regexp@https://registry.npmjs.org/escape-string-regexp/-/escape-string-regexp-1.0.5.tgz. Extracting by manifest.
4237 silly tarball no local data for ms@https://registry.npmjs.org/ms/-/ms-2.0.0.tgz. Extracting by manifest.
4238 silly tarball no local data for debug@https://registry.npmjs.org/debug/-/debug-2.6.9.tgz. Extracting by manifest.
4239 silly tarball no local data for chalk@https://registry.npmjs.org/chalk/-/chalk-2.4.2.tgz. Extracting by manifest.
4240 silly tarball no local data for open@https://registry.npmjs.org/open/-/open-8.4.2.tgz. Extracting by manifest.
4241 silly tarball no local data for ws@https://registry.npmjs.org/ws/-/ws-7.5.10.tgz. Extracting by manifest.
4242 silly tarball no local data for ms@https://registry.npmjs.org/ms/-/ms-2.0.0.tgz. Extracting by manifest.
4243 silly tarball no local data for ansi-styles@https://registry.npmjs.org/ansi-styles/-/ansi-styles-5.2.0.tgz. Extracting by manifest.
4244 silly tarball no local data for debug@https://registry.npmjs.org/debug/-/debug-3.2.7.tgz. Extracting by manifest.
4245 silly tarball no local data for negotiator@https://registry.npmjs.org/negotiator/-/negotiator-0.6.4.tgz. Extracting by manifest.
4246 silly tarball no local data for hermes-parser@https://registry.npmjs.org/hermes-parser/-/hermes-parser-0.32.0.tgz. Extracting by manifest.
4247 silly tarball no local data for ws@https://registry.npmjs.org/ws/-/ws-7.5.10.tgz. Extracting by manifest.
4248 silly tarball no local data for hermes-estree@https://registry.npmjs.org/hermes-estree/-/hermes-estree-0.32.0.tgz. Extracting by manifest.
4249 silly tarball no local data for commander@https://registry.npmjs.org/commander/-/commander-12.1.0.tgz. Extracting by manifest.
4250 silly tarball no local data for @react-native/normalize-colors@https://registry.npmjs.org/@react-native/normalize-colors/-/normalize-colors-0.84.1.tgz. Extracting by manifest.
4251 silly tarball no local data for babel-plugin-syntax-hermes-parser@https://registry.npmjs.org/babel-plugin-syntax-hermes-parser/-/babel-plugin-syntax-hermes-parser-0.32.0.tgz. Extracting by manifest.
4252 silly tarball no local data for debug@https://registry.npmjs.org/debug/-/debug-2.6.9.tgz. Extracting by manifest.
4253 silly tarball no local data for @react-native/codegen@https://registry.npmjs.org/@react-native/codegen/-/codegen-0.84.1.tgz. Extracting by manifest.
4254 http fetch POST 200 https://registry.npmjs.org/-/npm/v1/security/advisories/bulk 866ms
4255 silly audit report {}
4256 http fetch GET 200 https://registry.npmjs.org/define-lazy-prop/-/define-lazy-prop-2.0.0.tgz 644ms (cache miss)
4257 http fetch GET 200 https://registry.npmjs.org/once/-/once-1.4.0.tgz 646ms (cache miss)
4258 http fetch GET 200 https://registry.npmjs.org/concat-map/-/concat-map-0.0.1.tgz 649ms (cache miss)
4259 http fetch GET 200 https://registry.npmjs.org/wrappy/-/wrappy-1.0.2.tgz 648ms (cache miss)
4260 http fetch GET 200 https://registry.npmjs.org/inflight/-/inflight-1.0.6.tgz 648ms (cache miss)
4261 warn deprecated inflight@1.0.6: This module is not supported, and leaks memory. Do not use it. Check out lru-cache if you want a good and tested way to coalesce async requests by a key value, which is much more comprehensive and powerful.
4262 http fetch GET 200 https://registry.npmjs.org/fs.realpath/-/fs.realpath-1.0.0.tgz 663ms (cache miss)
4263 http fetch GET 200 https://registry.npmjs.org/simple-plist/-/simple-plist-1.3.1.tgz 657ms (cache miss)
4264 http fetch GET 200 https://registry.npmjs.org/string-width/-/string-width-4.2.3.tgz 657ms (cache miss)
4265 http fetch GET 200 https://registry.npmjs.org/is-fullwidth-code-point/-/is-fullwidth-code-point-3.0.0.tgz 662ms (cache miss)
4266 http fetch GET 200 https://registry.npmjs.org/imurmurhash/-/imurmurhash-0.1.4.tgz 668ms (cache miss)
4267 http fetch GET 200 https://registry.npmjs.org/isexe/-/isexe-2.0.0.tgz 666ms (cache miss)
4268 http fetch GET 200 https://registry.npmjs.org/makeerror/-/makeerror-1.0.12.tgz 698ms (cache miss)
4269 http fetch GET 200 https://registry.npmjs.org/tmpl/-/tmpl-1.0.5.tgz 704ms (cache miss)
4270 http fetch GET 200 https://registry.npmjs.org/require-directory/-/require-directory-2.1.1.tgz 712ms (cache miss)
4271 http fetch GET 200 https://registry.npmjs.org/defaults/-/defaults-1.0.4.tgz 715ms (cache miss)
4272 http fetch GET 200 https://registry.npmjs.org/clone/-/clone-1.0.4.tgz 725ms (cache miss)
4273 http fetch GET 200 https://registry.npmjs.org/unicode-property-aliases-ecmascript/-/unicode-property-aliases-ecmascript-2.2.0.tgz 745ms (cache miss)
4274 http fetch GET 200 https://registry.npmjs.org/escalade/-/escalade-3.2.0.tgz 747ms (cache miss)
4275 http fetch GET 200 https://registry.npmjs.org/supports-hyperlinks/-/supports-hyperlinks-2.3.0.tgz 771ms (cache miss)
4276 http fetch GET 200 https://registry.npmjs.org/is-number/-/is-number-7.0.0.tgz 775ms (cache miss)
4277 http fetch GET 200 https://registry.npmjs.org/path-is-absolute/-/path-is-absolute-1.0.1.tgz 790ms (cache miss)
4278 http fetch GET 200 https://registry.npmjs.org/has-flag/-/has-flag-4.0.0.tgz 779ms (cache miss)
4279 http fetch GET 200 https://registry.npmjs.org/emoji-regex/-/emoji-regex-8.0.0.tgz 792ms (cache miss)
4280 http fetch GET 200 https://registry.npmjs.org/shebang-regex/-/shebang-regex-3.0.0.tgz 821ms (cache miss)
4281 http fetch GET 200 https://registry.npmjs.org/get-caller-file/-/get-caller-file-2.0.5.tgz 863ms (cache miss)
4282 http fetch GET 200 https://registry.npmjs.org/toidentifier/-/toidentifier-1.0.1.tgz 853ms (cache miss)
4283 http fetch GET 200 https://registry.npmjs.org/buffer-from/-/buffer-from-1.1.2.tgz 860ms (cache miss)
4284 http fetch GET 200 https://registry.npmjs.org/setprototypeof/-/setprototypeof-1.2.0.tgz 869ms (cache miss)
4285 http fetch GET 200 https://registry.npmjs.org/etag/-/etag-1.8.1.tgz 880ms (cache miss)
4286 http fetch GET 200 https://registry.npmjs.org/unicode-canonical-property-names-ecmascript/-/unicode-canonical-property-names-ecmascript-2.0.1.tgz 893ms (cache miss)
4287 http fetch GET 200 https://registry.npmjs.org/range-parser/-/range-parser-1.2.1.tgz 914ms (cache miss)
4288 http fetch GET 200 https://registry.npmjs.org/destroy/-/destroy-1.2.0.tgz 912ms (cache miss)
4289 http fetch GET 200 https://registry.npmjs.org/mimic-fn/-/mimic-fn-1.2.0.tgz 922ms (cache miss)
4290 http fetch GET 200 https://registry.npmjs.org/onetime/-/onetime-2.0.1.tgz 931ms (cache miss)
4291 http fetch GET 200 https://registry.npmjs.org/ansi-escapes/-/ansi-escapes-4.3.2.tgz 945ms (cache miss)
4292 http fetch GET 200 https://registry.npmjs.org/fresh/-/fresh-0.5.2.tgz 938ms (cache miss)
4293 http fetch GET 200 https://registry.npmjs.org/path-parse/-/path-parse-1.0.7.tgz 942ms (cache miss)
4294 http fetch GET 200 https://registry.npmjs.org/unicode-match-property-ecmascript/-/unicode-match-property-ecmascript-2.0.0.tgz 941ms (cache miss)
4295 http fetch GET 200 https://registry.npmjs.org/sax/-/sax-1.6.0.tgz 972ms (cache miss)
4296 http fetch GET 200 https://registry.npmjs.org/supports-preserve-symlinks-flag/-/supports-preserve-symlinks-flag-1.0.0.tgz 955ms (cache miss)
4297 http fetch GET 200 https://registry.npmjs.org/p-try/-/p-try-2.2.0.tgz 964ms (cache miss)
4298 http fetch GET 200 https://registry.npmjs.org/signal-exit/-/signal-exit-3.0.7.tgz 981ms (cache miss)
4299 http fetch GET 200 https://registry.npmjs.org/p-limit/-/p-limit-2.3.0.tgz 975ms (cache miss)
4300 http fetch GET 200 https://registry.npmjs.org/regjsgen/-/regjsgen-0.8.0.tgz 986ms (cache miss)
4301 http fetch GET 200 https://registry.npmjs.org/anymatch/-/anymatch-3.1.3.tgz 982ms (cache miss)
4302 http fetch GET 200 https://registry.npmjs.org/fdir/-/fdir-6.5.0.tgz 1005ms (cache miss)
4303 http fetch GET 200 https://registry.npmjs.org/@types/stack-utils/-/stack-utils-2.0.3.tgz 1026ms (cache miss)
4304 http fetch GET 200 https://registry.npmjs.org/jest-message-util/-/jest-message-util-29.7.0.tgz 1024ms (cache miss)
4305 http fetch GET 200 https://registry.npmjs.org/depd/-/depd-2.0.0.tgz 1038ms (cache miss)
4306 http fetch GET 200 https://registry.npmjs.org/@types/graceful-fs/-/graceful-fs-4.1.9.tgz 1044ms (cache miss)
4307 http fetch GET 200 https://registry.npmjs.org/unicode-match-property-value-ecmascript/-/unicode-match-property-value-ecmascript-2.2.1.tgz 1068ms (cache miss)
4308 http fetch GET 200 https://registry.npmjs.org/p-locate/-/p-locate-4.1.0.tgz 1064ms (cache miss)
4309 http fetch GET 200 https://registry.npmjs.org/@jest/fake-timers/-/fake-timers-29.7.0.tgz 1061ms (cache miss)
4310 http fetch GET 200 https://registry.npmjs.org/@babel/plugin-syntax-top-level-await/-/plugin-syntax-top-level-await-7.14.5.tgz 1059ms (cache miss)
4311 http fetch GET 200 https://registry.npmjs.org/normalize-path/-/normalize-path-3.0.0.tgz 1085ms (cache miss)
4312 http fetch GET 200 https://registry.npmjs.org/@babel/plugin-syntax-optional-catch-binding/-/plugin-syntax-optional-catch-binding-7.8.3.tgz 1078ms (cache miss)
4313 http fetch GET 200 https://registry.npmjs.org/@babel/plugin-syntax-private-property-in-object/-/plugin-syntax-private-property-in-object-7.14.5.tgz 1089ms (cache miss)
4314 http fetch GET 200 https://registry.npmjs.org/@babel/plugin-syntax-import-meta/-/plugin-syntax-import-meta-7.10.4.tgz 1087ms (cache miss)
4315 http fetch GET 200 https://registry.npmjs.org/@babel/plugin-syntax-numeric-separator/-/plugin-syntax-numeric-separator-7.10.4.tgz 1088ms (cache miss)
4316 http fetch GET 200 https://registry.npmjs.org/@babel/plugin-syntax-object-rest-spread/-/plugin-syntax-object-rest-spread-7.8.3.tgz 1090ms (cache miss)
4317 http fetch GET 200 https://registry.npmjs.org/stack-utils/-/stack-utils-2.0.6.tgz 1108ms (cache miss)
4318 http fetch GET 200 https://registry.npmjs.org/type-detect/-/type-detect-4.0.8.tgz 1108ms (cache miss)
4319 http fetch GET 200 https://registry.npmjs.org/path-exists/-/path-exists-4.0.0.tgz 1103ms (cache miss)
4320 http fetch GET 200 https://registry.npmjs.org/@babel/plugin-syntax-json-strings/-/plugin-syntax-json-strings-7.8.3.tgz 1099ms (cache miss)
4321 http fetch GET 200 https://registry.npmjs.org/@babel/plugin-syntax-logical-assignment-operators/-/plugin-syntax-logical-assignment-operators-7.10.4.tgz 1101ms (cache miss)
4322 http fetch GET 200 https://registry.npmjs.org/@babel/plugin-syntax-async-generators/-/plugin-syntax-async-generators-7.8.4.tgz 1105ms (cache miss)
4323 http fetch GET 200 https://registry.npmjs.org/babel-plugin-jest-hoist/-/babel-plugin-jest-hoist-29.6.3.tgz 1104ms (cache miss)
4324 http fetch GET 200 https://registry.npmjs.org/@sinonjs/fake-timers/-/fake-timers-10.3.0.tgz 1116ms (cache miss)
4325 http fetch GET 200 https://registry.npmjs.org/regenerate/-/regenerate-1.4.2.tgz 1132ms (cache miss)
4326 http fetch GET 200 https://registry.npmjs.org/locate-path/-/locate-path-5.0.0.tgz 1126ms (cache miss)
4327 http fetch GET 200 https://registry.npmjs.org/@babel/plugin-syntax-class-static-block/-/plugin-syntax-class-static-block-7.14.5.tgz 1121ms (cache miss)
4328 http fetch GET 200 https://registry.npmjs.org/@babel/plugin-syntax-class-properties/-/plugin-syntax-class-properties-7.12.13.tgz 1140ms (cache miss)
4329 http fetch GET 200 https://registry.npmjs.org/cliui/-/cliui-8.0.1.tgz 1201ms (cache miss)
4330 http fetch GET 200 https://registry.npmjs.org/http-errors/-/http-errors-2.0.1.tgz 1182ms (cache miss)
4331 http fetch GET 200 https://registry.npmjs.org/@babel/plugin-syntax-bigint/-/plugin-syntax-bigint-7.8.3.tgz 1156ms (cache miss)
4332 http fetch GET 200 https://registry.npmjs.org/@istanbuljs/schema/-/schema-0.1.3.tgz 1153ms (cache miss)
4333 http fetch GET 200 https://registry.npmjs.org/y18n/-/y18n-5.0.8.tgz 1230ms (cache miss)
4334 http fetch GET 200 https://registry.npmjs.org/jest-mock/-/jest-mock-29.7.0.tgz 1192ms (cache miss)
4335 http fetch GET 200 https://registry.npmjs.org/@types/babel__template/-/babel__template-7.4.4.tgz 1176ms (cache miss)
4336 http fetch GET 200 https://registry.npmjs.org/@istanbuljs/load-nyc-config/-/load-nyc-config-1.1.0.tgz 1186ms (cache miss)
4337 http fetch GET 200 https://registry.npmjs.org/@babel/plugin-syntax-import-attributes/-/plugin-syntax-import-attributes-7.28.6.tgz 1192ms (cache miss)
4338 http fetch GET 200 https://registry.npmjs.org/write-file-atomic/-/write-file-atomic-4.0.2.tgz 1195ms (cache miss)
4339 http fetch GET 200 https://registry.npmjs.org/@types/babel__generator/-/babel__generator-7.27.0.tgz 1204ms (cache miss)
4340 http fetch GET 200 https://registry.npmjs.org/babel-plugin-istanbul/-/babel-plugin-istanbul-6.1.1.tgz 1203ms (cache miss)
4341 http fetch GET 200 https://registry.npmjs.org/find-up/-/find-up-4.1.0.tgz 1218ms (cache miss)
4342 http fetch GET 200 https://registry.npmjs.org/whatwg-fetch/-/whatwg-fetch-3.6.20.tgz 1216ms (cache miss)
4343 http fetch GET 200 https://registry.npmjs.org/babel-preset-jest/-/babel-preset-jest-29.6.3.tgz 1225ms (cache miss)
4344 http fetch GET 200 https://registry.npmjs.org/slash/-/slash-3.0.0.tgz 1236ms (cache miss)
4345 http fetch GET 200 https://registry.npmjs.org/jest-regex-util/-/jest-regex-util-29.6.3.tgz 1239ms (cache miss)
4346 http fetch GET 200 https://registry.npmjs.org/regenerator-runtime/-/regenerator-runtime-0.13.11.tgz 1232ms (cache miss)
4347 http fetch GET 200 https://registry.npmjs.org/mime/-/mime-1.6.0.tgz 1279ms (cache miss)
4348 http fetch GET 200 https://registry.npmjs.org/ansi-regex/-/ansi-regex-5.0.1.tgz 1233ms (cache miss)
4349 http fetch GET 200 https://registry.npmjs.org/pirates/-/pirates-4.0.7.tgz 1248ms (cache miss)
4350 http fetch GET 200 https://registry.npmjs.org/hasown/-/hasown-2.0.2.tgz 1279ms (cache miss)
4351 http fetch GET 200 https://registry.npmjs.org/is-core-module/-/is-core-module-2.16.1.tgz 1284ms (cache miss)
4352 http fetch GET 200 https://registry.npmjs.org/@react-native/js-polyfills/-/js-polyfills-0.84.1.tgz 1244ms (cache miss)
4353 http fetch GET 200 https://registry.npmjs.org/@jest/create-cache-key-function/-/create-cache-key-function-29.7.0.tgz 1261ms (cache miss)
4354 http fetch GET 200 https://registry.npmjs.org/inherits/-/inherits-2.0.4.tgz 1261ms (cache miss)
4355 http fetch GET 200 https://registry.npmjs.org/@jest/environment/-/environment-29.7.0.tgz 1299ms (cache miss)
4356 http fetch GET 200 https://registry.npmjs.org/regjsparser/-/regjsparser-0.13.0.tgz 1309ms (cache miss)
4357 http fetch GET 200 https://registry.npmjs.org/@types/babel__traverse/-/babel__traverse-7.28.0.tgz 1292ms (cache miss)
4358 http fetch GET 200 https://registry.npmjs.org/jest-environment-node/-/jest-environment-node-29.7.0.tgz 1280ms (cache miss)
4359 http fetch GET 200 https://registry.npmjs.org/asap/-/asap-2.0.6.tgz 1319ms (cache miss)
4360 http fetch GET 200 https://registry.npmjs.org/babel-preset-current-node-syntax/-/babel-preset-current-node-syntax-1.2.0.tgz 1301ms (cache miss)
4361 http fetch GET 200 https://registry.npmjs.org/kleur/-/kleur-3.0.3.tgz 1279ms (cache miss)
4362 http fetch GET 200 https://registry.npmjs.org/sisteransi/-/sisteransi-1.0.5.tgz 1280ms (cache miss)
4363 http fetch GET 200 https://registry.npmjs.org/@react-native/assets-registry/-/assets-registry-0.84.1.tgz 1281ms (cache miss)
4364 http fetch GET 200 https://registry.npmjs.org/strip-ansi/-/strip-ansi-5.2.0.tgz 1297ms (cache miss)
4365 http fetch GET 200 https://registry.npmjs.org/restore-cursor/-/restore-cursor-2.0.0.tgz 1299ms (cache miss)
4366 http fetch GET 200 https://registry.npmjs.org/log-symbols/-/log-symbols-2.2.0.tgz 1303ms (cache miss)
4367 http fetch GET 200 https://registry.npmjs.org/hosted-git-info/-/hosted-git-info-7.0.2.tgz 1303ms (cache miss)
4368 http fetch GET 200 https://registry.npmjs.org/proc-log/-/proc-log-4.2.0.tgz 1309ms (cache miss)
4369 http fetch GET 200 https://registry.npmjs.org/cli-cursor/-/cli-cursor-2.1.0.tgz 1313ms (cache miss)
4370 http fetch GET 200 https://registry.npmjs.org/cli-spinners/-/cli-spinners-2.9.2.tgz 1315ms (cache miss)
4371 http fetch GET 200 https://registry.npmjs.org/get-package-type/-/get-package-type-0.1.0.tgz 1356ms (cache miss)
4372 http fetch GET 200 https://registry.npmjs.org/validate-npm-package-name/-/validate-npm-package-name-5.0.1.tgz 1326ms (cache miss)
4373 http fetch GET 200 https://registry.npmjs.org/ee-first/-/ee-first-1.1.1.tgz 1331ms (cache miss)
4374 http fetch GET 200 https://registry.npmjs.org/@types/babel__core/-/babel__core-7.20.5.tgz 1355ms (cache miss)
4375 http fetch GET 200 https://registry.npmjs.org/babel-jest/-/babel-jest-29.7.0.tgz 1360ms (cache miss)
4376 http fetch GET 200 https://registry.npmjs.org/@jridgewell/source-map/-/source-map-0.3.11.tgz 1415ms (cache miss)
4377 http fetch GET 200 https://registry.npmjs.org/test-exclude/-/test-exclude-6.0.0.tgz 1379ms (cache miss)
4378 http fetch GET 200 https://registry.npmjs.org/fill-range/-/fill-range-7.1.1.tgz 1347ms (cache miss)
4379 http fetch GET 200 https://registry.npmjs.org/function-bind/-/function-bind-1.1.2.tgz 1409ms (cache miss)
4380 http fetch GET 200 https://registry.npmjs.org/to-regex-range/-/to-regex-range-5.0.1.tgz 1359ms (cache miss)
4381 http fetch GET 200 https://registry.npmjs.org/ob1/-/ob1-0.83.3.tgz 1359ms (cache miss)
4382 http fetch GET 200 https://registry.npmjs.org/sprintf-js/-/sprintf-js-1.0.3.tgz 1452ms (cache miss)
4383 http fetch GET 200 https://registry.npmjs.org/vlq/-/vlq-1.0.1.tgz 1366ms (cache miss)
4384 http fetch GET 200 https://registry.npmjs.org/node-int64/-/node-int64-0.4.0.tgz 1365ms (cache miss)
4385 http fetch GET 200 https://registry.npmjs.org/esprima/-/esprima-4.0.1.tgz 1455ms (cache miss)
4386 http fetch GET 200 https://registry.npmjs.org/bser/-/bser-2.1.1.tgz 1375ms (cache miss)
4387 http fetch GET 200 https://registry.npmjs.org/tinyglobby/-/tinyglobby-0.2.15.tgz 1400ms (cache miss)
4388 http fetch GET 200 https://registry.npmjs.org/micromatch/-/micromatch-4.0.8.tgz 1377ms (cache miss)
4389 http fetch GET 200 https://registry.npmjs.org/fb-watchman/-/fb-watchman-2.0.2.tgz 1389ms (cache miss)
4390 http fetch GET 200 https://registry.npmjs.org/istanbul-lib-coverage/-/istanbul-lib-coverage-3.2.2.tgz 1440ms (cache miss)
4391 http fetch GET 200 https://registry.npmjs.org/leven/-/leven-3.1.0.tgz 1390ms (cache miss)
4392 http fetch GET 200 https://registry.npmjs.org/walker/-/walker-1.0.8.tgz 1397ms (cache miss)
4393 http fetch GET 200 https://registry.npmjs.org/jest-get-type/-/jest-get-type-29.6.3.tgz 1395ms (cache miss)
4394 http fetch GET 200 https://registry.npmjs.org/camelcase/-/camelcase-6.3.0.tgz 1396ms (cache miss)
4395 http fetch GET 200 https://registry.npmjs.org/wcwidth/-/wcwidth-1.0.1.tgz 1416ms (cache miss)
4396 http fetch GET 200 https://registry.npmjs.org/react-is/-/react-is-18.3.1.tgz 1423ms (cache miss)
4397 http fetch GET 200 https://registry.npmjs.org/yargs-parser/-/yargs-parser-21.1.1.tgz 1510ms (cache miss)
4398 http fetch GET 200 https://registry.npmjs.org/plist/-/plist-3.1.0.tgz 1508ms (cache miss)
4399 http fetch GET 200 https://registry.npmjs.org/https-proxy-agent/-/https-proxy-agent-7.0.6.tgz 1414ms (cache miss)
4400 http fetch GET 200 https://registry.npmjs.org/@types/yargs-parser/-/yargs-parser-21.0.3.tgz 1422ms (cache miss)
4401 http fetch GET 200 https://registry.npmjs.org/@types/istanbul-lib-report/-/istanbul-lib-report-3.0.3.tgz 1422ms (cache miss)
4402 http fetch GET 200 https://registry.npmjs.org/type-fest/-/type-fest-0.7.1.tgz 1506ms (cache miss)
4403 http fetch GET 200 https://registry.npmjs.org/@jest/transform/-/transform-29.7.0.tgz 1463ms (cache miss)
4404 http fetch GET 200 https://registry.npmjs.org/acorn/-/acorn-8.16.0.tgz 1523ms (cache miss)
4405 http fetch GET 200 https://registry.npmjs.org/@jest/schemas/-/schemas-29.6.3.tgz 1441ms (cache miss)
4406 http fetch GET 200 https://registry.npmjs.org/@types/yargs/-/yargs-17.0.35.tgz 1446ms (cache miss)
4407 http fetch GET 200 https://registry.npmjs.org/agent-base/-/agent-base-7.1.4.tgz 1456ms (cache miss)
4408 http fetch GET 200 https://registry.npmjs.org/@types/istanbul-lib-coverage/-/istanbul-lib-coverage-2.0.6.tgz 1464ms (cache miss)
4409 http fetch GET 200 https://registry.npmjs.org/merge-stream/-/merge-stream-2.0.0.tgz 1551ms (cache miss)
4410 http fetch GET 200 https://registry.npmjs.org/istanbul-lib-instrument/-/istanbul-lib-instrument-5.2.1.tgz 1607ms (cache miss)
4411 http fetch GET 200 https://registry.npmjs.org/stackframe/-/stackframe-1.3.4.tgz 1560ms (cache miss)
4412 http fetch GET 200 https://registry.npmjs.org/throat/-/throat-5.0.0.tgz 1575ms (cache miss)
4413 http fetch GET 200 https://registry.npmjs.org/jest-util/-/jest-util-29.7.0.tgz 1576ms (cache miss)
4414 http fetch GET 200 https://registry.npmjs.org/queue/-/queue-6.0.2.tgz 1596ms (cache miss)
4415 http fetch GET 200 https://registry.npmjs.org/shell-quote/-/shell-quote-1.8.3.tgz 1671ms (cache miss)
4416 http fetch GET 200 https://registry.npmjs.org/event-target-shim/-/event-target-shim-5.0.1.tgz 1640ms (cache miss)
4417 http fetch GET 200 https://registry.npmjs.org/memoize-one/-/memoize-one-5.2.1.tgz 1637ms (cache miss)
4418 http fetch GET 200 https://registry.npmjs.org/braces/-/braces-3.0.3.tgz 1621ms (cache miss)
4419 http fetch GET 200 https://registry.npmjs.org/lodash.throttle/-/lodash.throttle-4.1.1.tgz 1607ms (cache miss)
4420 http fetch GET 200 https://registry.npmjs.org/serialize-error/-/serialize-error-2.1.0.tgz 1612ms (cache miss)
4421 http fetch GET 200 https://registry.npmjs.org/is-docker/-/is-docker-2.2.1.tgz 1606ms (cache miss)
4422 http fetch GET 200 https://registry.npmjs.org/@types/istanbul-reports/-/istanbul-reports-3.0.4.tgz 1611ms (cache miss)
4423 http fetch GET 200 https://registry.npmjs.org/detect-libc/-/detect-libc-2.1.2.tgz 1607ms (cache miss)
4424 http fetch GET 200 https://registry.npmjs.org/flow-enums-runtime/-/flow-enums-runtime-0.0.6.tgz 1611ms (cache miss)
4425 http fetch GET 200 https://registry.npmjs.org/loose-envify/-/loose-envify-1.4.0.tgz 1618ms (cache miss)
4426 http fetch GET 200 https://registry.npmjs.org/yallist/-/yallist-3.1.1.tgz 1631ms (cache miss)
4427 http fetch GET 200 https://registry.npmjs.org/scheduler/-/scheduler-0.27.0.tgz 1683ms (cache miss)
4428 http fetch GET 200 https://registry.npmjs.org/graceful-fs/-/graceful-fs-4.2.11.tgz 1652ms (cache miss)
4429 http fetch GET 200 https://registry.npmjs.org/fast-json-stable-stringify/-/fast-json-stable-stringify-2.1.0.tgz 1727ms (cache miss)
4430 http fetch GET 200 https://registry.npmjs.org/abort-controller/-/abort-controller-3.0.0.tgz 1771ms (cache miss)
4431 http fetch GET 200 https://registry.npmjs.org/unpipe/-/unpipe-1.0.0.tgz 1736ms (cache miss)
4432 http fetch GET 200 https://registry.npmjs.org/@jest/types/-/types-29.6.3.tgz 1759ms (cache miss)
4433 http fetch GET 200 https://registry.npmjs.org/error-stack-parser/-/error-stack-parser-2.1.4.tgz 1750ms (cache miss)
4434 http fetch GET 200 https://registry.npmjs.org/balanced-match/-/balanced-match-4.0.4.tgz 1797ms (cache miss)
4435 http fetch GET 200 https://registry.npmjs.org/argparse/-/argparse-2.0.1.tgz 1768ms (cache miss)
4436 http fetch GET 200 https://registry.npmjs.org/on-finished/-/on-finished-2.3.0.tgz 1770ms (cache miss)
4437 http fetch GET 200 https://registry.npmjs.org/encodeurl/-/encodeurl-1.0.2.tgz 1776ms (cache miss)
4438 http fetch GET 200 https://registry.npmjs.org/ms/-/ms-2.1.3.tgz 1772ms (cache miss)
4439 http fetch GET 200 https://registry.npmjs.org/escape-html/-/escape-html-1.0.3.tgz 1776ms (cache miss)
4440 http fetch GET 200 https://registry.npmjs.org/brace-expansion/-/brace-expansion-5.0.5.tgz 1823ms (cache miss)
4441 http fetch GET 200 https://registry.npmjs.org/shebang-command/-/shebang-command-2.0.0.tgz 1788ms (cache miss)
4442 http fetch GET 200 https://registry.npmjs.org/path-key/-/path-key-3.1.1.tgz 1794ms (cache miss)
4443 http fetch GET 200 https://registry.npmjs.org/utils-merge/-/utils-merge-1.0.1.tgz 1798ms (cache miss)
4444 http fetch GET 200 https://registry.npmjs.org/source-map-js/-/source-map-js-1.2.1.tgz 1868ms (cache miss)
4445 http fetch GET 200 https://registry.npmjs.org/parseurl/-/parseurl-1.3.3.tgz 1820ms (cache miss)
4446 http fetch GET 200 https://registry.npmjs.org/on-headers/-/on-headers-1.1.0.tgz 1819ms (cache miss)
4447 http fetch GET 200 https://registry.npmjs.org/vary/-/vary-1.1.2.tgz 1821ms (cache miss)
4448 http fetch GET 200 https://registry.npmjs.org/safe-buffer/-/safe-buffer-5.2.1.tgz 1820ms (cache miss)
4449 http fetch GET 200 https://registry.npmjs.org/statuses/-/statuses-1.5.0.tgz 1837ms (cache miss)
4450 http fetch GET 200 https://registry.npmjs.org/finalhandler/-/finalhandler-1.1.2.tgz 1830ms (cache miss)
4451 http fetch GET 200 https://registry.npmjs.org/compressible/-/compressible-2.0.18.tgz 1831ms (cache miss)
4452 http fetch GET 200 https://registry.npmjs.org/jest-validate/-/jest-validate-29.7.0.tgz 1869ms (cache miss)
4453 http fetch GET 200 https://registry.npmjs.org/bytes/-/bytes-3.1.2.tgz 1839ms (cache miss)
4454 http fetch GET 200 https://registry.npmjs.org/which/-/which-2.0.2.tgz 1848ms (cache miss)
4455 http fetch GET 200 https://registry.npmjs.org/color-name/-/color-name-1.1.4.tgz 1853ms (cache miss)
4456 http fetch GET 200 https://registry.npmjs.org/mkdirp/-/mkdirp-1.0.4.tgz 1855ms (cache miss)
4457 http fetch GET 200 https://registry.npmjs.org/lighthouse-logger/-/lighthouse-logger-1.4.2.tgz 1856ms (cache miss)
4458 http fetch GET 200 https://registry.npmjs.org/escape-string-regexp/-/escape-string-regexp-4.0.0.tgz 1862ms (cache miss)
4459 http fetch GET 200 https://registry.npmjs.org/is-wsl/-/is-wsl-2.2.0.tgz 1864ms (cache miss)
4460 http fetch GET 200 https://registry.npmjs.org/color-convert/-/color-convert-2.0.1.tgz 1862ms (cache miss)
4461 http fetch GET 200 https://registry.npmjs.org/marky/-/marky-1.3.0.tgz 1886ms (cache miss)
4462 http fetch GET 200 https://registry.npmjs.org/rimraf/-/rimraf-3.0.2.tgz 1873ms (cache miss)
4463 warn deprecated rimraf@3.0.2: Rimraf versions prior to v4 are no longer supported
4464 http fetch GET 200 https://registry.npmjs.org/fontfaceobserver/-/fontfaceobserver-2.3.0.tgz 1905ms (cache miss)
4465 http fetch GET 200 https://registry.npmjs.org/mime-db/-/mime-db-1.54.0.tgz 1910ms (cache miss)
4466 http fetch GET 200 https://registry.npmjs.org/nanoid/-/nanoid-3.3.11.tgz 1961ms (cache miss)
4467 http fetch GET 200 https://registry.npmjs.org/supports-color/-/supports-color-7.2.0.tgz 1906ms (cache miss)
4468 http fetch GET 200 https://registry.npmjs.org/ansi-styles/-/ansi-styles-4.3.0.tgz 1923ms (cache miss)
4469 http fetch GET 200 https://registry.npmjs.org/node-releases/-/node-releases-2.0.36.tgz 1927ms (cache miss)
4470 http fetch GET 200 https://registry.npmjs.org/commander/-/commander-7.2.0.tgz 1955ms (cache miss)
4471 http fetch GET 200 https://registry.npmjs.org/update-browserslist-db/-/update-browserslist-db-1.2.3.tgz 1981ms (cache miss)
4472 http fetch GET 200 https://registry.npmjs.org/lodash.debounce/-/lodash.debounce-4.0.8.tgz 1985ms (cache miss)
4473 http fetch GET 200 https://registry.npmjs.org/jest-haste-map/-/jest-haste-map-29.7.0.tgz 2084ms (cache miss)
4474 http fetch GET 200 https://registry.npmjs.org/jest-worker/-/jest-worker-29.7.0.tgz 2063ms (cache miss)
4475 http fetch GET 200 https://registry.npmjs.org/@babel/helper-remap-async-to-generator/-/helper-remap-async-to-generator-7.27.1.tgz 2055ms (cache miss)
4476 http fetch GET 200 https://registry.npmjs.org/@babel/helper-wrap-function/-/helper-wrap-function-7.28.6.tgz 2063ms (cache miss)
4477 http fetch GET 200 https://registry.npmjs.org/big-integer/-/big-integer-1.6.52.tgz 2070ms (cache miss)
4478 http fetch GET 200 https://registry.npmjs.org/@babel/plugin-transform-unicode-regex/-/plugin-transform-unicode-regex-7.27.1.tgz 2068ms (cache miss)
4479 http fetch GET 200 https://registry.npmjs.org/@babel/plugin-transform-sticky-regex/-/plugin-transform-sticky-regex-7.27.1.tgz 2079ms (cache miss)
4480 http fetch GET 200 https://registry.npmjs.org/@babel/plugin-transform-shorthand-properties/-/plugin-transform-shorthand-properties-7.27.1.tgz 2097ms (cache miss)
4481 http fetch GET 200 https://registry.npmjs.org/@babel/plugin-transform-spread/-/plugin-transform-spread-7.28.6.tgz 2118ms (cache miss)
4482 http fetch GET 200 https://registry.npmjs.org/@babel/plugin-transform-react-jsx-source/-/plugin-transform-react-jsx-source-7.27.1.tgz 2121ms (cache miss)
4483 http fetch GET 200 https://registry.npmjs.org/baseline-browser-mapping/-/baseline-browser-mapping-2.10.13.tgz 2134ms (cache miss)
4484 http fetch GET 200 https://registry.npmjs.org/electron-to-chromium/-/electron-to-chromium-1.5.329.tgz 2147ms (cache miss)
4485 http fetch GET 200 https://registry.npmjs.org/minipass/-/minipass-7.1.3.tgz 2190ms (cache miss)
4486 http fetch GET 200 https://registry.npmjs.org/@babel/plugin-transform-optional-chaining/-/plugin-transform-optional-chaining-7.28.6.tgz 2157ms (cache miss)
4487 http fetch GET 200 https://registry.npmjs.org/@babel/plugin-transform-optional-catch-binding/-/plugin-transform-optional-catch-binding-7.28.6.tgz 2162ms (cache miss)
4488 http fetch GET 200 https://registry.npmjs.org/@babel/plugin-transform-numeric-separator/-/plugin-transform-numeric-separator-7.28.6.tgz 2166ms (cache miss)
4489 http fetch GET 200 https://registry.npmjs.org/@babel/plugin-transform-react-jsx-self/-/plugin-transform-react-jsx-self-7.27.1.tgz 2166ms (cache miss)
4490 http fetch GET 200 https://registry.npmjs.org/@babel/plugin-transform-nullish-coalescing-operator/-/plugin-transform-nullish-coalescing-operator-7.28.6.tgz 2171ms (cache miss)
4491 http fetch GET 200 https://registry.npmjs.org/@babel/plugin-transform-named-capturing-groups-regex/-/plugin-transform-named-capturing-groups-regex-7.29.0.tgz 2173ms (cache miss)
4492 http fetch GET 200 https://registry.npmjs.org/@babel/plugin-transform-logical-assignment-operators/-/plugin-transform-logical-assignment-operators-7.28.6.tgz 2189ms (cache miss)
4493 http fetch GET 200 https://registry.npmjs.org/@babel/plugin-transform-function-name/-/plugin-transform-function-name-7.27.1.tgz 2206ms (cache miss)
4494 http fetch GET 200 https://registry.npmjs.org/@babel/plugin-transform-literals/-/plugin-transform-literals-7.27.1.tgz 2218ms (cache miss)
4495 http fetch GET 200 https://registry.npmjs.org/@react-native/babel-plugin-codegen/-/babel-plugin-codegen-0.83.4.tgz 2229ms (cache miss)
4496 http fetch GET 200 https://registry.npmjs.org/@babel/plugin-transform-computed-properties/-/plugin-transform-computed-properties-7.28.6.tgz 2225ms (cache miss)
4497 http fetch GET 200 https://registry.npmjs.org/path-scurry/-/path-scurry-2.0.2.tgz 2285ms (cache miss)
4498 http fetch GET 200 https://registry.npmjs.org/@babel/plugin-transform-for-of/-/plugin-transform-for-of-7.27.1.tgz 2238ms (cache miss)
4499 http fetch GET 200 https://registry.npmjs.org/@babel/plugin-transform-class-properties/-/plugin-transform-class-properties-7.28.6.tgz 2258ms (cache miss)
4500 http fetch GET 200 https://registry.npmjs.org/@babel/plugin-transform-arrow-functions/-/plugin-transform-arrow-functions-7.27.1.tgz 2279ms (cache miss)
4501 http fetch GET 200 https://registry.npmjs.org/@babel/plugin-syntax-nullish-coalescing-operator/-/plugin-syntax-nullish-coalescing-operator-7.8.3.tgz 2279ms (cache miss)
4502 http fetch GET 200 https://registry.npmjs.org/@babel/plugin-syntax-dynamic-import/-/plugin-syntax-dynamic-import-7.8.3.tgz 2278ms (cache miss)
4503 http fetch GET 200 https://registry.npmjs.org/@babel/helper-create-regexp-features-plugin/-/helper-create-regexp-features-plugin-7.28.5.tgz 2298ms (cache miss)
4504 http fetch GET 200 https://registry.npmjs.org/@babel/plugin-syntax-typescript/-/plugin-syntax-typescript-7.28.6.tgz 2281ms (cache miss)
4505 http fetch GET 200 https://registry.npmjs.org/@babel/plugin-transform-react-pure-annotations/-/plugin-transform-react-pure-annotations-7.27.1.tgz 2281ms (cache miss)
4506 http fetch GET 200 https://registry.npmjs.org/@babel/plugin-syntax-optional-chaining/-/plugin-syntax-optional-chaining-7.8.3.tgz 2284ms (cache miss)
4507 http fetch GET 200 https://registry.npmjs.org/@babel/plugin-transform-async-to-generator/-/plugin-transform-async-to-generator-7.28.6.tgz 2289ms (cache miss)
4508 http fetch GET 200 https://registry.npmjs.org/@babel/plugin-syntax-jsx/-/plugin-syntax-jsx-7.28.6.tgz 2289ms (cache miss)
4509 http fetch GET 200 https://registry.npmjs.org/@react-native/virtualized-lists/-/virtualized-lists-0.84.1.tgz 2393ms (cache miss)
4510 http fetch GET 200 https://registry.npmjs.org/regexpu-core/-/regexpu-core-6.4.0.tgz 2312ms (cache miss)
4511 http fetch GET 200 https://registry.npmjs.org/@babel/plugin-transform-react-jsx-development/-/plugin-transform-react-jsx-development-7.27.1.tgz 2293ms (cache miss)
4512 http fetch GET 200 https://registry.npmjs.org/pngjs/-/pngjs-3.4.0.tgz 2397ms (cache miss)
4513 http fetch GET 200 https://registry.npmjs.org/@babel/plugin-transform-react-display-name/-/plugin-transform-react-display-name-7.28.0.tgz 2301ms (cache miss)
4514 http fetch GET 200 https://registry.npmjs.org/babel-plugin-polyfill-regenerator/-/babel-plugin-polyfill-regenerator-0.6.8.tgz 2303ms (cache miss)
4515 http fetch GET 200 https://registry.npmjs.org/@babel/helper-skip-transparent-expression-wrappers/-/helper-skip-transparent-expression-wrappers-7.27.1.tgz 2307ms (cache miss)
4516 http fetch GET 200 https://registry.npmjs.org/@babel/helper-replace-supers/-/helper-replace-supers-7.28.6.tgz 2306ms (cache miss)
4517 http fetch GET 200 https://registry.npmjs.org/source-map/-/source-map-0.5.7.tgz 2382ms (cache miss)
4518 http fetch GET 200 https://registry.npmjs.org/@babel/helper-optimise-call-expression/-/helper-optimise-call-expression-7.27.1.tgz 2309ms (cache miss)
4519 http fetch GET 200 https://registry.npmjs.org/@babel/plugin-syntax-flow/-/plugin-syntax-flow-7.28.6.tgz 2310ms (cache miss)
4520 http fetch GET 200 https://registry.npmjs.org/@babel/helper-annotate-as-pure/-/helper-annotate-as-pure-7.27.3.tgz 2317ms (cache miss)
4521 http fetch GET 200 https://registry.npmjs.org/babel-plugin-transform-flow-enums/-/babel-plugin-transform-flow-enums-0.0.2.tgz 2319ms (cache miss)
4522 http fetch GET 200 https://registry.npmjs.org/@babel/helper-member-expression-to-functions/-/helper-member-expression-to-functions-7.28.5.tgz 2320ms (cache miss)
4523 http fetch GET 200 https://registry.npmjs.org/babel-plugin-syntax-hermes-parser/-/babel-plugin-syntax-hermes-parser-0.32.1.tgz 2318ms (cache miss)
4524 http fetch GET 200 https://registry.npmjs.org/@babel/preset-typescript/-/preset-typescript-7.28.5.tgz 2332ms (cache miss)
4525 http fetch GET 200 https://registry.npmjs.org/@babel/preset-react/-/preset-react-7.28.5.tgz 2332ms (cache miss)
4526 http fetch GET 200 https://registry.npmjs.org/@babel/plugin-syntax-decorators/-/plugin-syntax-decorators-7.28.6.tgz 2348ms (cache miss)
4527 http fetch GET 200 https://registry.npmjs.org/@babel/plugin-transform-destructuring/-/plugin-transform-destructuring-7.28.5.tgz 2357ms (cache miss)
4528 http fetch GET 200 https://registry.npmjs.org/@babel/plugin-transform-async-generator-functions/-/plugin-transform-async-generator-functions-7.29.0.tgz 2373ms (cache miss)
4529 http fetch GET 200 https://registry.npmjs.org/@react-native/babel-preset/-/babel-preset-0.83.4.tgz 2374ms (cache miss)
4530 http fetch GET 200 https://registry.npmjs.org/@babel/plugin-transform-runtime/-/plugin-transform-runtime-7.29.0.tgz 2382ms (cache miss)
4531 http fetch GET 200 https://registry.npmjs.org/@babel/plugin-transform-private-methods/-/plugin-transform-private-methods-7.28.6.tgz 2391ms (cache miss)
4532 http fetch GET 200 https://registry.npmjs.org/promise/-/promise-8.3.0.tgz 2516ms (cache miss)
4533 http fetch GET 200 https://registry.npmjs.org/@babel/plugin-transform-private-property-in-object/-/plugin-transform-private-property-in-object-7.28.6.tgz 2405ms (cache miss)
4534 http fetch GET 200 https://registry.npmjs.org/@babel/plugin-transform-export-namespace-from/-/plugin-transform-export-namespace-from-7.27.1.tgz 2408ms (cache miss)
4535 http fetch GET 200 https://registry.npmjs.org/@babel/plugin-transform-class-static-block/-/plugin-transform-class-static-block-7.28.6.tgz 2410ms (cache miss)
4536 http fetch GET 200 https://registry.npmjs.org/@babel/plugin-proposal-export-default-from/-/plugin-proposal-export-default-from-7.27.1.tgz 2409ms (cache miss)
4537 http fetch GET 200 https://registry.npmjs.org/@babel/plugin-syntax-export-default-from/-/plugin-syntax-export-default-from-7.28.6.tgz 2413ms (cache miss)
4538 http fetch GET 200 https://registry.npmjs.org/@babel/plugin-transform-flow-strip-types/-/plugin-transform-flow-strip-types-7.27.1.tgz 2425ms (cache miss)
4539 http fetch GET 200 https://registry.npmjs.org/invariant/-/invariant-2.2.4.tgz 2425ms (cache miss)
4540 http fetch GET 200 https://registry.npmjs.org/serve-static/-/serve-static-1.16.3.tgz 2425ms (cache miss)
4541 http fetch GET 200 https://registry.npmjs.org/mime-types/-/mime-types-2.1.35.tgz 2428ms (cache miss)
4542 http fetch GET 200 https://registry.npmjs.org/@babel/plugin-transform-react-jsx/-/plugin-transform-react-jsx-7.28.6.tgz 2455ms (cache miss)
4543 http fetch GET 200 https://registry.npmjs.org/babel-plugin-polyfill-corejs2/-/babel-plugin-polyfill-corejs2-0.4.17.tgz 2454ms (cache miss)
4544 http fetch GET 200 https://registry.npmjs.org/babel-plugin-react-native-web/-/babel-plugin-react-native-web-0.21.2.tgz 2448ms (cache miss)
4545 http fetch GET 200 https://registry.npmjs.org/@babel/plugin-transform-classes/-/plugin-transform-classes-7.28.6.tgz 2456ms (cache miss)
4546 http fetch GET 200 https://registry.npmjs.org/@babel/plugin-transform-object-rest-spread/-/plugin-transform-object-rest-spread-7.28.6.tgz 2451ms (cache miss)
4547 http fetch GET 200 https://registry.npmjs.org/open/-/open-7.4.2.tgz 2452ms (cache miss)
4548 http fetch GET 200 https://registry.npmjs.org/@babel/plugin-transform-block-scoping/-/plugin-transform-block-scoping-7.28.6.tgz 2483ms (cache miss)
4549 http fetch GET 200 https://registry.npmjs.org/core-js-compat/-/core-js-compat-3.49.0.tgz 2509ms (cache miss)
4550 http fetch GET 200 https://registry.npmjs.org/@babel/plugin-proposal-decorators/-/plugin-proposal-decorators-7.29.0.tgz 2481ms (cache miss)
4551 http fetch GET 200 https://registry.npmjs.org/uuid/-/uuid-7.0.3.tgz 2670ms (cache miss)
4552 http fetch GET 200 https://registry.npmjs.org/nullthrows/-/nullthrows-1.1.1.tgz 2478ms (cache miss)
4553 http fetch GET 200 https://registry.npmjs.org/negotiator/-/negotiator-0.6.3.tgz 2495ms (cache miss)
4554 http fetch GET 200 https://registry.npmjs.org/@babel/plugin-transform-typescript/-/plugin-transform-typescript-7.28.6.tgz 2533ms (cache miss)
4555 http fetch GET 200 https://registry.npmjs.org/@jridgewell/resolve-uri/-/resolve-uri-3.1.2.tgz 2522ms (cache miss)
4556 http fetch GET 200 https://registry.npmjs.org/@babel/plugin-transform-parameters/-/plugin-transform-parameters-7.27.7.tgz 2534ms (cache miss)
4557 http fetch GET 200 https://registry.npmjs.org/cross-spawn/-/cross-spawn-7.0.6.tgz 2539ms (cache miss)
4558 http fetch GET 200 https://registry.npmjs.org/stream-buffers/-/stream-buffers-2.2.0.tgz 2597ms (cache miss)
4559 http fetch GET 200 https://registry.npmjs.org/@babel/helper-define-polyfill-provider/-/helper-define-polyfill-provider-0.6.8.tgz 2599ms (cache miss)
4560 http fetch GET 200 https://registry.npmjs.org/babel-plugin-polyfill-corejs3/-/babel-plugin-polyfill-corejs3-0.13.0.tgz 2580ms (cache miss)
4561 http fetch GET 200 https://registry.npmjs.org/@babel/helper-plugin-utils/-/helper-plugin-utils-7.28.6.tgz 2565ms (cache miss)
4562 http fetch GET 200 https://registry.npmjs.org/@react-native/normalize-colors/-/normalize-colors-0.83.4.tgz 2566ms (cache miss)
4563 http fetch GET 200 https://registry.npmjs.org/undici-types/-/undici-types-7.18.2.tgz 2636ms (cache miss)
4564 http fetch GET 200 https://registry.npmjs.org/@sinclair/typebox/-/typebox-0.27.10.tgz 2691ms (cache miss)
4565 http fetch GET 200 https://registry.npmjs.org/@babel/plugin-transform-regenerator/-/plugin-transform-regenerator-7.29.0.tgz 2645ms (cache miss)
4566 http fetch GET 200 https://registry.npmjs.org/base64-js/-/base64-js-1.5.1.tgz 2624ms (cache miss)
4567 http fetch GET 200 https://registry.npmjs.org/@babel/helper-create-class-features-plugin/-/helper-create-class-features-plugin-7.28.6.tgz 2653ms (cache miss)
4568 http fetch GET 200 https://registry.npmjs.org/@babel/helper-string-parser/-/helper-string-parser-7.27.1.tgz 2651ms (cache miss)
4569 http fetch GET 200 https://registry.npmjs.org/@sinonjs/commons/-/commons-3.0.1.tgz 2828ms (cache miss)
4570 http fetch GET 200 https://registry.npmjs.org/lru-cache/-/lru-cache-5.1.1.tgz 2685ms (cache miss)
4571 http fetch GET 200 https://registry.npmjs.org/@babel/helper-globals/-/helper-globals-7.28.0.tgz 2710ms (cache miss)
4572 http fetch GET 200 https://registry.npmjs.org/@babel/plugin-transform-modules-commonjs/-/plugin-transform-modules-commonjs-7.28.6.tgz 2715ms (cache miss)
4573 http fetch GET 200 https://registry.npmjs.org/@isaacs/ttlcache/-/ttlcache-1.4.1.tgz 2722ms (cache miss)
4574 http fetch GET 200 https://registry.npmjs.org/chromium-edge-launcher/-/chromium-edge-launcher-0.2.0.tgz 2769ms (cache miss)
4575 http fetch GET 200 https://registry.npmjs.org/@babel/compat-data/-/compat-data-7.29.0.tgz 2786ms (cache miss)
4576 http fetch GET 200 https://registry.npmjs.org/exponential-backoff/-/exponential-backoff-3.1.3.tgz 2906ms (cache miss)
4577 http fetch GET 200 https://registry.npmjs.org/jsesc/-/jsesc-3.1.0.tgz 2817ms (cache miss)
4578 http fetch GET 200 https://registry.npmjs.org/chrome-launcher/-/chrome-launcher-0.15.2.tgz 2830ms (cache miss)
4579 http fetch GET 200 https://registry.npmjs.org/@react-native/community-cli-plugin/-/community-cli-plugin-0.84.1.tgz 2954ms (cache miss)
4580 http fetch GET 200 https://registry.npmjs.org/@xmldom/xmldom/-/xmldom-0.8.12.tgz 2830ms (cache miss)
4581 http fetch GET 200 https://registry.npmjs.org/@babel/helper-validator-option/-/helper-validator-option-7.27.1.tgz 2841ms (cache miss)
4582 http fetch GET 200 https://registry.npmjs.org/@babel/helper-module-imports/-/helper-module-imports-7.28.6.tgz 2843ms (cache miss)
4583 http fetch GET 200 https://registry.npmjs.org/gensync/-/gensync-1.0.0-beta.2.tgz 2842ms (cache miss)
4584 http fetch GET 200 https://registry.npmjs.org/convert-source-map/-/convert-source-map-2.0.0.tgz 2847ms (cache miss)
4585 http fetch GET 200 https://registry.npmjs.org/@jridgewell/sourcemap-codec/-/sourcemap-codec-1.5.5.tgz 2873ms (cache miss)
4586 http fetch GET 200 https://registry.npmjs.org/terser/-/terser-5.46.1.tgz 3002ms (cache miss)
4587 http fetch GET 200 https://registry.npmjs.org/babel-plugin-react-compiler/-/babel-plugin-react-compiler-1.0.0.tgz 2951ms (cache miss)
4588 http fetch GET 200 https://registry.npmjs.org/image-size/-/image-size-1.2.1.tgz 3050ms (cache miss)
4589 http fetch GET 200 https://registry.npmjs.org/jsc-safe-url/-/jsc-safe-url-0.2.4.tgz 2983ms (cache miss)
4590 http fetch GET 200 https://registry.npmjs.org/js-yaml/-/js-yaml-4.1.1.tgz 3025ms (cache miss)
4591 http fetch GET 200 https://registry.npmjs.org/@babel/template/-/template-7.28.6.tgz 3081ms (cache miss)
4592 http fetch GET 200 https://registry.npmjs.org/browserslist/-/browserslist-4.28.2.tgz 3099ms (cache miss)
4593 http fetch GET 200 https://registry.npmjs.org/@babel/traverse/-/traverse-7.29.0.tgz 3237ms (cache miss)
4594 http fetch GET 200 https://registry.npmjs.org/@babel/helper-module-transforms/-/helper-module-transforms-7.28.6.tgz 3114ms (cache miss)
4595 http fetch GET 200 https://registry.npmjs.org/@babel/helper-compilation-targets/-/helper-compilation-targets-7.28.6.tgz 3131ms (cache miss)
4596 http fetch GET 200 https://registry.npmjs.org/yargs/-/yargs-17.7.2.tgz 3194ms (cache miss)
4597 http fetch GET 200 https://registry.npmjs.org/@jridgewell/gen-mapping/-/gen-mapping-0.3.13.tgz 3171ms (cache miss)
4598 http fetch GET 200 https://registry.npmjs.org/@jridgewell/remapping/-/remapping-2.3.5.tgz 3194ms (cache miss)
4599 http fetch GET 200 https://registry.npmjs.org/xmlbuilder/-/xmlbuilder-15.1.1.tgz 3243ms (cache miss)
4600 http fetch GET 200 https://registry.npmjs.org/lightningcss/-/lightningcss-1.32.0.tgz 3234ms (cache miss)
4601 http fetch GET 200 https://registry.npmjs.org/metro-minify-terser/-/metro-minify-terser-0.83.3.tgz 3252ms (cache miss)
4602 http fetch GET 200 https://registry.npmjs.org/metro-transform-worker/-/metro-transform-worker-0.83.3.tgz 3254ms (cache miss)
4603 http fetch GET 200 https://registry.npmjs.org/metro-core/-/metro-core-0.83.3.tgz 3330ms (cache miss)
4604 http fetch GET 200 https://registry.npmjs.org/metro-symbolicate/-/metro-symbolicate-0.83.3.tgz 3359ms (cache miss)
4605 http fetch GET 200 https://registry.npmjs.org/metro-cache-key/-/metro-cache-key-0.83.3.tgz 3359ms (cache miss)
4606 http fetch GET 200 https://registry.npmjs.org/metro-transform-plugins/-/metro-transform-plugins-0.83.3.tgz 3368ms (cache miss)
4607 http fetch GET 200 https://registry.npmjs.org/@babel/parser/-/parser-7.29.2.tgz 3374ms (cache miss)
4608 http fetch GET 200 https://registry.npmjs.org/metro-babel-transformer/-/metro-babel-transformer-0.83.3.tgz 3375ms (cache miss)
4609 http fetch GET 200 https://registry.npmjs.org/@types/node/-/node-25.5.0.tgz 3471ms (cache miss)
4610 http fetch GET 200 https://registry.npmjs.org/@jridgewell/trace-mapping/-/trace-mapping-0.3.31.tgz 3402ms (cache miss)
4611 http fetch GET 200 https://registry.npmjs.org/metro-cache/-/metro-cache-0.83.3.tgz 3413ms (cache miss)
4612 http fetch GET 200 https://registry.npmjs.org/metro-runtime/-/metro-runtime-0.83.3.tgz 3461ms (cache miss)
4613 http fetch GET 200 https://registry.npmjs.org/@react-native/debugger-shell/-/debugger-shell-0.83.4.tgz 3487ms (cache miss)
4614 http fetch GET 200 https://registry.npmjs.org/js-tokens/-/js-tokens-4.0.0.tgz 3467ms (cache miss)
4615 http fetch GET 200 https://registry.npmjs.org/picocolors/-/picocolors-1.1.1.tgz 3469ms (cache miss)
4616 http fetch GET 200 https://registry.npmjs.org/anser/-/anser-1.4.10.tgz 3493ms (cache miss)
4617 http fetch GET 200 https://registry.npmjs.org/parse-png/-/parse-png-2.1.0.tgz 3503ms (cache miss)
4618 http fetch GET 200 https://registry.npmjs.org/postcss/-/postcss-8.4.49.tgz 3522ms (cache miss)
4619 http fetch GET 200 https://registry.npmjs.org/@babel/code-frame/-/code-frame-7.29.0.tgz 3517ms (cache miss)
4620 http fetch GET 200 https://registry.npmjs.org/jimp-compact/-/jimp-compact-0.16.1.tgz 3557ms (cache miss)
4621 http fetch GET 200 https://registry.npmjs.org/@babel/helper-validator-identifier/-/helper-validator-identifier-7.28.5.tgz 3561ms (cache miss)
4622 http fetch GET 200 https://registry.npmjs.org/@expo/sdk-runtime-versions/-/sdk-runtime-versions-1.0.0.tgz 3592ms (cache miss)
4623 http fetch GET 200 https://registry.npmjs.org/@expo/config-types/-/config-types-55.0.5.tgz 3599ms (cache miss)
4624 http fetch GET 200 https://registry.npmjs.org/@expo/sudo-prompt/-/sudo-prompt-9.3.2.tgz 3606ms (cache miss)
4625 http fetch GET 200 https://registry.npmjs.org/ignore/-/ignore-5.3.2.tgz 3691ms (cache miss)
4626 http fetch GET 200 https://registry.npmjs.org/resolve-workspace-root/-/resolve-workspace-root-2.0.1.tgz 3704ms (cache miss)
4627 http fetch GET 200 https://registry.npmjs.org/terminal-link/-/terminal-link-2.1.1.tgz 3744ms (cache miss)
4628 http fetch GET 200 https://registry.npmjs.org/toqr/-/toqr-0.1.1.tgz 3747ms (cache miss)
4629 http fetch GET 200 https://registry.npmjs.org/slugify/-/slugify-1.6.8.tgz 3743ms (cache miss)
4630 http fetch GET 200 https://registry.npmjs.org/stacktrace-parser/-/stacktrace-parser-0.1.11.tgz 3746ms (cache miss)
4631 http fetch GET 200 https://registry.npmjs.org/wrap-ansi/-/wrap-ansi-7.0.0.tgz 3753ms (cache miss)
4632 http fetch GET 200 https://registry.npmjs.org/send/-/send-0.19.2.tgz 3748ms (cache miss)
4633 http fetch GET 200 https://registry.npmjs.org/progress/-/progress-2.0.3.tgz 3757ms (cache miss)
4634 http fetch GET 200 https://registry.npmjs.org/resolve-from/-/resolve-from-5.0.0.tgz 3761ms (cache miss)
4635 http fetch GET 200 https://registry.npmjs.org/npm-package-arg/-/npm-package-arg-11.0.3.tgz 3776ms (cache miss)
4636 http fetch GET 200 https://registry.npmjs.org/xml2js/-/xml2js-0.6.0.tgz 3793ms (cache miss)
4637 http fetch GET 200 https://registry.npmjs.org/ora/-/ora-3.4.0.tgz 3779ms (cache miss)
4638 http fetch GET 200 https://registry.npmjs.org/ci-info/-/ci-info-3.9.0.tgz 3803ms (cache miss)
4639 http fetch GET 200 https://registry.npmjs.org/getenv/-/getenv-2.0.0.tgz 3807ms (cache miss)
4640 http fetch GET 200 https://registry.npmjs.org/source-map-support/-/source-map-support-0.5.21.tgz 3820ms (cache miss)
4641 http fetch GET 200 https://registry.npmjs.org/debug/-/debug-4.4.3.tgz 3812ms (cache miss)
4642 http fetch GET 200 https://registry.npmjs.org/fb-dotslash/-/fb-dotslash-0.5.8.tgz 3873ms (cache miss)
4643 http fetch GET 200 https://registry.npmjs.org/bplist-parser/-/bplist-parser-0.3.2.tgz 3821ms (cache miss)
4644 http fetch GET 200 https://registry.npmjs.org/compression/-/compression-1.8.1.tgz 3832ms (cache miss)
4645 http fetch GET 200 https://registry.npmjs.org/json5/-/json5-2.2.3.tgz 3860ms (cache miss)
4646 http fetch GET 200 https://registry.npmjs.org/accepts/-/accepts-1.3.8.tgz 3838ms (cache miss)
4647 http fetch GET 200 https://registry.npmjs.org/arg/-/arg-5.0.2.tgz 3840ms (cache miss)
4648 http fetch GET 200 https://registry.npmjs.org/connect/-/connect-3.7.0.tgz 3848ms (cache miss)
4649 http fetch GET 200 https://registry.npmjs.org/deepmerge/-/deepmerge-4.3.1.tgz 3889ms (cache miss)
4650 http fetch GET 200 https://registry.npmjs.org/@babel/generator/-/generator-7.29.1.tgz 3919ms (cache miss)
4651 http fetch GET 200 https://registry.npmjs.org/chalk/-/chalk-4.1.2.tgz 3897ms (cache miss)
4652 http fetch GET 200 https://registry.npmjs.org/@expo/plist/-/plist-0.5.2.tgz 3899ms (cache miss)
4653 http fetch GET 200 https://registry.npmjs.org/@expo/spawn-async/-/spawn-async-1.7.2.tgz 3914ms (cache miss)
4654 http fetch GET 200 https://registry.npmjs.org/fetch-nodeshim/-/fetch-nodeshim-0.4.10.tgz 3923ms (cache miss)
4655 http fetch GET 200 https://registry.npmjs.org/multitars/-/multitars-0.2.4.tgz 3936ms (cache miss)
4656 http fetch GET 200 https://registry.npmjs.org/picomatch/-/picomatch-4.0.4.tgz 3939ms (cache miss)
4657 http fetch GET 200 https://registry.npmjs.org/@expo/osascript/-/osascript-2.4.2.tgz 3932ms (cache miss)
4658 http fetch GET 200 https://registry.npmjs.org/better-opn/-/better-opn-3.0.2.tgz 3948ms (cache miss)
4659 http fetch GET 200 https://registry.npmjs.org/resolve/-/resolve-1.22.11.tgz 4057ms (cache miss)
4660 http fetch GET 200 https://registry.npmjs.org/dnssd-advertise/-/dnssd-advertise-1.1.4.tgz 3971ms (cache miss)
4661 http fetch GET 200 https://registry.npmjs.org/@expo/env/-/env-2.1.1.tgz 3970ms (cache miss)
4662 http fetch GET 200 https://registry.npmjs.org/hermes-estree/-/hermes-estree-0.32.1.tgz 4124ms (cache miss)
4663 http fetch GET 200 https://registry.npmjs.org/xcode/-/xcode-3.0.1.tgz 4017ms (cache miss)
4664 http fetch GET 200 https://registry.npmjs.org/lan-network/-/lan-network-0.2.0.tgz 4029ms (cache miss)
4665 http fetch GET 200 https://registry.npmjs.org/bplist-creator/-/bplist-creator-0.1.0.tgz 4030ms (cache miss)
4666 http fetch GET 200 https://registry.npmjs.org/whatwg-url-minimum/-/whatwg-url-minimum-0.1.1.tgz 4042ms (cache miss)
4667 http fetch GET 200 https://registry.npmjs.org/react-refresh/-/react-refresh-0.14.2.tgz 4033ms (cache miss)
4668 http fetch GET 200 https://registry.npmjs.org/ws/-/ws-8.20.0.tgz 4085ms (cache miss)
4669 http fetch GET 200 https://registry.npmjs.org/lightningcss-win32-x64-msvc/-/lightningcss-win32-x64-msvc-1.32.0.tgz 4215ms (cache miss)
4670 http fetch GET 200 https://registry.npmjs.org/@expo/json-file/-/json-file-10.0.12.tgz 4080ms (cache miss)
4671 http fetch GET 200 https://registry.npmjs.org/@expo/require-utils/-/require-utils-55.0.3.tgz 4085ms (cache miss)
4672 http fetch GET 200 https://registry.npmjs.org/@expo/schema-utils/-/schema-utils-55.0.2.tgz 4120ms (cache miss)
4673 http fetch GET 200 https://registry.npmjs.org/@babel/traverse/-/traverse-7.29.0.tgz 4169ms (cache miss)
4674 http fetch GET 200 https://registry.npmjs.org/@expo/local-build-cache-provider/-/local-build-cache-provider-55.0.7.tgz 4225ms (cache miss)
4675 http fetch GET 200 https://registry.npmjs.org/@expo/code-signing-certificates/-/code-signing-certificates-0.0.6.tgz 4257ms (cache miss)
4676 http fetch GET 200 https://registry.npmjs.org/metro-source-map/-/metro-source-map-0.83.3.tgz 4309ms (cache miss)
4677 http fetch GET 200 https://registry.npmjs.org/pretty-format/-/pretty-format-29.7.0.tgz 4277ms (cache miss)
4678 http fetch GET 200 https://registry.npmjs.org/structured-headers/-/structured-headers-0.4.1.tgz 4306ms (cache miss)
4679 http fetch GET 200 https://registry.npmjs.org/@ungap/structured-clone/-/structured-clone-1.3.0.tgz 4308ms (cache miss)
4680 http fetch GET 200 https://registry.npmjs.org/@expo/ws-tunnel/-/ws-tunnel-1.0.6.tgz 4352ms (cache miss)
4681 http fetch GET 200 https://registry.npmjs.org/metro-config/-/metro-config-0.83.3.tgz 4418ms (cache miss)
4682 http fetch GET 200 https://registry.npmjs.org/strip-ansi/-/strip-ansi-6.0.1.tgz 4421ms (cache miss)
4683 http fetch GET 200 https://registry.npmjs.org/metro-resolver/-/metro-resolver-0.83.3.tgz 4489ms (cache miss)
4684 http fetch GET 200 https://registry.npmjs.org/strip-ansi/-/strip-ansi-6.0.1.tgz 4441ms (cache miss)
4685 http fetch GET 200 https://registry.npmjs.org/bplist-parser/-/bplist-parser-0.3.1.tgz 4446ms (cache miss)
4686 http fetch GET 200 https://registry.npmjs.org/statuses/-/statuses-2.0.2.tgz 4463ms (cache miss)
4687 http fetch GET 200 https://registry.npmjs.org/@expo/image-utils/-/image-utils-0.8.12.tgz 4488ms (cache miss)
4688 http fetch GET 200 https://registry.npmjs.org/semver/-/semver-7.7.4.tgz 4582ms (cache miss)
4689 http fetch GET 200 https://registry.npmjs.org/@expo/package-manager/-/package-manager-1.10.3.tgz 4641ms (cache miss)
4690 http fetch GET 200 https://registry.npmjs.org/babel-preset-expo/-/babel-preset-expo-55.0.13.tgz 4631ms (cache miss)
4691 http fetch GET 200 https://registry.npmjs.org/@expo/devcert/-/devcert-1.2.1.tgz 4656ms (cache miss)
4692 http fetch GET 200 https://registry.npmjs.org/escape-string-regexp/-/escape-string-regexp-2.0.0.tgz 4639ms (cache miss)
4693 http fetch GET 200 https://registry.npmjs.org/brace-expansion/-/brace-expansion-1.1.13.tgz 4652ms (cache miss)
4694 http fetch GET 200 https://registry.npmjs.org/react-devtools-core/-/react-devtools-core-6.1.5.tgz 4879ms (cache miss)
4695 http fetch GET 200 https://registry.npmjs.org/balanced-match/-/balanced-match-1.0.2.tgz 4683ms (cache miss)
4696 http fetch GET 200 https://registry.npmjs.org/@expo/xcpretty/-/xcpretty-4.4.1.tgz 4720ms (cache miss)
4697 http fetch GET 200 https://registry.npmjs.org/minimatch/-/minimatch-10.2.5.tgz 4795ms (cache miss)
4698 http fetch GET 200 https://registry.npmjs.org/picomatch/-/picomatch-2.3.2.tgz 4746ms (cache miss)
4699 http fetch GET 200 https://registry.npmjs.org/expo-constants/-/expo-constants-55.0.9.tgz 4772ms (cache miss)
4700 http fetch GET 200 https://registry.npmjs.org/minimatch/-/minimatch-3.1.5.tgz 4802ms (cache miss)
4701 http fetch GET 200 https://registry.npmjs.org/camelcase/-/camelcase-5.3.1.tgz 4826ms (cache miss)
4702 http fetch GET 200 https://registry.npmjs.org/semver/-/semver-6.3.1.tgz 4845ms (cache miss)
4703 http fetch GET 200 https://registry.npmjs.org/glob/-/glob-7.2.3.tgz 4853ms (cache miss)
4704 warn deprecated glob@7.2.3: Old versions of glob are not supported, and contain widely publicized security vulnerabilities, which have been fixed in the current version. Please update. Support for old versions may be purchased (at exorbitant rates) by contacting i@izs.me
4705 http fetch GET 200 https://registry.npmjs.org/node-forge/-/node-forge-1.4.0.tgz 5069ms (cache miss)
4706 http fetch GET 200 https://registry.npmjs.org/ansi-regex/-/ansi-regex-4.1.1.tgz 5035ms (cache miss)
4707 http fetch GET 200 https://registry.npmjs.org/color-name/-/color-name-1.1.3.tgz 5094ms (cache miss)
4708 http fetch GET 200 https://registry.npmjs.org/has-flag/-/has-flag-3.0.0.tgz 5100ms (cache miss)
4709 http fetch GET 200 https://registry.npmjs.org/supports-color/-/supports-color-5.5.0.tgz 5160ms (cache miss)
4710 http fetch GET 200 https://registry.npmjs.org/color-convert/-/color-convert-1.9.3.tgz 5162ms (cache miss)
4711 http fetch GET 200 https://registry.npmjs.org/escape-string-regexp/-/escape-string-regexp-1.0.5.tgz 5360ms (cache miss)
4712 http fetch GET 200 https://registry.npmjs.org/ansi-styles/-/ansi-styles-3.2.1.tgz 5363ms (cache miss)
4713 http fetch GET 200 https://registry.npmjs.org/supports-color/-/supports-color-8.1.1.tgz 5362ms (cache miss)
4714 http fetch GET 200 https://registry.npmjs.org/ws/-/ws-7.5.10.tgz 5375ms (cache miss)
4715 http fetch GET 200 https://registry.npmjs.org/ws/-/ws-7.5.10.tgz 5400ms (cache miss)
4716 http fetch GET 200 https://registry.npmjs.org/balanced-match/-/balanced-match-1.0.2.tgz 5393ms (cache miss)
4717 http fetch GET 200 https://registry.npmjs.org/balanced-match/-/balanced-match-1.0.2.tgz 5392ms (cache miss)
4718 http fetch GET 200 https://registry.npmjs.org/minimatch/-/minimatch-3.1.5.tgz 5395ms (cache miss)
4719 http fetch GET 200 https://registry.npmjs.org/ms/-/ms-2.0.0.tgz 5396ms (cache miss)
4720 http fetch GET 200 https://registry.npmjs.org/brace-expansion/-/brace-expansion-1.1.13.tgz 5394ms (cache miss)
4721 http fetch GET 200 https://registry.npmjs.org/@expo/config/-/config-55.0.11.tgz 5427ms (cache miss)
4722 http fetch GET 200 https://registry.npmjs.org/ms/-/ms-2.0.0.tgz 5452ms (cache miss)
4723 http fetch GET 200 https://registry.npmjs.org/brace-expansion/-/brace-expansion-1.1.13.tgz 5450ms (cache miss)
4724 http fetch GET 200 https://registry.npmjs.org/minimatch/-/minimatch-3.1.5.tgz 5449ms (cache miss)
4725 http fetch GET 200 https://registry.npmjs.org/babel-plugin-syntax-hermes-parser/-/babel-plugin-syntax-hermes-parser-0.32.0.tgz 5610ms (cache miss)
4726 http fetch GET 200 https://registry.npmjs.org/encodeurl/-/encodeurl-2.0.0.tgz 5637ms (cache miss)
4727 http fetch GET 200 https://registry.npmjs.org/@react-native/dev-middleware/-/dev-middleware-0.83.4.tgz 5814ms (cache miss)
4728 http fetch GET 200 https://registry.npmjs.org/commander/-/commander-2.20.3.tgz 5857ms (cache miss)
4729 http fetch GET 200 https://registry.npmjs.org/chalk/-/chalk-2.4.2.tgz 5894ms (cache miss)
4730 http fetch GET 200 https://registry.npmjs.org/glob/-/glob-7.2.3.tgz 5897ms (cache miss)
4731 http fetch GET 200 https://registry.npmjs.org/statuses/-/statuses-2.0.2.tgz 5890ms (cache miss)
4732 http fetch GET 200 https://registry.npmjs.org/ci-info/-/ci-info-2.0.0.tgz 5891ms (cache miss)
4733 http fetch GET 200 https://registry.npmjs.org/strip-ansi/-/strip-ansi-6.0.1.tgz 5949ms (cache miss)
4734 warn deprecated glob@7.2.3: Old versions of glob are not supported, and contain widely publicized security vulnerabilities, which have been fixed in the current version. Please update. Support for old versions may be purchased (at exorbitant rates) by contacting i@izs.me
4735 http fetch GET 200 https://registry.npmjs.org/metro-file-map/-/metro-file-map-0.83.3.tgz 6083ms (cache miss)
4736 http fetch GET 200 https://registry.npmjs.org/glob/-/glob-7.2.3.tgz 6002ms (cache miss)
4737 http fetch GET 200 https://registry.npmjs.org/@expo/devtools/-/devtools-55.0.2.tgz 6034ms (cache miss)
4738 warn deprecated glob@7.2.3: Old versions of glob are not supported, and contain widely publicized security vulnerabilities, which have been fixed in the current version. Please update. Support for old versions may be purchased (at exorbitant rates) by contacting i@izs.me
4739 http fetch GET 200 https://registry.npmjs.org/semver/-/semver-6.3.1.tgz 6056ms (cache miss)
4740 http fetch GET 200 https://registry.npmjs.org/semver/-/semver-6.3.1.tgz 6058ms (cache miss)
4741 http fetch GET 200 https://registry.npmjs.org/ms/-/ms-2.0.0.tgz 6051ms (cache miss)
4742 http fetch GET 200 https://registry.npmjs.org/ms/-/ms-2.0.0.tgz 6047ms (cache miss)
4743 http fetch GET 200 https://registry.npmjs.org/ms/-/ms-2.0.0.tgz 6049ms (cache miss)
4744 http fetch GET 200 https://registry.npmjs.org/on-finished/-/on-finished-2.4.1.tgz 6053ms (cache miss)
4745 http fetch GET 200 https://registry.npmjs.org/color-name/-/color-name-1.1.3.tgz 6053ms (cache miss)
4746 http fetch GET 200 https://registry.npmjs.org/encodeurl/-/encodeurl-2.0.0.tgz 6054ms (cache miss)
4747 http fetch GET 200 https://registry.npmjs.org/has-flag/-/has-flag-3.0.0.tgz 6055ms (cache miss)
4748 http fetch GET 200 https://registry.npmjs.org/supports-color/-/supports-color-5.5.0.tgz 6055ms (cache miss)
4749 http fetch GET 200 https://registry.npmjs.org/escape-string-regexp/-/escape-string-regexp-1.0.5.tgz 6055ms (cache miss)
4750 http fetch GET 200 https://registry.npmjs.org/chalk/-/chalk-2.4.2.tgz 6055ms (cache miss)
4751 http fetch GET 200 https://registry.npmjs.org/ansi-styles/-/ansi-styles-3.2.1.tgz 6057ms (cache miss)
4752 http fetch GET 200 https://registry.npmjs.org/open/-/open-8.4.2.tgz 6056ms (cache miss)
4753 http fetch GET 200 https://registry.npmjs.org/negotiator/-/negotiator-0.6.4.tgz 6067ms (cache miss)
4754 http fetch GET 200 https://registry.npmjs.org/ansi-styles/-/ansi-styles-5.2.0.tgz 6098ms (cache miss)
4755 http fetch GET 200 https://registry.npmjs.org/babel-plugin-syntax-hermes-parser/-/babel-plugin-syntax-hermes-parser-0.32.0.tgz 6097ms (cache miss)
4756 http fetch GET 200 https://registry.npmjs.org/@react-native/normalize-colors/-/normalize-colors-0.84.1.tgz 6097ms (cache miss)
4757 http fetch GET 200 https://registry.npmjs.org/semver/-/semver-6.3.1.tgz 6112ms (cache miss)
4758 http fetch GET 200 https://registry.npmjs.org/semver/-/semver-6.3.1.tgz 6112ms (cache miss)
4759 http fetch GET 200 https://registry.npmjs.org/semver/-/semver-6.3.1.tgz 6111ms (cache miss)
4760 http fetch GET 200 https://registry.npmjs.org/semver/-/semver-6.3.1.tgz 6111ms (cache miss)
4761 http fetch GET 200 https://registry.npmjs.org/prompts/-/prompts-2.4.2.tgz 6210ms (cache miss)
4762 http fetch GET 200 https://registry.npmjs.org/hermes-parser/-/hermes-parser-0.32.1.tgz 6241ms (cache miss)
4763 http fetch GET 200 https://registry.npmjs.org/mime-db/-/mime-db-1.52.0.tgz 6151ms (cache miss)
4764 http fetch GET 200 https://registry.npmjs.org/picomatch/-/picomatch-2.3.2.tgz 6176ms (cache miss)
4765 http fetch GET 200 https://registry.npmjs.org/picomatch/-/picomatch-2.3.2.tgz 6178ms (cache miss)
4766 http fetch GET 200 https://registry.npmjs.org/color-convert/-/color-convert-1.9.3.tgz 6165ms (cache miss)
4767 http fetch GET 200 https://registry.npmjs.org/debug/-/debug-3.2.7.tgz 6256ms (cache miss)
4768 http fetch GET 200 https://registry.npmjs.org/debug/-/debug-2.6.9.tgz 6397ms (cache miss)
4769 http fetch GET 200 https://registry.npmjs.org/debug/-/debug-2.6.9.tgz 6399ms (cache miss)
4770 http fetch GET 200 https://registry.npmjs.org/react/-/react-19.2.4.tgz 6507ms (cache miss)
4771 http fetch GET 200 https://registry.npmjs.org/debug/-/debug-2.6.9.tgz 6525ms (cache miss)
4772 http fetch GET 200 https://registry.npmjs.org/debug/-/debug-2.6.9.tgz 6523ms (cache miss)
4773 http fetch GET 200 https://registry.npmjs.org/argparse/-/argparse-1.0.10.tgz 6553ms (cache miss)
4774 http fetch GET 200 https://registry.npmjs.org/debug/-/debug-2.6.9.tgz 6525ms (cache miss)
4775 http fetch GET 200 https://registry.npmjs.org/commander/-/commander-12.1.0.tgz 6585ms (cache miss)
4776 http fetch GET 200 https://registry.npmjs.org/ws/-/ws-7.5.10.tgz 6646ms (cache miss)
4777 http fetch GET 200 https://registry.npmjs.org/@expo/dom-webview/-/dom-webview-55.0.3.tgz 6774ms (cache miss)
4778 http fetch GET 200 https://registry.npmjs.org/ws/-/ws-7.5.10.tgz 6693ms (cache miss)
4779 http fetch GET 200 https://registry.npmjs.org/ws/-/ws-7.5.10.tgz 6738ms (cache miss)
4780 http fetch GET 200 https://registry.npmjs.org/expo-keep-awake/-/expo-keep-awake-55.0.4.tgz 6963ms (cache miss)
4781 http fetch GET 200 https://registry.npmjs.org/type-fest/-/type-fest-0.21.3.tgz 6985ms (cache miss)
4782 http fetch GET 200 https://registry.npmjs.org/glob/-/glob-13.0.6.tgz 7127ms (cache miss)
4783 http fetch GET 200 https://registry.npmjs.org/hermes-estree/-/hermes-estree-0.32.0.tgz 7165ms (cache miss)
4784 http fetch GET 200 https://registry.npmjs.org/hermes-estree/-/hermes-estree-0.32.0.tgz 7163ms (cache miss)
4785 http fetch GET 200 https://registry.npmjs.org/hermes-estree/-/hermes-estree-0.32.0.tgz 7163ms (cache miss)
4786 http fetch GET 200 https://registry.npmjs.org/hermes-estree/-/hermes-estree-0.32.0.tgz 7163ms (cache miss)
4787 http fetch GET 200 https://registry.npmjs.org/lru-cache/-/lru-cache-10.4.3.tgz 7267ms (cache miss)
4788 http fetch GET 200 https://registry.npmjs.org/hermes-estree/-/hermes-estree-0.32.0.tgz 7245ms (cache miss)
4789 http fetch GET 200 https://registry.npmjs.org/lru-cache/-/lru-cache-11.2.7.tgz 7309ms (cache miss)
4790 http fetch GET 200 https://registry.npmjs.org/source-map/-/source-map-0.6.1.tgz 7300ms (cache miss)
4791 http fetch GET 200 https://registry.npmjs.org/@react-native/gradle-plugin/-/gradle-plugin-0.84.1.tgz 7576ms (cache miss)
4792 http fetch GET 200 https://registry.npmjs.org/@react-native/debugger-shell/-/debugger-shell-0.84.1.tgz 7932ms (cache miss)
4793 http fetch GET 200 https://registry.npmjs.org/@babel/core/-/core-7.29.0.tgz 8552ms (cache miss)
4794 http fetch GET 200 https://registry.npmjs.org/js-yaml/-/js-yaml-3.14.2.tgz 8483ms (cache miss)
4795 http fetch GET 200 https://registry.npmjs.org/@expo/router-server/-/router-server-55.0.11.tgz 8548ms (cache miss)
4796 http fetch GET 200 https://registry.npmjs.org/xmlbuilder/-/xmlbuilder-11.0.1.tgz 8493ms (cache miss)
4797 http fetch GET 200 https://registry.npmjs.org/@expo/fingerprint/-/fingerprint-0.16.6.tgz 8828ms (cache miss)
4798 http fetch GET 200 https://registry.npmjs.org/@expo/log-box/-/log-box-55.0.8.tgz 8949ms (cache miss)
4799 http fetch GET 200 https://registry.npmjs.org/@react-native/dev-middleware/-/dev-middleware-0.84.1.tgz 9103ms (cache miss)
4800 http fetch GET 200 https://registry.npmjs.org/@react-native/codegen/-/codegen-0.83.4.tgz 9576ms (cache miss)
4801 http fetch GET 200 https://registry.npmjs.org/@babel/types/-/types-7.29.0.tgz 10232ms (cache miss)
4802 http fetch GET 200 https://registry.npmjs.org/expo-font/-/expo-font-55.0.4.tgz 10210ms (cache miss)
4803 http fetch GET 200 https://registry.npmjs.org/hermes-parser/-/hermes-parser-0.32.0.tgz 10194ms (cache miss)
4804 http fetch GET 200 https://registry.npmjs.org/hermes-parser/-/hermes-parser-0.32.0.tgz 10228ms (cache miss)
4805 http fetch GET 200 https://registry.npmjs.org/hermes-parser/-/hermes-parser-0.32.0.tgz 10227ms (cache miss)
4806 http fetch GET 200 https://registry.npmjs.org/hermes-parser/-/hermes-parser-0.32.0.tgz 10227ms (cache miss)
4807 http fetch GET 200 https://registry.npmjs.org/hermes-parser/-/hermes-parser-0.32.0.tgz 10236ms (cache miss)
4808 http fetch GET 200 https://registry.npmjs.org/yaml/-/yaml-2.8.3.tgz 10495ms (cache miss)
4809 http fetch GET 200 https://registry.npmjs.org/expo-asset/-/expo-asset-55.0.10.tgz 10562ms (cache miss)
4810 http fetch GET 200 https://registry.npmjs.org/@expo/metro-config/-/metro-config-55.0.11.tgz 10909ms (cache miss)
4811 http fetch GET 200 https://registry.npmjs.org/@expo/prebuild-config/-/prebuild-config-55.0.11.tgz 11290ms (cache miss)
4812 http fetch GET 200 https://registry.npmjs.org/expo-file-system/-/expo-file-system-55.0.12.tgz 11331ms (cache miss)
4813 http fetch GET 200 https://registry.npmjs.org/@babel/helpers/-/helpers-7.29.2.tgz 11386ms (cache miss)
4814 http fetch GET 200 https://registry.npmjs.org/expo-server/-/expo-server-55.0.6.tgz 11385ms (cache miss)
4815 http fetch GET 200 https://registry.npmjs.org/regenerate-unicode-properties/-/regenerate-unicode-properties-10.2.2.tgz 13236ms (cache miss)
4816 http fetch GET 200 https://registry.npmjs.org/@babel/runtime/-/runtime-7.29.2.tgz 14222ms (cache miss)
4817 http fetch GET 200 https://registry.npmjs.org/expo-modules-autolinking/-/expo-modules-autolinking-55.0.12.tgz 15480ms (cache miss)
4818 http fetch GET 200 https://registry.npmjs.org/@react-native/codegen/-/codegen-0.84.1.tgz 15414ms (cache miss)
4819 http fetch GET 200 https://registry.npmjs.org/@expo/config-plugins/-/config-plugins-55.0.7.tgz 15545ms (cache miss)
4820 http fetch GET 200 https://registry.npmjs.org/@expo/vector-icons/-/vector-icons-15.1.1.tgz 15620ms (cache miss)
4821 http fetch GET 200 https://registry.npmjs.org/hermes-compiler/-/hermes-compiler-250829098.0.9.tgz 16083ms (cache miss)
4822 http fetch GET 200 https://registry.npmjs.org/metro/-/metro-0.83.3.tgz 17026ms (cache miss)
4823 http fetch GET 200 https://registry.npmjs.org/expo/-/expo-55.0.9.tgz 17460ms (cache miss)
4824 http fetch GET 200 https://registry.npmjs.org/@expo/metro/-/metro-54.2.0.tgz 18002ms (cache miss)
4825 http fetch GET 200 https://registry.npmjs.org/zod/-/zod-3.25.76.tgz 22357ms (cache miss)
4826 http fetch GET 200 https://registry.npmjs.org/caniuse-lite/-/caniuse-lite-1.0.30001782.tgz 23395ms (cache miss)
4827 http fetch GET 200 https://registry.npmjs.org/@expo/cli/-/cli-55.0.19.tgz 25155ms (cache miss)
4828 http fetch GET 200 https://registry.npmjs.org/expo-modules-core/-/expo-modules-core-55.0.18.tgz 25258ms (cache miss)
4829 http fetch GET 200 https://registry.npmjs.org/@react-native/debugger-frontend/-/debugger-frontend-0.83.4.tgz 25323ms (cache miss)
4830 http fetch GET 200 https://registry.npmjs.org/@react-native/debugger-frontend/-/debugger-frontend-0.84.1.tgz 25378ms (cache miss)
4831 http fetch GET 200 https://registry.npmjs.org/react-native/-/react-native-0.84.1.tgz 32298ms (cache miss)
4832 verbose cwd C:\Users\aimee\Downloads\calculadora-e-temporizador-main
4833 verbose os Windows_NT 10.0.26200
4834 verbose node v24.14.0
4835 verbose npm  v11.9.0
4836 notice
4836 notice New [33mminor[39m version of npm available! [33m11.9.0[39m -> [34m11.12.1[39m
4836 notice Changelog: [34mhttps://github.com/npm/cli/releases/tag/v11.12.1[39m
4836 notice To update run: [4mnpm install -g npm@11.12.1[24m
4836 notice  { force: true, Symbol(proc-log.meta): true }
4837 verbose exit 1
4838 verbose code 1
