0 verbose cli C:\Program Files\nodejs\node.exe C:\Program Files\nodejs\node_modules\npm\bin\npm-cli.js
1 info using npm@11.9.0
2 info using node@v24.14.0
3 silly config load:file:C:\Program Files\nodejs\node_modules\npm\npmrc
4 silly config load:file:C:\Users\aimee\Documents\atividade\.npmrc
5 silly config load:file:C:\Users\aimee\.npmrc
6 silly config load:file:C:\Users\aimee\AppData\Roaming\npm\etc\npmrc
7 verbose title npm install expo
8 verbose argv "install" "expo"
9 verbose logfile logs-max:10 dir:C:\Users\aimee\Documents\atividade\c\users\aimee\AppData\Roaming\_logs\2026-05-05T02_19_09_199Z-
10 verbose logfile C:\Users\aimee\Documents\atividade\c\users\aimee\AppData\Roaming\_logs\2026-05-05T02_19_09_199Z-debug-0.log
11 silly logfile done cleaning log files
12 silly packumentCache heap:4496293888 maxSize:1124073472 maxEntrySize:562036736
13 silly idealTree buildDeps
14 silly fetch manifest expo@~54.0.33
15 silly packumentCache full:https://registry.npmjs.org/expo cache-miss
16 http fetch GET 200 https://registry.npmjs.org/npm 604ms
17 http fetch GET 200 https://registry.npmjs.org/expo 255ms (cache miss)
18 silly packumentCache full:https://registry.npmjs.org/expo set size:undefined disposed:false
19 silly fetch manifest @expo/dom-webview@*
20 silly packumentCache full:https://registry.npmjs.org/@expo%2fdom-webview cache-miss
21 http fetch GET 200 https://registry.npmjs.org/@expo%2fdom-webview 102ms (cache miss)
22 silly packumentCache full:https://registry.npmjs.org/@expo%2fdom-webview set size:undefined disposed:false
23 silly fetch manifest react@19.1.0
24 silly packumentCache full:https://registry.npmjs.org/react cache-miss
25 http fetch GET 200 https://registry.npmjs.org/react 191ms (cache miss)
26 silly packumentCache full:https://registry.npmjs.org/react set size:undefined disposed:false
27 silly fetch manifest react-native@0.81.5
28 silly packumentCache full:https://registry.npmjs.org/react-native cache-miss
29 http fetch GET 200 https://registry.npmjs.org/react-native 227ms (cache miss)
30 silly packumentCache full:https://registry.npmjs.org/react-native set size:undefined disposed:false
31 silly fetch manifest @types/react@^19.1.0
32 silly packumentCache full:https://registry.npmjs.org/@types%2freact cache-miss
33 http fetch GET 200 https://registry.npmjs.org/@types%2freact 214ms (cache miss)
34 silly packumentCache full:https://registry.npmjs.org/@types%2freact set size:undefined disposed:false
35 silly fetch manifest @expo/metro-runtime@~6.1.2
36 silly packumentCache full:https://registry.npmjs.org/@expo%2fmetro-runtime cache-miss
37 http fetch GET 200 https://registry.npmjs.org/@expo%2fmetro-runtime 125ms (cache miss)
38 silly packumentCache full:https://registry.npmjs.org/@expo%2fmetro-runtime set size:undefined disposed:false
39 silly fetch manifest react-dom@19.1.0
40 silly packumentCache full:https://registry.npmjs.org/react-dom cache-miss
41 http fetch GET 200 https://registry.npmjs.org/react-dom 196ms (cache miss)
42 silly packumentCache full:https://registry.npmjs.org/react-dom set size:undefined disposed:false
43 silly fetch manifest react-native-webview@*
44 silly packumentCache full:https://registry.npmjs.org/react-native-webview cache-miss
45 http fetch GET 200 https://registry.npmjs.org/react-native-webview 87ms (cache miss)
46 silly packumentCache full:https://registry.npmjs.org/react-native-webview set size:undefined disposed:false
47 silly placeDep ROOT expo@54.0.34 REPLACE for: atividade4@1.0.0 want: ~54.0.33
48 silly fetch manifest @expo/cli@54.0.24
49 silly packumentCache full:https://registry.npmjs.org/@expo%2fcli cache-miss
50 silly fetch manifest expo-asset@~12.0.13
51 silly packumentCache full:https://registry.npmjs.org/expo-asset cache-miss
52 silly fetch manifest @expo/metro@~54.2.0
53 silly packumentCache full:https://registry.npmjs.org/@expo%2fmetro cache-miss
54 silly fetch manifest @expo/config@~12.0.13
55 silly packumentCache full:https://registry.npmjs.org/@expo%2fconfig cache-miss
56 silly fetch manifest expo-constants@~18.0.13
57 silly packumentCache full:https://registry.npmjs.org/expo-constants cache-miss
58 silly fetch manifest expo-file-system@~19.0.22
59 silly packumentCache full:https://registry.npmjs.org/expo-file-system cache-miss
60 silly fetch manifest @expo/fingerprint@0.15.5
61 silly packumentCache full:https://registry.npmjs.org/@expo%2ffingerprint cache-miss
62 http fetch GET 200 https://registry.npmjs.org/expo-asset 110ms (cache miss)
63 silly packumentCache full:https://registry.npmjs.org/expo-asset set size:undefined disposed:false
64 silly fetch manifest expo-modules-core@3.0.30
65 silly packumentCache full:https://registry.npmjs.org/expo-modules-core cache-miss
66 http fetch GET 200 https://registry.npmjs.org/@expo%2fmetro 173ms (cache miss)
67 silly packumentCache full:https://registry.npmjs.org/@expo%2fmetro set size:undefined disposed:false
68 silly fetch manifest @expo/metro-config@54.0.15
69 silly packumentCache full:https://registry.npmjs.org/@expo%2fmetro-config cache-miss
70 http fetch GET 200 https://registry.npmjs.org/@expo%2ffingerprint 335ms (cache miss)
71 silly packumentCache full:https://registry.npmjs.org/@expo%2ffingerprint set size:undefined disposed:false
72 silly fetch manifest @expo/config-plugins@~54.0.4
73 silly packumentCache full:https://registry.npmjs.org/@expo%2fconfig-plugins cache-miss
74 http fetch GET 200 https://registry.npmjs.org/@expo%2fcli 372ms (cache miss)
75 silly packumentCache full:https://registry.npmjs.org/@expo%2fcli set size:undefined disposed:false
76 silly fetch manifest expo-modules-autolinking@3.0.25
77 silly packumentCache full:https://registry.npmjs.org/expo-modules-autolinking cache-miss
78 http fetch GET 200 https://registry.npmjs.org/expo-constants 431ms (cache miss)
79 silly packumentCache full:https://registry.npmjs.org/expo-constants set size:undefined disposed:false
80 http fetch GET 200 https://registry.npmjs.org/expo-modules-core 344ms (cache miss)
81 silly packumentCache full:https://registry.npmjs.org/expo-modules-core set size:undefined disposed:false
82 http fetch GET 200 https://registry.npmjs.org/expo-file-system 536ms (cache miss)
83 silly packumentCache full:https://registry.npmjs.org/expo-file-system set size:undefined disposed:false
84 http fetch GET 200 https://registry.npmjs.org/@expo%2fconfig 601ms (cache miss)
85 silly packumentCache full:https://registry.npmjs.org/@expo%2fconfig set size:undefined disposed:false
86 http fetch GET 200 https://registry.npmjs.org/expo-modules-autolinking 228ms (cache miss)
87 silly packumentCache full:https://registry.npmjs.org/expo-modules-autolinking set size:undefined disposed:false
88 http fetch GET 200 https://registry.npmjs.org/@expo%2fmetro-config 503ms (cache miss)
89 silly packumentCache full:https://registry.npmjs.org/@expo%2fmetro-config set size:undefined disposed:false
90 http fetch GET 200 https://registry.npmjs.org/@expo%2fconfig-plugins 684ms (cache miss)
91 silly packumentCache full:https://registry.npmjs.org/@expo%2fconfig-plugins set size:undefined disposed:false
92 silly fetch manifest expo@*
93 silly packumentCache full:https://registry.npmjs.org/expo cache-miss
94 http cache https://registry.npmjs.org/expo 77ms (cache hit)
95 silly packumentCache full:https://registry.npmjs.org/expo set size:3679854 disposed:false
96 silly fetch manifest react@*
97 silly packumentCache full:https://registry.npmjs.org/react cache-miss
98 http cache https://registry.npmjs.org/react 67ms (cache hit)
99 silly packumentCache full:https://registry.npmjs.org/react set size:6637568 disposed:false
100 silly fetch manifest react-native@*
101 silly packumentCache full:https://registry.npmjs.org/react-native cache-miss
102 http cache https://registry.npmjs.org/react-native 131ms (cache hit)
103 silly packumentCache full:https://registry.npmjs.org/react-native set size:15221445 disposed:false
104 silly fetch manifest @react-native/jest-preset@0.85.2
105 silly packumentCache full:https://registry.npmjs.org/@react-native%2fjest-preset cache-miss
106 http fetch GET 200 https://registry.npmjs.org/@react-native%2fjest-preset 119ms (cache miss)
107 silly packumentCache full:https://registry.npmjs.org/@react-native%2fjest-preset set size:undefined disposed:false
108 silly fetch manifest @types/react@^19.1.1
109 silly packumentCache full:https://registry.npmjs.org/@types%2freact cache-miss
110 http cache https://registry.npmjs.org/@types%2freact 48ms (cache hit)
111 silly packumentCache full:https://registry.npmjs.org/@types%2freact set size:2588964 disposed:false
112 silly fetch manifest @expo/metro-runtime@*
113 silly packumentCache full:https://registry.npmjs.org/@expo%2fmetro-runtime cache-miss
114 http cache https://registry.npmjs.org/@expo%2fmetro-runtime 61ms (cache hit)
115 silly packumentCache full:https://registry.npmjs.org/@expo%2fmetro-runtime set size:641888 disposed:false
116 silly fetch manifest react-dom@*
117 silly packumentCache full:https://registry.npmjs.org/react-dom cache-miss
118 http cache https://registry.npmjs.org/react-dom 88ms (cache hit)
119 silly packumentCache full:https://registry.npmjs.org/react-dom set size:8846320 disposed:false
120 silly fetch manifest expo-router@*
121 silly packumentCache full:https://registry.npmjs.org/expo-router cache-miss
122 http fetch GET 200 https://registry.npmjs.org/expo-router 113ms (cache miss)
123 silly packumentCache full:https://registry.npmjs.org/expo-router set size:undefined disposed:false
124 silly fetch manifest @expo/log-box@55.0.11
125 silly packumentCache full:https://registry.npmjs.org/@expo%2flog-box cache-miss
126 http fetch GET 200 https://registry.npmjs.org/@expo%2flog-box 62ms (cache miss)
127 silly packumentCache full:https://registry.npmjs.org/@expo%2flog-box set size:undefined disposed:false
128 silly fetch manifest @react-navigation/drawer@^7.9.4
129 silly packumentCache full:https://registry.npmjs.org/@react-navigation%2fdrawer cache-miss
130 http fetch GET 200 https://registry.npmjs.org/@react-navigation%2fdrawer 256ms (cache miss)
131 silly packumentCache full:https://registry.npmjs.org/@react-navigation%2fdrawer set size:undefined disposed:false
132 silly fetch manifest @react-navigation/native@^7.2.2
133 silly packumentCache full:https://registry.npmjs.org/@react-navigation%2fnative cache-miss
134 http fetch GET 200 https://registry.npmjs.org/@react-navigation%2fnative 108ms (cache miss)
135 silly packumentCache full:https://registry.npmjs.org/@react-navigation%2fnative set size:undefined disposed:false
136 silly fetch manifest react-native-gesture-handler@>= 2.0.0
137 silly packumentCache full:https://registry.npmjs.org/react-native-gesture-handler cache-miss
138 http fetch GET 200 https://registry.npmjs.org/react-native-gesture-handler 83ms (cache miss)
139 silly packumentCache full:https://registry.npmjs.org/react-native-gesture-handler set size:undefined disposed:false
140 silly fetch manifest react-native-reanimated@>= 2.0.0
141 silly packumentCache full:https://registry.npmjs.org/react-native-reanimated cache-miss
142 http fetch GET 200 https://registry.npmjs.org/react-native-reanimated 314ms (cache miss)
143 silly packumentCache full:https://registry.npmjs.org/react-native-reanimated set size:undefined disposed:false
144 silly fetch manifest react-native-worklets@0.8.x
145 silly packumentCache full:https://registry.npmjs.org/react-native-worklets cache-miss
146 http fetch GET 200 https://registry.npmjs.org/react-native-worklets 129ms (cache miss)
147 silly packumentCache full:https://registry.npmjs.org/react-native-worklets set size:undefined disposed:false
148 silly fetch manifest @babel/core@*
149 silly packumentCache full:https://registry.npmjs.org/@babel%2fcore cache-miss
150 http fetch GET 200 https://registry.npmjs.org/@babel%2fcore 112ms (cache miss)
151 silly packumentCache full:https://registry.npmjs.org/@babel%2fcore set size:undefined disposed:false
152 silly fetch manifest @react-native/metro-config@*
153 silly packumentCache full:https://registry.npmjs.org/@react-native%2fmetro-config cache-miss
154 http fetch GET 200 https://registry.npmjs.org/@react-native%2fmetro-config 154ms (cache miss)
155 silly packumentCache full:https://registry.npmjs.org/@react-native%2fmetro-config set size:undefined disposed:false
156 silly fetch manifest react-native-safe-area-context@>= 4.0.0
157 silly packumentCache full:https://registry.npmjs.org/react-native-safe-area-context cache-miss
158 http fetch GET 200 https://registry.npmjs.org/react-native-safe-area-context 81ms (cache miss)
159 silly packumentCache full:https://registry.npmjs.org/react-native-safe-area-context set size:undefined disposed:false
160 silly fetch manifest react-native-screens@>= 4.0.0
161 silly packumentCache full:https://registry.npmjs.org/react-native-screens cache-miss
162 http fetch GET 200 https://registry.npmjs.org/react-native-screens 146ms (cache miss)
163 silly packumentCache full:https://registry.npmjs.org/react-native-screens set size:undefined disposed:false
164 silly fetch manifest @testing-library/react-native@>= 13.2.0
165 silly packumentCache full:https://registry.npmjs.org/@testing-library%2freact-native cache-miss
166 http fetch GET 200 https://registry.npmjs.org/@testing-library%2freact-native 86ms (cache miss)
167 silly packumentCache full:https://registry.npmjs.org/@testing-library%2freact-native set size:undefined disposed:false
168 silly fetch manifest jest@>=29.0.0
169 silly packumentCache full:https://registry.npmjs.org/jest cache-miss
170 http fetch GET 200 https://registry.npmjs.org/jest 99ms (cache miss)
171 silly packumentCache full:https://registry.npmjs.org/jest set size:undefined disposed:false
172 silly fetch manifest node-notifier@^8.0.1 || ^9.0.0 || ^10.0.0
173 silly packumentCache full:https://registry.npmjs.org/node-notifier cache-miss
174 http fetch GET 200 https://registry.npmjs.org/node-notifier 82ms (cache miss)
175 silly packumentCache full:https://registry.npmjs.org/node-notifier set size:undefined disposed:false
176 silly fetch manifest react-test-renderer@>=18.2.0
177 silly packumentCache full:https://registry.npmjs.org/react-test-renderer cache-miss
178 http fetch GET 200 https://registry.npmjs.org/react-test-renderer 257ms (cache miss)
179 silly packumentCache full:https://registry.npmjs.org/react-test-renderer set size:undefined disposed:false
180 silly fetch manifest expo-constants@^55.0.15
181 silly packumentCache full:https://registry.npmjs.org/expo-constants cache-miss
182 http cache https://registry.npmjs.org/expo-constants 43ms (cache hit)
183 silly packumentCache full:https://registry.npmjs.org/expo-constants set size:993541 disposed:false
184 silly fetch manifest expo-linking@^55.0.14
185 silly packumentCache full:https://registry.npmjs.org/expo-linking cache-miss
186 http fetch GET 200 https://registry.npmjs.org/expo-linking 106ms (cache miss)
187 silly packumentCache full:https://registry.npmjs.org/expo-linking set size:undefined disposed:false
188 silly fetch manifest react-native-web@*
189 silly packumentCache full:https://registry.npmjs.org/react-native-web cache-miss
190 http fetch GET 200 https://registry.npmjs.org/react-native-web 126ms (cache miss)
191 silly packumentCache full:https://registry.npmjs.org/react-native-web set size:undefined disposed:false
192 silly fetch manifest react-server-dom-webpack@~19.0.4 || ~19.1.5 || ~19.2.4
193 silly packumentCache full:https://registry.npmjs.org/react-server-dom-webpack cache-miss
194 http fetch GET 200 https://registry.npmjs.org/react-server-dom-webpack 296ms (cache miss)
195 silly packumentCache full:https://registry.npmjs.org/react-server-dom-webpack set size:undefined disposed:false
196 silly fetch manifest webpack@^5.59.0
197 silly packumentCache full:https://registry.npmjs.org/webpack cache-miss
198 http fetch GET 200 https://registry.npmjs.org/webpack 205ms (cache miss)
199 silly packumentCache full:https://registry.npmjs.org/webpack set size:undefined disposed:false
200 silly placeDep node_modules/expo @expo/cli@54.0.24 CONFLICT for: expo@54.0.34 want: 54.0.24
201 silly placeDep ROOT @expo/config@12.0.13 OK for: expo@54.0.34 want: ~12.0.13
202 silly placeDep ROOT @expo/config-plugins@54.0.4 OK for: expo@54.0.34 want: ~54.0.4
203 silly placeDep ROOT @expo/fingerprint@0.15.5 OK for: expo@54.0.34 want: 0.15.5
204 silly placeDep ROOT @expo/metro@54.2.0 OK for: expo@54.0.34 want: ~54.2.0
205 silly placeDep ROOT @expo/metro-config@54.0.15 OK for: expo@54.0.34 want: 54.0.15
206 silly placeDep ROOT expo-asset@12.0.13 OK for: expo@54.0.34 want: ~12.0.13
207 silly placeDep ROOT expo-constants@18.0.13 OK for: expo@54.0.34 want: ~18.0.13
208 silly placeDep ROOT expo-file-system@19.0.22 OK for: expo@54.0.34 want: ~19.0.22
209 silly placeDep ROOT expo-modules-autolinking@3.0.25 OK for: expo@54.0.34 want: 3.0.25
210 silly placeDep ROOT expo-modules-core@3.0.30 OK for: expo@54.0.34 want: 3.0.30
211 silly fetch manifest ws@^8.12.1
212 silly packumentCache full:https://registry.npmjs.org/ws cache-miss
213 silly fetch manifest arg@^5.0.2
214 silly packumentCache full:https://registry.npmjs.org/arg cache-miss
215 silly fetch manifest ora@^3.4.0
216 silly packumentCache full:https://registry.npmjs.org/ora cache-miss
217 silly fetch manifest tar@^7.5.2
218 silly packumentCache full:https://registry.npmjs.org/tar cache-miss
219 silly fetch manifest glob@^13.0.0
220 silly packumentCache full:https://registry.npmjs.org/glob cache-miss
221 silly fetch manifest chalk@^4.0.0
222 silly packumentCache full:https://registry.npmjs.org/chalk cache-miss
223 silly fetch manifest getenv@^2.0.0
224 silly packumentCache full:https://registry.npmjs.org/getenv cache-miss
225 http fetch GET 200 https://registry.npmjs.org/ora 92ms (cache miss)
226 silly packumentCache full:https://registry.npmjs.org/ora set size:undefined disposed:false
227 silly fetch manifest undici@^6.18.2
228 silly packumentCache full:https://registry.npmjs.org/undici cache-miss
229 http fetch GET 200 https://registry.npmjs.org/getenv 104ms (cache miss)
230 silly packumentCache full:https://registry.npmjs.org/getenv set size:undefined disposed:false
231 silly fetch manifest ci-info@^3.3.0
232 silly packumentCache full:https://registry.npmjs.org/ci-info cache-miss
233 http fetch GET 200 https://registry.npmjs.org/chalk 113ms (cache miss)
234 silly packumentCache full:https://registry.npmjs.org/chalk set size:undefined disposed:false
235 silly fetch manifest prompts@^2.3.2
236 silly packumentCache full:https://registry.npmjs.org/prompts cache-miss
237 http fetch GET 200 https://registry.npmjs.org/arg 132ms (cache miss)
238 silly packumentCache full:https://registry.npmjs.org/arg set size:undefined disposed:false
239 silly fetch manifest slugify@^1.3.4
240 silly packumentCache full:https://registry.npmjs.org/slugify cache-miss
241 http fetch GET 200 https://registry.npmjs.org/ws 144ms (cache miss)
242 silly packumentCache full:https://registry.npmjs.org/ws set size:undefined disposed:false
243 silly fetch manifest progress@^2.0.3
244 silly packumentCache full:https://registry.npmjs.org/progress cache-miss
245 http fetch GET 200 https://registry.npmjs.org/glob 237ms (cache miss)
246 silly packumentCache full:https://registry.npmjs.org/glob set size:undefined disposed:false
247 silly fetch manifest requireg@^0.2.2
248 silly packumentCache full:https://registry.npmjs.org/requireg cache-miss
249 http fetch GET 200 https://registry.npmjs.org/tar 273ms (cache miss)
250 silly packumentCache full:https://registry.npmjs.org/tar set size:undefined disposed:false
251 silly fetch manifest @expo/env@~2.0.8
252 silly packumentCache full:https://registry.npmjs.org/@expo%2fenv cache-miss
253 http fetch GET 200 https://registry.npmjs.org/ci-info 189ms (cache miss)
254 silly packumentCache full:https://registry.npmjs.org/ci-info set size:undefined disposed:false
255 silly fetch manifest minimatch@^9.0.0
256 silly packumentCache full:https://registry.npmjs.org/minimatch cache-miss
257 http fetch GET 200 https://registry.npmjs.org/progress 153ms (cache miss)
258 silly packumentCache full:https://registry.npmjs.org/progress set size:undefined disposed:false
259 silly fetch manifest picomatch@^4.0.3
260 silly packumentCache full:https://registry.npmjs.org/picomatch cache-miss
261 http fetch GET 200 https://registry.npmjs.org/prompts 190ms (cache miss)
262 silly packumentCache full:https://registry.npmjs.org/prompts set size:undefined disposed:false
263 silly fetch manifest @urql/core@^5.0.6
264 silly packumentCache full:https://registry.npmjs.org/@urql%2fcore cache-miss
265 http fetch GET 200 https://registry.npmjs.org/slugify 187ms (cache miss)
266 silly packumentCache full:https://registry.npmjs.org/slugify set size:undefined disposed:false
267 silly fetch manifest better-opn@~3.0.2
268 silly packumentCache full:https://registry.npmjs.org/better-opn cache-miss
269 http fetch GET 200 https://registry.npmjs.org/minimatch 93ms (cache miss)
270 silly packumentCache full:https://registry.npmjs.org/minimatch set size:undefined disposed:false
271 silly fetch manifest env-editor@^0.4.1
272 silly packumentCache full:https://registry.npmjs.org/env-editor cache-miss
273 http fetch GET 200 https://registry.npmjs.org/undici 311ms (cache miss)
274 silly packumentCache full:https://registry.npmjs.org/undici set size:undefined disposed:false
275 silly fetch manifest node-forge@^1.3.3
276 silly packumentCache full:https://registry.npmjs.org/node-forge cache-miss
277 http fetch GET 200 https://registry.npmjs.org/better-opn 141ms (cache miss)
278 silly packumentCache full:https://registry.npmjs.org/better-opn set size:undefined disposed:false
279 silly fetch manifest @expo/plist@^0.4.8
280 silly packumentCache full:https://registry.npmjs.org/@expo%2fplist cache-miss
281 http fetch GET 200 https://registry.npmjs.org/picomatch 165ms (cache miss)
282 silly packumentCache full:https://registry.npmjs.org/picomatch set size:undefined disposed:false
283 silly fetch manifest compression@^1.7.4
284 silly packumentCache full:https://registry.npmjs.org/compression cache-miss
285 http fetch GET 200 https://registry.npmjs.org/@expo%2fenv 226ms (cache miss)
286 silly packumentCache full:https://registry.npmjs.org/@expo%2fenv set size:undefined disposed:false
287 silly fetch manifest expo-server@^1.0.6
288 silly packumentCache full:https://registry.npmjs.org/expo-server cache-miss
289 http fetch GET 200 https://registry.npmjs.org/env-editor 152ms (cache miss)
290 silly packumentCache full:https://registry.npmjs.org/env-editor set size:undefined disposed:false
291 silly fetch manifest lan-network@^0.2.1
292 silly packumentCache full:https://registry.npmjs.org/lan-network cache-miss
293 http fetch GET 200 https://registry.npmjs.org/@urql%2fcore 247ms (cache miss)
294 silly packumentCache full:https://registry.npmjs.org/@urql%2fcore set size:undefined disposed:false
295 silly fetch manifest pretty-bytes@^5.6.0
296 silly packumentCache full:https://registry.npmjs.org/pretty-bytes cache-miss
297 http fetch GET 200 https://registry.npmjs.org/node-forge 197ms (cache miss)
298 silly packumentCache full:https://registry.npmjs.org/node-forge set size:undefined disposed:false
299 silly fetch manifest @expo/devcert@^1.2.1
300 silly packumentCache full:https://registry.npmjs.org/@expo%2fdevcert cache-miss
301 http fetch GET 200 https://registry.npmjs.org/lan-network 153ms (cache miss)
302 silly packumentCache full:https://registry.npmjs.org/lan-network set size:undefined disposed:false
303 silly fetch manifest bplist-parser@^0.3.1
304 silly packumentCache full:https://registry.npmjs.org/bplist-parser cache-miss
305 http fetch GET 200 https://registry.npmjs.org/expo-server 185ms (cache miss)
306 silly packumentCache full:https://registry.npmjs.org/expo-server set size:undefined disposed:false
307 silly fetch manifest terminal-link@^2.1.1
308 silly packumentCache full:https://registry.npmjs.org/terminal-link cache-miss
309 http fetch GET 200 https://registry.npmjs.org/pretty-bytes 135ms (cache miss)
310 silly packumentCache full:https://registry.npmjs.org/pretty-bytes set size:undefined disposed:false
311 silly fetch manifest @expo/xcpretty@^4.3.0
312 silly packumentCache full:https://registry.npmjs.org/@expo%2fxcpretty cache-miss
313 http fetch GET 200 https://registry.npmjs.org/@expo%2fplist 284ms (cache miss)
314 silly packumentCache full:https://registry.npmjs.org/@expo%2fplist set size:undefined disposed:false
315 silly fetch manifest bplist-creator@0.1.0
316 silly packumentCache full:https://registry.npmjs.org/bplist-creator cache-miss
317 http fetch GET 200 https://registry.npmjs.org/compression 302ms (cache miss)
318 silly packumentCache full:https://registry.npmjs.org/compression set size:undefined disposed:false
319 silly fetch manifest freeport-async@^2.0.0
320 silly packumentCache full:https://registry.npmjs.org/freeport-async cache-miss
321 http fetch GET 200 https://registry.npmjs.org/bplist-parser 82ms (cache miss)
322 silly packumentCache full:https://registry.npmjs.org/bplist-parser set size:undefined disposed:false
323 silly fetch manifest @expo/json-file@^10.0.8
324 silly packumentCache full:https://registry.npmjs.org/@expo%2fjson-file cache-miss
325 http fetch GET 200 https://registry.npmjs.org/terminal-link 73ms (cache miss)
326 silly packumentCache full:https://registry.npmjs.org/terminal-link set size:undefined disposed:false
327 silly fetch manifest @expo/osascript@^2.3.8
328 silly packumentCache full:https://registry.npmjs.org/@expo%2fosascript cache-miss
329 http fetch GET 200 https://registry.npmjs.org/bplist-creator 65ms (cache miss)
330 silly packumentCache full:https://registry.npmjs.org/bplist-creator set size:undefined disposed:false
331 silly fetch manifest @expo/ws-tunnel@^1.0.1
332 silly packumentCache full:https://registry.npmjs.org/@expo%2fws-tunnel cache-miss
333 http fetch GET 200 https://registry.npmjs.org/requireg 598ms (cache miss)
334 silly packumentCache full:https://registry.npmjs.org/requireg set size:undefined disposed:false
335 silly fetch manifest npm-package-arg@^11.0.0
336 silly packumentCache full:https://registry.npmjs.org/npm-package-arg cache-miss
337 http fetch GET 200 https://registry.npmjs.org/@expo%2fosascript 84ms (cache miss)
338 silly packumentCache full:https://registry.npmjs.org/@expo%2fosascript set size:undefined disposed:false
339 silly fetch manifest qrcode-terminal@0.11.0
340 silly packumentCache full:https://registry.npmjs.org/qrcode-terminal cache-miss
341 http fetch GET 200 https://registry.npmjs.org/npm-package-arg 67ms (cache miss)
342 silly packumentCache full:https://registry.npmjs.org/npm-package-arg set size:undefined disposed:false
343 silly fetch manifest resolve.exports@^2.0.3
344 silly packumentCache full:https://registry.npmjs.org/resolve.exports cache-miss
345 http fetch GET 200 https://registry.npmjs.org/@expo%2fdevcert 276ms (cache miss)
346 silly packumentCache full:https://registry.npmjs.org/@expo%2fdevcert set size:undefined disposed:false
347 silly fetch manifest @expo/image-utils@^0.8.8
348 silly packumentCache full:https://registry.npmjs.org/@expo%2fimage-utils cache-miss
349 http fetch GET 200 https://registry.npmjs.org/qrcode-terminal 63ms (cache miss)
350 silly packumentCache full:https://registry.npmjs.org/qrcode-terminal set size:undefined disposed:false
351 silly fetch manifest @expo/spawn-async@^1.7.2
352 silly packumentCache full:https://registry.npmjs.org/@expo%2fspawn-async cache-miss
353 http fetch GET 200 https://registry.npmjs.org/resolve.exports 61ms (cache miss)
354 silly packumentCache full:https://registry.npmjs.org/resolve.exports set size:undefined disposed:false
355 silly fetch manifest @expo/metro-config@~54.0.15
356 silly packumentCache full:https://registry.npmjs.org/@expo%2fmetro-config cache-miss
357 http fetch GET 200 https://registry.npmjs.org/@expo%2fxcpretty 262ms (cache miss)
358 silly packumentCache full:https://registry.npmjs.org/@expo%2fxcpretty set size:undefined disposed:false
359 silly fetch manifest @expo/schema-utils@^0.1.8
360 silly packumentCache full:https://registry.npmjs.org/@expo%2fschema-utils cache-miss
361 http cache https://registry.npmjs.org/@expo%2fmetro-config 52ms (cache hit)
362 silly packumentCache full:https://registry.npmjs.org/@expo%2fmetro-config set size:1445927 disposed:false
363 silly fetch manifest structured-headers@^0.4.1
364 silly packumentCache full:https://registry.npmjs.org/structured-headers cache-miss
365 http fetch GET 200 https://registry.npmjs.org/freeport-async 317ms (cache miss)
366 silly packumentCache full:https://registry.npmjs.org/freeport-async set size:undefined disposed:false
367 silly fetch manifest @0no-co/graphql.web@^1.0.8
368 silly packumentCache full:https://registry.npmjs.org/@0no-co%2fgraphql.web cache-miss
369 http fetch GET 200 https://registry.npmjs.org/@expo%2fspawn-async 147ms (cache miss)
370 silly packumentCache full:https://registry.npmjs.org/@expo%2fspawn-async set size:undefined disposed:false
371 silly fetch manifest require-from-string@^2.0.2
372 silly packumentCache full:https://registry.npmjs.org/require-from-string cache-miss
373 http fetch GET 200 https://registry.npmjs.org/@expo%2fschema-utils 127ms (cache miss)
374 silly packumentCache full:https://registry.npmjs.org/@expo%2fschema-utils set size:undefined disposed:false
375 silly fetch manifest @urql/exchange-retry@^1.3.0
376 silly packumentCache full:https://registry.npmjs.org/@urql%2fexchange-retry cache-miss
377 http fetch GET 200 https://registry.npmjs.org/@expo%2fimage-utils 201ms (cache miss)
378 silly packumentCache full:https://registry.npmjs.org/@expo%2fimage-utils set size:undefined disposed:false
379 silly fetch manifest @expo/package-manager@^1.9.10
380 silly packumentCache full:https://registry.npmjs.org/@expo%2fpackage-manager cache-miss
381 http fetch GET 200 https://registry.npmjs.org/require-from-string 66ms (cache miss)
382 silly packumentCache full:https://registry.npmjs.org/require-from-string set size:undefined disposed:false
383 silly fetch manifest @expo/prebuild-config@^54.0.8
384 silly packumentCache full:https://registry.npmjs.org/@expo%2fprebuild-config cache-miss
385 http fetch GET 200 https://registry.npmjs.org/@expo%2fpackage-manager 85ms (cache miss)
386 silly packumentCache full:https://registry.npmjs.org/@expo%2fpackage-manager set size:undefined disposed:false
387 silly fetch manifest @expo/code-signing-certificates@^0.0.6
388 silly packumentCache full:https://registry.npmjs.org/@expo%2fcode-signing-certificates cache-miss
389 http fetch GET 200 https://registry.npmjs.org/@0no-co%2fgraphql.web 210ms (cache miss)
390 silly packumentCache full:https://registry.npmjs.org/@0no-co%2fgraphql.web set size:undefined disposed:false
391 silly fetch manifest sucrase@~3.35.1
392 silly packumentCache full:https://registry.npmjs.org/sucrase cache-miss
393 http fetch GET 200 https://registry.npmjs.org/@expo%2fprebuild-config 143ms (cache miss)
394 silly packumentCache full:https://registry.npmjs.org/@expo%2fprebuild-config set size:undefined disposed:false
395 silly fetch manifest deepmerge@^4.3.1
396 silly packumentCache full:https://registry.npmjs.org/deepmerge cache-miss
397 http fetch GET 200 https://registry.npmjs.org/structured-headers 292ms (cache miss)
398 silly packumentCache full:https://registry.npmjs.org/structured-headers set size:undefined disposed:false
399 silly fetch manifest @expo/json-file@^10.0.8
400 silly packumentCache full:https://registry.npmjs.org/@expo%2fjson-file cache-miss
401 http fetch GET 200 https://registry.npmjs.org/sucrase 76ms (cache miss)
402 silly packumentCache full:https://registry.npmjs.org/sucrase set size:undefined disposed:false
403 silly fetch manifest @babel/code-frame@~7.10.4
404 silly packumentCache full:https://registry.npmjs.org/@babel%2fcode-frame cache-miss
405 http fetch GET 200 https://registry.npmjs.org/@urql%2fexchange-retry 271ms (cache miss)
406 silly packumentCache full:https://registry.npmjs.org/@urql%2fexchange-retry set size:undefined disposed:false
407 silly fetch manifest @expo/config-types@^54.0.10
408 silly packumentCache full:https://registry.npmjs.org/@expo%2fconfig-types cache-miss
409 http fetch GET 200 https://registry.npmjs.org/deepmerge 74ms (cache miss)
410 silly packumentCache full:https://registry.npmjs.org/deepmerge set size:undefined disposed:false
411 silly fetch manifest resolve-workspace-root@^2.0.0
412 silly packumentCache full:https://registry.npmjs.org/resolve-workspace-root cache-miss
413 http fetch GET 200 https://registry.npmjs.org/@expo%2fjson-file 687ms (cache miss)
414 silly packumentCache full:https://registry.npmjs.org/@expo%2fjson-file set size:undefined disposed:false
415 silly fetch manifest chalk@^4.1.2
416 silly packumentCache full:https://registry.npmjs.org/chalk cache-miss
417 http fetch GET 200 https://registry.npmjs.org/@expo%2fjson-file 223ms (cache miss)
418 silly packumentCache full:https://registry.npmjs.org/@expo%2fjson-file set size:undefined disposed:false
419 silly fetch manifest xcode@^3.0.1
420 silly packumentCache full:https://registry.npmjs.org/xcode cache-miss
421 http cache https://registry.npmjs.org/chalk 149ms (cache hit)
422 silly packumentCache full:https://registry.npmjs.org/chalk set size:117861 disposed:false
423 silly fetch manifest xml2js@0.6.0
424 silly packumentCache full:https://registry.npmjs.org/xml2js cache-miss
425 http fetch GET 200 https://registry.npmjs.org/@expo%2fcode-signing-certificates 392ms (cache miss)
426 silly packumentCache full:https://registry.npmjs.org/@expo%2fcode-signing-certificates set size:undefined disposed:false
427 silly fetch manifest slugify@^1.6.6
428 silly packumentCache full:https://registry.npmjs.org/slugify cache-miss
429 http fetch GET 200 https://registry.npmjs.org/@babel%2fcode-frame 260ms (cache miss)
430 silly packumentCache full:https://registry.npmjs.org/@babel%2fcode-frame set size:undefined disposed:false
431 silly fetch manifest @expo/json-file@~10.0.8
432 silly packumentCache full:https://registry.npmjs.org/@expo%2fjson-file cache-miss
433 http fetch GET 200 https://registry.npmjs.org/@expo%2fws-tunnel 853ms (cache miss)
434 silly packumentCache full:https://registry.npmjs.org/@expo%2fws-tunnel set size:undefined disposed:false
435 silly fetch manifest @expo/config-types@^54.0.10
436 silly packumentCache full:https://registry.npmjs.org/@expo%2fconfig-types cache-miss
437 http cache https://registry.npmjs.org/slugify 41ms (cache hit)
438 silly packumentCache full:https://registry.npmjs.org/slugify set size:103522 disposed:false
439 silly fetch manifest @expo/sdk-runtime-versions@^1.0.0
440 silly packumentCache full:https://registry.npmjs.org/@expo%2fsdk-runtime-versions cache-miss
441 http fetch GET 200 https://registry.npmjs.org/resolve-workspace-root 284ms (cache miss)
442 silly packumentCache full:https://registry.npmjs.org/resolve-workspace-root set size:undefined disposed:false
443 silly fetch manifest ignore@^5.3.1
444 silly packumentCache full:https://registry.npmjs.org/ignore cache-miss
445 http cache https://registry.npmjs.org/@expo%2fjson-file 49ms (cache hit)
446 silly packumentCache full:https://registry.npmjs.org/@expo%2fjson-file set size:722018 disposed:false
447 silly fetch manifest p-limit@^3.1.0
448 silly packumentCache full:https://registry.npmjs.org/p-limit cache-miss
449 http fetch GET 200 https://registry.npmjs.org/@expo%2fconfig-types 338ms (cache miss)
450 silly packumentCache full:https://registry.npmjs.org/@expo%2fconfig-types set size:undefined disposed:false
451 silly fetch manifest minimatch@^10.2.2
452 silly packumentCache full:https://registry.npmjs.org/minimatch cache-miss
453 http fetch GET 200 https://registry.npmjs.org/xml2js 149ms (cache miss)
454 silly packumentCache full:https://registry.npmjs.org/xml2js set size:undefined disposed:false
455 silly fetch manifest chalk@^4.1.0
456 silly packumentCache full:https://registry.npmjs.org/chalk cache-hit
457 silly fetch manifest dotenv@~16.4.5
458 silly packumentCache full:https://registry.npmjs.org/dotenv cache-miss
459 http cache https://registry.npmjs.org/minimatch 60ms (cache hit)
460 silly packumentCache full:https://registry.npmjs.org/minimatch set size:375282 disposed:false
461 silly fetch manifest postcss@~8.4.32
462 silly packumentCache full:https://registry.npmjs.org/postcss cache-miss
463 http fetch GET 200 https://registry.npmjs.org/@expo%2fsdk-runtime-versions 153ms (cache miss)
464 silly packumentCache full:https://registry.npmjs.org/@expo%2fsdk-runtime-versions set size:undefined disposed:false
465 silly fetch manifest lightningcss@^1.30.1
466 silly packumentCache full:https://registry.npmjs.org/lightningcss cache-miss
467 http fetch GET 200 https://registry.npmjs.org/p-limit 146ms (cache miss)
468 silly packumentCache full:https://registry.npmjs.org/p-limit set size:undefined disposed:false
469 silly fetch manifest dotenv-expand@~11.0.6
470 silly packumentCache full:https://registry.npmjs.org/dotenv-expand cache-miss
471 http fetch GET 200 https://registry.npmjs.org/ignore 179ms (cache miss)
472 silly packumentCache full:https://registry.npmjs.org/ignore set size:undefined disposed:false
473 silly fetch manifest hermes-parser@^0.29.1
474 silly packumentCache full:https://registry.npmjs.org/hermes-parser cache-miss
475 http fetch GET 200 https://registry.npmjs.org/@expo%2fconfig-types 254ms (cache miss)
476 silly packumentCache full:https://registry.npmjs.org/@expo%2fconfig-types set size:undefined disposed:false
477 silly fetch manifest @babel/code-frame@^7.20.0
478 silly packumentCache full:https://registry.npmjs.org/@babel%2fcode-frame cache-miss
479 http fetch GET 200 https://registry.npmjs.org/dotenv 158ms (cache miss)
480 silly packumentCache full:https://registry.npmjs.org/dotenv set size:undefined disposed:false
481 silly fetch manifest commander@^7.2.0
482 silly packumentCache full:https://registry.npmjs.org/commander cache-miss
483 http fetch GET 200 https://registry.npmjs.org/dotenv-expand 114ms (cache miss)
484 silly packumentCache full:https://registry.npmjs.org/dotenv-expand set size:undefined disposed:false
485 http fetch GET 200 https://registry.npmjs.org/lightningcss 156ms (cache miss)
486 silly packumentCache full:https://registry.npmjs.org/lightningcss set size:undefined disposed:false
487 http cache https://registry.npmjs.org/@babel%2fcode-frame 74ms (cache hit)
488 silly packumentCache full:https://registry.npmjs.org/@babel%2fcode-frame set size:198217 disposed:false
489 http fetch GET 200 https://registry.npmjs.org/hermes-parser 135ms (cache miss)
490 silly packumentCache full:https://registry.npmjs.org/hermes-parser set size:undefined disposed:false
491 http fetch GET 200 https://registry.npmjs.org/postcss 211ms (cache miss)
492 silly packumentCache full:https://registry.npmjs.org/postcss set size:undefined disposed:false
493 http fetch GET 200 https://registry.npmjs.org/commander 118ms (cache miss)
494 silly packumentCache full:https://registry.npmjs.org/commander set size:undefined disposed:false
495 http fetch GET 200 https://registry.npmjs.org/xcode 535ms (cache miss)
496 silly packumentCache full:https://registry.npmjs.org/xcode set size:undefined disposed:false
497 silly placeDep ROOT @babel/code-frame@7.10.4 OK for: @expo/config@12.0.13 want: ~7.10.4
498 silly placeDep ROOT @expo/config-types@54.0.10 OK for: @expo/config@12.0.13 want: ^54.0.10
499 silly placeDep ROOT @expo/json-file@10.0.13 OK for: @expo/config@12.0.13 want: ^10.0.8
500 silly placeDep ROOT deepmerge@4.3.1 OK for: @expo/config@12.0.13 want: ^4.3.1
501 silly placeDep ROOT getenv@2.0.0 OK for: @expo/config@12.0.13 want: ^2.0.0
502 silly placeDep ROOT glob@13.0.6 OK for: @expo/config@12.0.13 want: ^13.0.0
503 silly placeDep ROOT require-from-string@2.0.2 OK for: @expo/config@12.0.13 want: ^2.0.2
504 silly placeDep ROOT resolve-workspace-root@2.0.1 OK for: @expo/config@12.0.13 want: ^2.0.0
505 silly placeDep ROOT slugify@1.6.9 OK for: @expo/config@12.0.13 want: ^1.3.4
506 silly placeDep ROOT sucrase@3.35.1 OK for: @expo/config@12.0.13 want: ~3.35.1
507 silly fetch manifest @babel/highlight@^7.10.4
508 silly packumentCache full:https://registry.npmjs.org/@babel%2fhighlight cache-miss
509 silly fetch manifest minipass@^7.1.3
510 silly packumentCache full:https://registry.npmjs.org/minipass cache-miss
511 silly fetch manifest path-scurry@^2.0.2
512 silly packumentCache full:https://registry.npmjs.org/path-scurry cache-miss
513 silly fetch manifest commander@^4.0.0
514 silly packumentCache full:https://registry.npmjs.org/commander cache-miss
515 silly fetch manifest lines-and-columns@^1.1.6
516 silly packumentCache full:https://registry.npmjs.org/lines-and-columns cache-miss
517 silly fetch manifest mz@^2.7.0
518 silly packumentCache full:https://registry.npmjs.org/mz cache-miss
519 silly fetch manifest ts-interface-checker@^0.1.9
520 silly packumentCache full:https://registry.npmjs.org/ts-interface-checker cache-miss
521 http cache https://registry.npmjs.org/commander 30ms (cache hit)
522 silly packumentCache full:https://registry.npmjs.org/commander set size:306301 disposed:false
523 http fetch GET 200 https://registry.npmjs.org/mz 89ms (cache miss)
524 silly packumentCache full:https://registry.npmjs.org/mz set size:undefined disposed:false
525 http fetch GET 200 https://registry.npmjs.org/ts-interface-checker 91ms (cache miss)
526 silly packumentCache full:https://registry.npmjs.org/ts-interface-checker set size:undefined disposed:false
527 http fetch GET 200 https://registry.npmjs.org/lines-and-columns 101ms (cache miss)
528 silly packumentCache full:https://registry.npmjs.org/lines-and-columns set size:undefined disposed:false
529 http fetch GET 200 https://registry.npmjs.org/path-scurry 113ms (cache miss)
530 silly packumentCache full:https://registry.npmjs.org/path-scurry set size:undefined disposed:false
531 http fetch GET 200 https://registry.npmjs.org/@babel%2fhighlight 126ms (cache miss)
532 silly packumentCache full:https://registry.npmjs.org/@babel%2fhighlight set size:undefined disposed:false
533 http fetch GET 200 https://registry.npmjs.org/minipass 128ms (cache miss)
534 silly packumentCache full:https://registry.npmjs.org/minipass set size:undefined disposed:false
535 silly placeDep ROOT @babel/highlight@7.25.9 OK for: @babel/code-frame@7.10.4 want: ^7.10.4
536 silly fetch manifest chalk@^2.4.2
537 silly packumentCache full:https://registry.npmjs.org/chalk cache-hit
538 silly placeDep ROOT chalk@2.4.2 OK for: @babel/highlight@7.25.9 want: ^2.4.2
539 silly fetch manifest ansi-styles@^3.2.1
540 silly packumentCache full:https://registry.npmjs.org/ansi-styles cache-miss
541 silly fetch manifest supports-color@^5.3.0
542 silly packumentCache full:https://registry.npmjs.org/supports-color cache-miss
543 silly fetch manifest escape-string-regexp@^1.0.5
544 silly packumentCache full:https://registry.npmjs.org/escape-string-regexp cache-miss
545 http fetch GET 200 https://registry.npmjs.org/ansi-styles 74ms (cache miss)
546 silly packumentCache full:https://registry.npmjs.org/ansi-styles set size:undefined disposed:false
547 http fetch GET 200 https://registry.npmjs.org/escape-string-regexp 75ms (cache miss)
548 silly packumentCache full:https://registry.npmjs.org/escape-string-regexp set size:undefined disposed:false
549 http fetch GET 200 https://registry.npmjs.org/supports-color 83ms (cache miss)
550 silly packumentCache full:https://registry.npmjs.org/supports-color set size:undefined disposed:false
551 silly placeDep ROOT @expo/plist@0.4.8 OK for: @expo/config-plugins@54.0.4 want: ^0.4.8
552 silly placeDep ROOT @expo/sdk-runtime-versions@1.0.0 OK for: @expo/config-plugins@54.0.4 want: ^1.0.0
553 silly placeDep node_modules/@expo/config-plugins chalk@4.1.2 OK for: @expo/config-plugins@54.0.4 want: ^4.1.2
554 silly placeDep ROOT xcode@3.0.1 OK for: @expo/config-plugins@54.0.4 want: ^3.0.1
555 silly placeDep ROOT xml2js@0.6.0 OK for: @expo/config-plugins@54.0.4 want: 0.6.0
556 silly fetch manifest xmlbuilder@^15.1.1
557 silly packumentCache full:https://registry.npmjs.org/xmlbuilder cache-miss
558 silly fetch manifest @xmldom/xmldom@^0.8.8
559 silly packumentCache full:https://registry.npmjs.org/@xmldom%2fxmldom cache-miss
560 silly fetch manifest ansi-styles@^4.1.0
561 silly packumentCache full:https://registry.npmjs.org/ansi-styles cache-miss
562 silly fetch manifest supports-color@^7.1.0
563 silly packumentCache full:https://registry.npmjs.org/supports-color cache-miss
564 silly fetch manifest uuid@^7.0.3
565 silly packumentCache full:https://registry.npmjs.org/uuid cache-miss
566 silly fetch manifest simple-plist@^1.1.0
567 silly packumentCache full:https://registry.npmjs.org/simple-plist cache-miss
568 silly fetch manifest sax@>=0.6.0
569 silly packumentCache full:https://registry.npmjs.org/sax cache-miss
570 http cache https://registry.npmjs.org/supports-color 34ms (cache hit)
571 silly packumentCache full:https://registry.npmjs.org/supports-color set size:118680 disposed:false
572 silly fetch manifest xmlbuilder@~11.0.0
573 silly packumentCache full:https://registry.npmjs.org/xmlbuilder cache-miss
574 http cache https://registry.npmjs.org/ansi-styles 44ms (cache hit)
575 silly packumentCache full:https://registry.npmjs.org/ansi-styles set size:63233 disposed:false
576 http fetch GET 200 https://registry.npmjs.org/xmlbuilder 94ms (cache miss)
577 silly packumentCache full:https://registry.npmjs.org/xmlbuilder set size:undefined disposed:false
578 http fetch GET 200 https://registry.npmjs.org/sax 100ms (cache miss)
579 silly packumentCache full:https://registry.npmjs.org/sax set size:undefined disposed:false
580 http fetch GET 200 https://registry.npmjs.org/@xmldom%2fxmldom 116ms (cache miss)
581 silly packumentCache full:https://registry.npmjs.org/@xmldom%2fxmldom set size:undefined disposed:false
582 http fetch GET 200 https://registry.npmjs.org/uuid 119ms (cache miss)
583 silly packumentCache full:https://registry.npmjs.org/uuid set size:undefined disposed:false
584 http fetch GET 200 https://registry.npmjs.org/xmlbuilder 96ms (cache miss)
585 silly packumentCache full:https://registry.npmjs.org/xmlbuilder set size:undefined disposed:false
586 http fetch GET 200 https://registry.npmjs.org/simple-plist 292ms (cache miss)
587 silly packumentCache full:https://registry.npmjs.org/simple-plist set size:undefined disposed:false
588 silly placeDep ROOT @expo/spawn-async@1.7.2 OK for: @expo/fingerprint@0.15.5 want: ^1.7.2
589 silly placeDep ROOT arg@5.0.2 OK for: @expo/fingerprint@0.15.5 want: ^5.0.2
590 silly placeDep node_modules/@expo/fingerprint chalk@4.1.2 OK for: @expo/fingerprint@0.15.5 want: ^4.1.2
591 silly placeDep ROOT ignore@5.3.2 OK for: @expo/fingerprint@0.15.5 want: ^5.3.1
592 silly placeDep ROOT minimatch@10.2.5 OK for: @expo/fingerprint@0.15.5 want: ^10.2.2
593 silly placeDep ROOT p-limit@3.1.0 OK for: @expo/fingerprint@0.15.5 want: ^3.1.0
594 silly fetch manifest cross-spawn@^7.0.3
595 silly packumentCache full:https://registry.npmjs.org/cross-spawn cache-miss
596 silly fetch manifest brace-expansion@^5.0.5
597 silly packumentCache full:https://registry.npmjs.org/brace-expansion cache-miss
598 silly fetch manifest yocto-queue@^0.1.0
599 silly packumentCache full:https://registry.npmjs.org/yocto-queue cache-miss
600 http fetch GET 200 https://registry.npmjs.org/yocto-queue 70ms (cache miss)
601 silly packumentCache full:https://registry.npmjs.org/yocto-queue set size:undefined disposed:false
602 http fetch GET 200 https://registry.npmjs.org/brace-expansion 76ms (cache miss)
603 silly packumentCache full:https://registry.npmjs.org/brace-expansion set size:undefined disposed:false
604 http fetch GET 200 https://registry.npmjs.org/cross-spawn 85ms (cache miss)
605 silly packumentCache full:https://registry.npmjs.org/cross-spawn set size:undefined disposed:false
606 silly placeDep node_modules/@expo/json-file @babel/code-frame@7.29.0 OK for: @expo/json-file@10.0.13 want: ^7.20.0
607 silly placeDep node_modules/@expo/metro-config @babel/code-frame@7.29.0 OK for: @expo/metro-config@54.0.15 want: ^7.20.0
608 silly placeDep ROOT @expo/env@2.0.11 OK for: @expo/metro-config@54.0.15 want: ~2.0.8
609 silly placeDep node_modules/@expo/metro-config chalk@4.1.2 OK for: @expo/metro-config@54.0.15 want: ^4.1.0
610 silly placeDep ROOT dotenv@16.4.7 OK for: @expo/metro-config@54.0.15 want: ~16.4.5
611 silly placeDep ROOT dotenv-expand@11.0.7 OK for: @expo/metro-config@54.0.15 want: ~11.0.6
612 silly placeDep node_modules/@expo/metro-config hermes-parser@0.29.1 OK for: @expo/metro-config@54.0.15 want: ^0.29.1
613 silly placeDep ROOT lightningcss@1.32.0 OK for: @expo/metro-config@54.0.15 want: ^1.30.1
614 silly placeDep node_modules/@expo/metro-config picomatch@4.0.4 OK for: @expo/metro-config@54.0.15 want: ^4.0.3
615 silly placeDep ROOT postcss@8.4.49 OK for: @expo/metro-config@54.0.15 want: ~8.4.32
616 silly fetch manifest hermes-estree@0.29.1
617 silly packumentCache full:https://registry.npmjs.org/hermes-estree cache-miss
618 silly fetch manifest detect-libc@^2.0.3
619 silly packumentCache full:https://registry.npmjs.org/detect-libc cache-miss
620 silly fetch manifest lightningcss-darwin-x64@1.32.0
621 silly packumentCache full:https://registry.npmjs.org/lightningcss-darwin-x64 cache-miss
622 silly fetch manifest lightningcss-linux-x64-gnu@1.32.0
623 silly packumentCache full:https://registry.npmjs.org/lightningcss-linux-x64-gnu cache-miss
624 silly fetch manifest lightningcss-win32-x64-msvc@1.32.0
625 silly packumentCache full:https://registry.npmjs.org/lightningcss-win32-x64-msvc cache-miss
626 silly fetch manifest lightningcss-win32-arm64-msvc@1.32.0
627 silly packumentCache full:https://registry.npmjs.org/lightningcss-win32-arm64-msvc cache-miss
628 silly fetch manifest lightningcss-darwin-arm64@1.32.0
629 silly packumentCache full:https://registry.npmjs.org/lightningcss-darwin-arm64 cache-miss
630 http fetch GET 200 https://registry.npmjs.org/hermes-estree 142ms (cache miss)
631 silly packumentCache full:https://registry.npmjs.org/hermes-estree set size:undefined disposed:false
632 silly fetch manifest lightningcss-linux-arm64-gnu@1.32.0
633 silly packumentCache full:https://registry.npmjs.org/lightningcss-linux-arm64-gnu cache-miss
634 http fetch GET 200 https://registry.npmjs.org/lightningcss-linux-x64-gnu 145ms (cache miss)
635 silly packumentCache full:https://registry.npmjs.org/lightningcss-linux-x64-gnu set size:undefined disposed:false
636 silly fetch manifest lightningcss-linux-arm-gnueabihf@1.32.0
637 silly packumentCache full:https://registry.npmjs.org/lightningcss-linux-arm-gnueabihf cache-miss
638 http fetch GET 200 https://registry.npmjs.org/lightningcss-win32-arm64-msvc 149ms (cache miss)
639 silly packumentCache full:https://registry.npmjs.org/lightningcss-win32-arm64-msvc set size:undefined disposed:false
640 silly fetch manifest lightningcss-linux-arm64-musl@1.32.0
641 silly packumentCache full:https://registry.npmjs.org/lightningcss-linux-arm64-musl cache-miss
642 http fetch GET 200 https://registry.npmjs.org/lightningcss-win32-x64-msvc 154ms (cache miss)
643 silly packumentCache full:https://registry.npmjs.org/lightningcss-win32-x64-msvc set size:undefined disposed:false
644 silly fetch manifest lightningcss-linux-x64-musl@1.32.0
645 silly packumentCache full:https://registry.npmjs.org/lightningcss-linux-x64-musl cache-miss
646 http fetch GET 200 https://registry.npmjs.org/detect-libc 165ms (cache miss)
647 silly packumentCache full:https://registry.npmjs.org/detect-libc set size:undefined disposed:false
648 silly fetch manifest lightningcss-freebsd-x64@1.32.0
649 silly packumentCache full:https://registry.npmjs.org/lightningcss-freebsd-x64 cache-miss
650 http fetch GET 200 https://registry.npmjs.org/lightningcss-darwin-x64 186ms (cache miss)
651 silly packumentCache full:https://registry.npmjs.org/lightningcss-darwin-x64 set size:undefined disposed:false
652 silly fetch manifest lightningcss-android-arm64@1.32.0
653 silly packumentCache full:https://registry.npmjs.org/lightningcss-android-arm64 cache-miss
654 http fetch GET 200 https://registry.npmjs.org/lightningcss-darwin-arm64 188ms (cache miss)
655 silly packumentCache full:https://registry.npmjs.org/lightningcss-darwin-arm64 set size:undefined disposed:false
656 silly fetch manifest source-map-js@^1.2.1
657 silly packumentCache full:https://registry.npmjs.org/source-map-js cache-miss
658 http fetch GET 200 https://registry.npmjs.org/lightningcss-android-arm64 76ms (cache miss)
659 silly packumentCache full:https://registry.npmjs.org/lightningcss-android-arm64 set size:undefined disposed:false
660 http fetch GET 200 https://registry.npmjs.org/lightningcss-linux-arm-gnueabihf 118ms (cache miss)
661 silly packumentCache full:https://registry.npmjs.org/lightningcss-linux-arm-gnueabihf set size:undefined disposed:false
662 http fetch GET 200 https://registry.npmjs.org/lightningcss-linux-x64-musl 114ms (cache miss)
663 silly packumentCache full:https://registry.npmjs.org/lightningcss-linux-x64-musl set size:undefined disposed:false
664 http fetch GET 200 https://registry.npmjs.org/lightningcss-linux-arm64-gnu 135ms (cache miss)
665 silly packumentCache full:https://registry.npmjs.org/lightningcss-linux-arm64-gnu set size:undefined disposed:false
666 http fetch GET 200 https://registry.npmjs.org/lightningcss-freebsd-x64 116ms (cache miss)
667 silly packumentCache full:https://registry.npmjs.org/lightningcss-freebsd-x64 set size:undefined disposed:false
668 http fetch GET 200 https://registry.npmjs.org/lightningcss-linux-arm64-musl 134ms (cache miss)
669 silly packumentCache full:https://registry.npmjs.org/lightningcss-linux-arm64-musl set size:undefined disposed:false
670 http fetch GET 200 https://registry.npmjs.org/source-map-js 97ms (cache miss)
671 silly packumentCache full:https://registry.npmjs.org/source-map-js set size:undefined disposed:false
672 silly placeDep node_modules/@expo/env chalk@4.1.2 OK for: @expo/env@2.0.11 want: ^4.0.0
673 silly placeDep ROOT @xmldom/xmldom@0.8.13 OK for: @expo/plist@0.4.8 want: ^0.8.8
674 silly placeDep ROOT xmlbuilder@15.1.1 OK for: @expo/plist@0.4.8 want: ^15.1.1
675 silly placeDep ROOT cross-spawn@7.0.6 OK for: @expo/spawn-async@1.7.2 want: ^7.0.3
676 silly fetch manifest which@^2.0.1
677 silly packumentCache full:https://registry.npmjs.org/which cache-miss
678 silly fetch manifest path-key@^3.1.0
679 silly packumentCache full:https://registry.npmjs.org/path-key cache-miss
680 silly fetch manifest shebang-command@^2.0.0
681 silly packumentCache full:https://registry.npmjs.org/shebang-command cache-miss
682 http fetch GET 200 https://registry.npmjs.org/which 61ms (cache miss)
683 silly packumentCache full:https://registry.npmjs.org/which set size:undefined disposed:false
684 http fetch GET 200 https://registry.npmjs.org/shebang-command 64ms (cache miss)
685 silly packumentCache full:https://registry.npmjs.org/shebang-command set size:undefined disposed:false
686 http fetch GET 200 https://registry.npmjs.org/path-key 71ms (cache miss)
687 silly packumentCache full:https://registry.npmjs.org/path-key set size:undefined disposed:false
688 silly placeDep ROOT ansi-styles@3.2.1 OK for: chalk@2.4.2 want: ^3.2.1
689 silly placeDep ROOT escape-string-regexp@1.0.5 OK for: chalk@2.4.2 want: ^1.0.5
690 silly placeDep ROOT supports-color@5.5.0 OK for: chalk@2.4.2 want: ^5.3.0
691 silly fetch manifest color-convert@^1.9.0
692 silly packumentCache full:https://registry.npmjs.org/color-convert cache-miss
693 silly fetch manifest has-flag@^3.0.0
694 silly packumentCache full:https://registry.npmjs.org/has-flag cache-miss
695 http fetch GET 200 https://registry.npmjs.org/has-flag 76ms (cache miss)
696 silly packumentCache full:https://registry.npmjs.org/has-flag set size:undefined disposed:false
697 http fetch GET 200 https://registry.npmjs.org/color-convert 81ms (cache miss)
698 silly packumentCache full:https://registry.npmjs.org/color-convert set size:undefined disposed:false
699 silly placeDep ROOT color-convert@1.9.3 OK for: ansi-styles@3.2.1 want: ^1.9.0
700 silly placeDep ROOT path-key@3.1.1 OK for: cross-spawn@7.0.6 want: ^3.1.0
701 silly placeDep ROOT shebang-command@2.0.0 OK for: cross-spawn@7.0.6 want: ^2.0.0
702 silly placeDep ROOT which@2.0.2 OK for: cross-spawn@7.0.6 want: ^2.0.1
703 silly fetch manifest shebang-regex@^3.0.0
704 silly packumentCache full:https://registry.npmjs.org/shebang-regex cache-miss
705 silly fetch manifest isexe@^2.0.0
706 silly packumentCache full:https://registry.npmjs.org/isexe cache-miss
707 http fetch GET 200 https://registry.npmjs.org/shebang-regex 66ms (cache miss)
708 silly packumentCache full:https://registry.npmjs.org/shebang-regex set size:undefined disposed:false
709 http fetch GET 200 https://registry.npmjs.org/isexe 69ms (cache miss)
710 silly packumentCache full:https://registry.npmjs.org/isexe set size:undefined disposed:false
711 silly placeDep ROOT @expo/image-utils@0.8.13 OK for: expo-asset@12.0.13 want: ^0.8.8
712 silly fetch manifest parse-png@^2.1.0
713 silly packumentCache full:https://registry.npmjs.org/parse-png cache-miss
714 silly fetch manifest jimp-compact@0.16.1
715 silly packumentCache full:https://registry.npmjs.org/jimp-compact cache-miss
716 silly fetch manifest @expo/require-utils@^55.0.4
717 silly packumentCache full:https://registry.npmjs.org/@expo%2frequire-utils cache-miss
718 http fetch GET 200 https://registry.npmjs.org/parse-png 50ms (cache miss)
719 silly packumentCache full:https://registry.npmjs.org/parse-png set size:undefined disposed:false
720 http fetch GET 200 https://registry.npmjs.org/jimp-compact 63ms (cache miss)
721 silly packumentCache full:https://registry.npmjs.org/jimp-compact set size:undefined disposed:false
722 http fetch GET 200 https://registry.npmjs.org/@expo%2frequire-utils 214ms (cache miss)
723 silly packumentCache full:https://registry.npmjs.org/@expo%2frequire-utils set size:undefined disposed:false
724 silly fetch manifest typescript@^5.0.0 || ^5.0.0-0
725 silly packumentCache full:https://registry.npmjs.org/typescript cache-miss
726 http fetch GET 200 https://registry.npmjs.org/typescript 450ms (cache miss)
727 silly packumentCache full:https://registry.npmjs.org/typescript set size:undefined disposed:false
728 silly placeDep ROOT @expo/require-utils@55.0.4 OK for: @expo/image-utils@0.8.13 want: ^55.0.4
729 silly placeDep node_modules/@expo/image-utils chalk@4.1.2 OK for: @expo/image-utils@0.8.13 want: ^4.0.0
730 silly placeDep ROOT jimp-compact@0.16.1 OK for: @expo/image-utils@0.8.13 want: 0.16.1
731 silly placeDep ROOT parse-png@2.1.0 OK for: @expo/image-utils@0.8.13 want: ^2.1.0
732 silly fetch manifest pngjs@^3.3.0
733 silly packumentCache full:https://registry.npmjs.org/pngjs cache-miss
734 http fetch GET 200 https://registry.npmjs.org/pngjs 53ms (cache miss)
735 silly packumentCache full:https://registry.npmjs.org/pngjs set size:undefined disposed:false
736 silly placeDep node_modules/@expo/require-utils @babel/code-frame@7.29.0 OK for: @expo/require-utils@55.0.4 want: ^7.20.0
737 silly placeDep node_modules/expo-modules-autolinking chalk@4.1.2 OK for: expo-modules-autolinking@3.0.25 want: ^4.1.0
738 silly placeDep ROOT commander@7.2.0 OK for: expo-modules-autolinking@3.0.25 want: ^7.2.0
739 silly placeDep ROOT minipass@7.1.3 OK for: glob@13.0.6 want: ^7.1.3
740 silly placeDep ROOT path-scurry@2.0.2 OK for: glob@13.0.6 want: ^2.0.2
741 silly fetch manifest lru-cache@^11.0.0
742 silly packumentCache full:https://registry.npmjs.org/lru-cache cache-miss
743 http fetch GET 200 https://registry.npmjs.org/lru-cache 75ms (cache miss)
744 silly packumentCache full:https://registry.npmjs.org/lru-cache set size:undefined disposed:false
745 silly placeDep ROOT detect-libc@2.1.2 OK for: lightningcss@1.32.0 want: ^2.0.3
746 silly placeDep ROOT lightningcss-android-arm64@1.32.0 OK for: lightningcss@1.32.0 want: 1.32.0
747 silly placeDep ROOT lightningcss-darwin-arm64@1.32.0 OK for: lightningcss@1.32.0 want: 1.32.0
748 silly placeDep ROOT lightningcss-darwin-x64@1.32.0 OK for: lightningcss@1.32.0 want: 1.32.0
749 silly placeDep ROOT lightningcss-freebsd-x64@1.32.0 OK for: lightningcss@1.32.0 want: 1.32.0
750 silly placeDep ROOT lightningcss-linux-arm-gnueabihf@1.32.0 OK for: lightningcss@1.32.0 want: 1.32.0
751 silly placeDep ROOT lightningcss-linux-arm64-gnu@1.32.0 OK for: lightningcss@1.32.0 want: 1.32.0
752 silly placeDep ROOT lightningcss-linux-arm64-musl@1.32.0 OK for: lightningcss@1.32.0 want: 1.32.0
753 silly placeDep ROOT lightningcss-linux-x64-gnu@1.32.0 OK for: lightningcss@1.32.0 want: 1.32.0
754 silly placeDep ROOT lightningcss-linux-x64-musl@1.32.0 OK for: lightningcss@1.32.0 want: 1.32.0
755 silly placeDep ROOT lightningcss-win32-arm64-msvc@1.32.0 OK for: lightningcss@1.32.0 want: 1.32.0
756 silly placeDep ROOT lightningcss-win32-x64-msvc@1.32.0 OK for: lightningcss@1.32.0 want: 1.32.0
757 silly placeDep ROOT brace-expansion@5.0.5 OK for: minimatch@10.2.5 want: ^5.0.5
758 silly fetch manifest balanced-match@^4.0.2
759 silly packumentCache full:https://registry.npmjs.org/balanced-match cache-miss
760 http fetch GET 200 https://registry.npmjs.org/balanced-match 63ms (cache miss)
761 silly packumentCache full:https://registry.npmjs.org/balanced-match set size:undefined disposed:false
762 silly placeDep node_modules/brace-expansion balanced-match@4.0.4 OK for: brace-expansion@5.0.5 want: ^4.0.2
763 silly placeDep ROOT yocto-queue@0.1.0 OK for: p-limit@3.1.0 want: ^0.1.0
764 silly placeDep ROOT pngjs@3.4.0 OK for: parse-png@2.1.0 want: ^3.3.0
765 silly placeDep node_modules/path-scurry lru-cache@11.3.6 OK for: path-scurry@2.0.2 want: ^11.0.0
766 silly placeDep ROOT source-map-js@1.2.1 OK for: postcss@8.4.49 want: ^1.2.1
767 silly placeDep ROOT shebang-regex@3.0.0 OK for: shebang-command@2.0.0 want: ^3.0.0
768 silly placeDep node_modules/sucrase commander@4.1.1 OK for: sucrase@3.35.1 want: ^4.0.0
769 silly placeDep ROOT lines-and-columns@1.2.4 OK for: sucrase@3.35.1 want: ^1.1.6
770 silly placeDep ROOT mz@2.7.0 OK for: sucrase@3.35.1 want: ^2.7.0
771 silly placeDep ROOT ts-interface-checker@0.1.13 OK for: sucrase@3.35.1 want: ^0.1.9
772 silly fetch manifest any-promise@^1.0.0
773 silly packumentCache full:https://registry.npmjs.org/any-promise cache-miss
774 silly fetch manifest thenify-all@^1.0.0
775 silly packumentCache full:https://registry.npmjs.org/thenify-all cache-miss
776 http fetch GET 200 https://registry.npmjs.org/any-promise 53ms (cache miss)
777 silly packumentCache full:https://registry.npmjs.org/any-promise set size:undefined disposed:false
778 http fetch GET 200 https://registry.npmjs.org/thenify-all 57ms (cache miss)
779 silly packumentCache full:https://registry.npmjs.org/thenify-all set size:undefined disposed:false
780 silly placeDep ROOT any-promise@1.3.0 OK for: mz@2.7.0 want: ^1.0.0
781 silly placeDep ROOT thenify-all@1.6.0 OK for: mz@2.7.0 want: ^1.0.0
782 silly fetch manifest thenify@>= 3.1.0 < 4
783 silly packumentCache full:https://registry.npmjs.org/thenify cache-miss
784 http fetch GET 200 https://registry.npmjs.org/thenify 46ms (cache miss)
785 silly packumentCache full:https://registry.npmjs.org/thenify set size:undefined disposed:false
786 silly placeDep ROOT has-flag@3.0.0 OK for: supports-color@5.5.0 want: ^3.0.0
787 silly placeDep ROOT thenify@3.3.1 OK for: thenify-all@1.6.0 want: >= 3.1.0 < 4
788 silly placeDep ROOT isexe@2.0.0 OK for: which@2.0.2 want: ^2.0.0
789 silly placeDep ROOT simple-plist@1.3.1 OK for: xcode@3.0.1 want: ^1.1.0
790 silly placeDep ROOT uuid@7.0.3 OK for: xcode@3.0.1 want: ^7.0.3
791 silly fetch manifest bplist-parser@0.3.1
792 silly packumentCache full:https://registry.npmjs.org/bplist-parser cache-miss
793 silly fetch manifest plist@^3.0.5
794 silly packumentCache full:https://registry.npmjs.org/plist cache-miss
795 http cache https://registry.npmjs.org/bplist-parser 15ms (cache hit)
796 silly packumentCache full:https://registry.npmjs.org/bplist-parser set size:21877 disposed:false
797 http fetch GET 200 https://registry.npmjs.org/plist 49ms (cache miss)
798 silly packumentCache full:https://registry.npmjs.org/plist set size:undefined disposed:false
799 silly placeDep ROOT bplist-creator@0.1.0 OK for: simple-plist@1.3.1 want: 0.1.0
800 silly placeDep ROOT bplist-parser@0.3.1 OK for: simple-plist@1.3.1 want: 0.3.1
801 silly placeDep ROOT plist@3.1.1 OK for: simple-plist@1.3.1 want: ^3.0.5
802 silly fetch manifest stream-buffers@2.2.x
803 silly packumentCache full:https://registry.npmjs.org/stream-buffers cache-miss
804 silly fetch manifest big-integer@1.6.x
805 silly packumentCache full:https://registry.npmjs.org/big-integer cache-miss
806 silly fetch manifest @xmldom/xmldom@^0.9.10
807 silly packumentCache full:https://registry.npmjs.org/@xmldom%2fxmldom cache-miss
808 http cache https://registry.npmjs.org/@xmldom%2fxmldom 16ms (cache hit)
809 silly packumentCache full:https://registry.npmjs.org/@xmldom%2fxmldom set size:166253 disposed:false
810 http fetch GET 200 https://registry.npmjs.org/stream-buffers 50ms (cache miss)
811 silly packumentCache full:https://registry.npmjs.org/stream-buffers set size:undefined disposed:false
812 http fetch GET 200 https://registry.npmjs.org/big-integer 58ms (cache miss)
813 silly packumentCache full:https://registry.npmjs.org/big-integer set size:undefined disposed:false
814 silly placeDep ROOT stream-buffers@2.2.0 OK for: bplist-creator@0.1.0 want: 2.2.x
815 silly placeDep ROOT big-integer@1.6.52 OK for: bplist-parser@0.3.1 want: 1.6.x
816 silly placeDep node_modules/plist @xmldom/xmldom@0.9.10 OK for: plist@3.1.1 want: ^0.9.10
817 silly placeDep ROOT sax@1.6.0 OK for: xml2js@0.6.0 want: >=0.6.0
818 silly placeDep node_modules/xml2js xmlbuilder@11.0.1 OK for: xml2js@0.6.0 want: ~11.0.0
819 silly placeDep node_modules/@expo/config-plugins ansi-styles@4.3.0 OK for: chalk@4.1.2 want: ^4.1.0
820 silly placeDep node_modules/@expo/config-plugins supports-color@7.2.0 OK for: chalk@4.1.2 want: ^7.1.0
821 silly fetch manifest color-convert@^2.0.1
822 silly packumentCache full:https://registry.npmjs.org/color-convert cache-miss
823 silly fetch manifest has-flag@^4.0.0
824 silly packumentCache full:https://registry.npmjs.org/has-flag cache-miss
825 http cache https://registry.npmjs.org/color-convert 15ms (cache hit)
826 silly packumentCache full:https://registry.npmjs.org/color-convert set size:72663 disposed:false
827 http cache https://registry.npmjs.org/has-flag 21ms (cache hit)
828 silly packumentCache full:https://registry.npmjs.org/has-flag set size:15180 disposed:false
829 silly placeDep node_modules/@expo/config-plugins color-convert@2.0.1 OK for: ansi-styles@4.3.0 want: ^2.0.1
830 silly fetch manifest color-name@~1.1.4
831 silly packumentCache full:https://registry.npmjs.org/color-name cache-miss
832 http fetch GET 200 https://registry.npmjs.org/color-name 88ms (cache miss)
833 silly packumentCache full:https://registry.npmjs.org/color-name set size:undefined disposed:false
834 silly placeDep node_modules/@expo/config-plugins color-name@1.1.4 OK for: color-convert@2.0.1 want: ~1.1.4
835 silly placeDep node_modules/@expo/config-plugins has-flag@4.0.0 OK for: supports-color@7.2.0 want: ^4.0.0
836 silly placeDep node_modules/@expo/env ansi-styles@4.3.0 OK for: chalk@4.1.2 want: ^4.1.0
837 silly placeDep node_modules/@expo/env supports-color@7.2.0 OK for: chalk@4.1.2 want: ^7.1.0
838 silly placeDep node_modules/@expo/env color-convert@2.0.1 OK for: ansi-styles@4.3.0 want: ^2.0.1
839 silly placeDep node_modules/@expo/env color-name@1.1.4 OK for: color-convert@2.0.1 want: ~1.1.4
840 silly placeDep node_modules/@expo/env has-flag@4.0.0 OK for: supports-color@7.2.0 want: ^4.0.0
841 silly placeDep node_modules/@expo/fingerprint ansi-styles@4.3.0 OK for: chalk@4.1.2 want: ^4.1.0
842 silly placeDep node_modules/@expo/fingerprint supports-color@7.2.0 OK for: chalk@4.1.2 want: ^7.1.0
843 silly placeDep node_modules/@expo/fingerprint color-convert@2.0.1 OK for: ansi-styles@4.3.0 want: ^2.0.1
844 silly placeDep node_modules/@expo/fingerprint color-name@1.1.4 OK for: color-convert@2.0.1 want: ~1.1.4
845 silly placeDep node_modules/@expo/fingerprint has-flag@4.0.0 OK for: supports-color@7.2.0 want: ^4.0.0
846 silly placeDep node_modules/@expo/image-utils ansi-styles@4.3.0 OK for: chalk@4.1.2 want: ^4.1.0
847 silly placeDep node_modules/@expo/image-utils supports-color@7.2.0 OK for: chalk@4.1.2 want: ^7.1.0
848 silly placeDep node_modules/@expo/image-utils color-convert@2.0.1 OK for: ansi-styles@4.3.0 want: ^2.0.1
849 silly placeDep node_modules/@expo/image-utils color-name@1.1.4 OK for: color-convert@2.0.1 want: ~1.1.4
850 silly placeDep node_modules/@expo/image-utils has-flag@4.0.0 OK for: supports-color@7.2.0 want: ^4.0.0
851 silly placeDep node_modules/@expo/metro-config ansi-styles@4.3.0 OK for: chalk@4.1.2 want: ^4.1.0
852 silly placeDep node_modules/@expo/metro-config supports-color@7.2.0 OK for: chalk@4.1.2 want: ^7.1.0
853 silly placeDep node_modules/@expo/metro-config color-convert@2.0.1 OK for: ansi-styles@4.3.0 want: ^2.0.1
854 silly placeDep node_modules/@expo/metro-config color-name@1.1.4 OK for: color-convert@2.0.1 want: ~1.1.4
855 silly placeDep node_modules/@expo/metro-config hermes-estree@0.29.1 OK for: hermes-parser@0.29.1 want: 0.29.1
856 silly placeDep node_modules/@expo/metro-config has-flag@4.0.0 OK for: supports-color@7.2.0 want: ^4.0.0
857 silly placeDep node_modules/expo-modules-autolinking ansi-styles@4.3.0 OK for: chalk@4.1.2 want: ^4.1.0
858 silly placeDep node_modules/expo-modules-autolinking supports-color@7.2.0 OK for: chalk@4.1.2 want: ^7.1.0
859 silly placeDep node_modules/expo-modules-autolinking color-convert@2.0.1 OK for: ansi-styles@4.3.0 want: ^2.0.1
860 silly placeDep node_modules/expo-modules-autolinking color-name@1.1.4 OK for: color-convert@2.0.1 want: ~1.1.4
861 silly placeDep node_modules/expo-modules-autolinking has-flag@4.0.0 OK for: supports-color@7.2.0 want: ^4.0.0
862 silly fetch manifest bufferutil@^4.0.1
863 silly packumentCache full:https://registry.npmjs.org/bufferutil cache-miss
864 http fetch GET 200 https://registry.npmjs.org/bufferutil 74ms (cache miss)
865 silly packumentCache full:https://registry.npmjs.org/bufferutil set size:undefined disposed:false
866 silly fetch manifest utf-8-validate@>=5.0.2
867 silly packumentCache full:https://registry.npmjs.org/utf-8-validate cache-miss
868 http fetch GET 200 https://registry.npmjs.org/utf-8-validate 46ms (cache miss)
869 silly packumentCache full:https://registry.npmjs.org/utf-8-validate set size:undefined disposed:false
870 silly fetch manifest graphql@^14.0.0 || ^15.0.0 || ^16.0.0
871 silly packumentCache full:https://registry.npmjs.org/graphql cache-miss
872 http fetch GET 200 https://registry.npmjs.org/graphql 296ms (cache miss)
873 silly packumentCache full:https://registry.npmjs.org/graphql set size:undefined disposed:false
874 silly placeDep ROOT @0no-co/graphql.web@1.2.0 OK for: @expo/cli@54.0.24 want: ^1.0.8
875 silly placeDep ROOT @expo/code-signing-certificates@0.0.6 OK for: @expo/cli@54.0.24 want: ^0.0.6
876 silly placeDep ROOT @expo/devcert@1.2.1 OK for: @expo/cli@54.0.24 want: ^1.2.1
877 silly placeDep ROOT @expo/osascript@2.4.2 OK for: @expo/cli@54.0.24 want: ^2.3.8
878 silly placeDep ROOT @expo/package-manager@1.10.4 OK for: @expo/cli@54.0.24 want: ^1.9.10
879 silly placeDep ROOT @expo/prebuild-config@54.0.8 OK for: @expo/cli@54.0.24 want: ^54.0.8
880 silly placeDep ROOT @expo/schema-utils@0.1.8 OK for: @expo/cli@54.0.24 want: ^0.1.8
881 silly placeDep ROOT @expo/ws-tunnel@1.0.6 OK for: @expo/cli@54.0.24 want: ^1.0.1
882 silly placeDep ROOT @expo/xcpretty@4.4.3 OK for: @expo/cli@54.0.24 want: ^4.3.0
883 silly placeDep ROOT @urql/core@5.2.0 OK for: @expo/cli@54.0.24 want: ^5.0.6
884 silly placeDep ROOT @urql/exchange-retry@1.3.2 OK for: @expo/cli@54.0.24 want: ^1.3.0
885 silly placeDep ROOT better-opn@3.0.2 OK for: @expo/cli@54.0.24 want: ~3.0.2
886 silly placeDep node_modules/expo chalk@4.1.2 OK for: @expo/cli@54.0.24 want: ^4.0.0
887 silly placeDep node_modules/expo ci-info@3.9.0 OK for: @expo/cli@54.0.24 want: ^3.3.0
888 silly placeDep ROOT compression@1.8.1 OK for: @expo/cli@54.0.24 want: ^1.7.4
889 silly placeDep ROOT env-editor@0.4.2 OK for: @expo/cli@54.0.24 want: ^0.4.1
890 silly placeDep ROOT expo-server@1.0.6 OK for: @expo/cli@54.0.24 want: ^1.0.6
891 silly placeDep ROOT freeport-async@2.0.0 OK for: @expo/cli@54.0.24 want: ^2.0.0
892 silly placeDep ROOT lan-network@0.2.1 OK for: @expo/cli@54.0.24 want: ^0.2.1
893 silly placeDep node_modules/expo minimatch@9.0.9 OK for: @expo/cli@54.0.24 want: ^9.0.0
894 silly placeDep ROOT node-forge@1.4.0 OK for: @expo/cli@54.0.24 want: ^1.3.3
895 silly placeDep ROOT npm-package-arg@11.0.3 OK for: @expo/cli@54.0.24 want: ^11.0.0
896 silly placeDep ROOT ora@3.4.0 OK for: @expo/cli@54.0.24 want: ^3.4.0
897 silly placeDep node_modules/expo picomatch@4.0.4 OK for: @expo/cli@54.0.24 want: ^4.0.3
898 silly placeDep ROOT pretty-bytes@5.6.0 OK for: @expo/cli@54.0.24 want: ^5.6.0
899 silly placeDep ROOT progress@2.0.3 OK for: @expo/cli@54.0.24 want: ^2.0.3
900 silly placeDep ROOT prompts@2.4.2 OK for: @expo/cli@54.0.24 want: ^2.3.2
901 silly placeDep ROOT qrcode-terminal@0.11.0 OK for: @expo/cli@54.0.24 want: 0.11.0
902 silly placeDep ROOT requireg@0.2.2 OK for: @expo/cli@54.0.24 want: ^0.2.2
903 silly placeDep ROOT resolve.exports@2.0.3 OK for: @expo/cli@54.0.24 want: ^2.0.3
904 silly placeDep ROOT structured-headers@0.4.1 OK for: @expo/cli@54.0.24 want: ^0.4.1
905 silly placeDep ROOT tar@7.5.13 OK for: @expo/cli@54.0.24 want: ^7.5.2
906 silly placeDep ROOT terminal-link@2.1.1 OK for: @expo/cli@54.0.24 want: ^2.1.1
907 silly placeDep ROOT undici@6.25.0 OK for: @expo/cli@54.0.24 want: ^6.18.2
908 silly placeDep node_modules/expo ws@8.20.0 OK for: @expo/cli@54.0.24 want: ^8.12.1
909 silly fetch manifest debug@^3.1.0
910 silly packumentCache full:https://registry.npmjs.org/debug cache-miss
911 silly fetch manifest @expo/sudo-prompt@^9.3.1
912 silly packumentCache full:https://registry.npmjs.org/@expo%2fsudo-prompt cache-miss
913 silly fetch manifest js-yaml@^4.1.0
914 silly packumentCache full:https://registry.npmjs.org/js-yaml cache-miss
915 silly fetch manifest wonka@^6.3.2
916 silly packumentCache full:https://registry.npmjs.org/wonka cache-miss
917 silly fetch manifest wonka@^6.3.2
918 silly packumentCache full:https://registry.npmjs.org/wonka cache-miss
919 silly fetch manifest open@^8.0.4
920 silly packumentCache full:https://registry.npmjs.org/open cache-miss
921 silly fetch manifest vary@~1.1.2
922 silly packumentCache full:https://registry.npmjs.org/vary cache-miss
923 http fetch GET 200 https://registry.npmjs.org/vary 96ms (cache miss)
924 silly packumentCache full:https://registry.npmjs.org/vary set size:undefined disposed:false
925 silly fetch manifest bytes@3.1.2
926 silly packumentCache full:https://registry.npmjs.org/bytes cache-miss
927 http fetch GET 200 https://registry.npmjs.org/js-yaml 111ms (cache miss)
928 silly packumentCache full:https://registry.npmjs.org/js-yaml set size:undefined disposed:false
929 silly fetch manifest debug@2.6.9
930 silly packumentCache full:https://registry.npmjs.org/debug cache-miss
931 http fetch GET 200 https://registry.npmjs.org/debug 124ms (cache miss)
932 silly packumentCache full:https://registry.npmjs.org/debug set size:undefined disposed:false
933 silly fetch manifest negotiator@~0.6.4
934 silly packumentCache full:https://registry.npmjs.org/negotiator cache-miss
935 http fetch GET 200 https://registry.npmjs.org/open 134ms (cache miss)
936 silly packumentCache full:https://registry.npmjs.org/open set size:undefined disposed:false
937 silly fetch manifest on-headers@~1.1.0
938 silly packumentCache full:https://registry.npmjs.org/on-headers cache-miss
939 http fetch GET 200 https://registry.npmjs.org/wonka 151ms (cache miss)
940 silly packumentCache full:https://registry.npmjs.org/wonka set size:undefined disposed:false
941 silly fetch manifest safe-buffer@5.2.1
942 silly packumentCache full:https://registry.npmjs.org/safe-buffer cache-miss
943 http fetch GET 200 https://registry.npmjs.org/wonka 177ms (cache miss)
944 silly packumentCache full:https://registry.npmjs.org/wonka set size:undefined disposed:false
945 silly fetch manifest compressible@~2.0.18
946 silly packumentCache full:https://registry.npmjs.org/compressible cache-miss
947 http cache https://registry.npmjs.org/debug 82ms (cache hit)
948 silly packumentCache full:https://registry.npmjs.org/debug set size:195840 disposed:false
949 silly fetch manifest brace-expansion@^2.0.2
950 silly packumentCache full:https://registry.npmjs.org/brace-expansion cache-miss
951 http fetch GET 200 https://registry.npmjs.org/bytes 114ms (cache miss)
952 silly packumentCache full:https://registry.npmjs.org/bytes set size:undefined disposed:false
953 silly fetch manifest proc-log@^4.0.0
954 silly packumentCache full:https://registry.npmjs.org/proc-log cache-miss
955 http fetch GET 200 https://registry.npmjs.org/on-headers 92ms (cache miss)
956 silly packumentCache full:https://registry.npmjs.org/on-headers set size:undefined disposed:false
957 silly fetch manifest hosted-git-info@^7.0.0
958 silly packumentCache full:https://registry.npmjs.org/hosted-git-info cache-miss
959 http cache https://registry.npmjs.org/brace-expansion 33ms (cache hit)
960 silly packumentCache full:https://registry.npmjs.org/brace-expansion set size:65768 disposed:false
961 silly fetch manifest validate-npm-package-name@^5.0.0
962 silly packumentCache full:https://registry.npmjs.org/validate-npm-package-name cache-miss
963 http fetch GET 200 https://registry.npmjs.org/safe-buffer 83ms (cache miss)
964 silly packumentCache full:https://registry.npmjs.org/safe-buffer set size:undefined disposed:false
965 silly fetch manifest wcwidth@^1.0.1
966 silly packumentCache full:https://registry.npmjs.org/wcwidth cache-miss
967 http fetch GET 200 https://registry.npmjs.org/negotiator 129ms (cache miss)
968 silly packumentCache full:https://registry.npmjs.org/negotiator set size:undefined disposed:false
969 silly fetch manifest cli-cursor@^2.1.0
970 silly packumentCache full:https://registry.npmjs.org/cli-cursor cache-miss
971 http fetch GET 200 https://registry.npmjs.org/compressible 101ms (cache miss)
972 silly packumentCache full:https://registry.npmjs.org/compressible set size:undefined disposed:false
973 silly fetch manifest strip-ansi@^5.2.0
974 silly packumentCache full:https://registry.npmjs.org/strip-ansi cache-miss
975 http fetch GET 200 https://registry.npmjs.org/proc-log 83ms (cache miss)
976 silly packumentCache full:https://registry.npmjs.org/proc-log set size:undefined disposed:false
977 silly fetch manifest log-symbols@^2.2.0
978 silly packumentCache full:https://registry.npmjs.org/log-symbols cache-miss
979 http fetch GET 200 https://registry.npmjs.org/validate-npm-package-name 71ms (cache miss)
980 silly packumentCache full:https://registry.npmjs.org/validate-npm-package-name set size:undefined disposed:false
981 silly fetch manifest cli-spinners@^2.0.0
982 silly packumentCache full:https://registry.npmjs.org/cli-spinners cache-miss
983 http fetch GET 200 https://registry.npmjs.org/wcwidth 72ms (cache miss)
984 silly packumentCache full:https://registry.npmjs.org/wcwidth set size:undefined disposed:false
985 silly fetch manifest kleur@^3.0.3
986 silly packumentCache full:https://registry.npmjs.org/kleur cache-miss
987 http fetch GET 200 https://registry.npmjs.org/hosted-git-info 96ms (cache miss)
988 silly packumentCache full:https://registry.npmjs.org/hosted-git-info set size:undefined disposed:false
989 silly fetch manifest sisteransi@^1.0.5
990 silly packumentCache full:https://registry.npmjs.org/sisteransi cache-miss
991 http fetch GET 200 https://registry.npmjs.org/cli-cursor 76ms (cache miss)
992 silly packumentCache full:https://registry.npmjs.org/cli-cursor set size:undefined disposed:false
993 silly fetch manifest nested-error-stacks@~2.0.1
994 silly packumentCache full:https://registry.npmjs.org/nested-error-stacks cache-miss
995 http fetch GET 200 https://registry.npmjs.org/strip-ansi 77ms (cache miss)
996 silly packumentCache full:https://registry.npmjs.org/strip-ansi set size:undefined disposed:false
997 silly fetch manifest rc@~1.2.7
998 silly packumentCache full:https://registry.npmjs.org/rc cache-miss
999 http fetch GET 200 https://registry.npmjs.org/log-symbols 85ms (cache miss)
1000 silly packumentCache full:https://registry.npmjs.org/log-symbols set size:undefined disposed:false
1001 silly fetch manifest resolve@~1.7.1
1002 silly packumentCache full:https://registry.npmjs.org/resolve cache-miss
1003 http fetch GET 200 https://registry.npmjs.org/kleur 76ms (cache miss)
1004 silly packumentCache full:https://registry.npmjs.org/kleur set size:undefined disposed:false
1005 silly fetch manifest @isaacs/fs-minipass@^4.0.0
1006 silly packumentCache full:https://registry.npmjs.org/@isaacs%2ffs-minipass cache-miss
1007 http fetch GET 200 https://registry.npmjs.org/cli-spinners 87ms (cache miss)
1008 silly packumentCache full:https://registry.npmjs.org/cli-spinners set size:undefined disposed:false
1009 silly fetch manifest chownr@^3.0.0
1010 silly packumentCache full:https://registry.npmjs.org/chownr cache-miss
1011 http fetch GET 200 https://registry.npmjs.org/sisteransi 84ms (cache miss)
1012 silly packumentCache full:https://registry.npmjs.org/sisteransi set size:undefined disposed:false
1013 silly fetch manifest minizlib@^3.1.0
1014 silly packumentCache full:https://registry.npmjs.org/minizlib cache-miss
1015 http fetch GET 200 https://registry.npmjs.org/nested-error-stacks 86ms (cache miss)
1016 silly packumentCache full:https://registry.npmjs.org/nested-error-stacks set size:undefined disposed:false
1017 silly fetch manifest yallist@^5.0.0
1018 silly packumentCache full:https://registry.npmjs.org/yallist cache-miss
1019 http fetch GET 200 https://registry.npmjs.org/rc 74ms (cache miss)
1020 silly packumentCache full:https://registry.npmjs.org/rc set size:undefined disposed:false
1021 silly fetch manifest ansi-escapes@^4.2.1
1022 silly packumentCache full:https://registry.npmjs.org/ansi-escapes cache-miss
1023 http fetch GET 200 https://registry.npmjs.org/@expo%2fsudo-prompt 472ms (cache miss)
1024 silly packumentCache full:https://registry.npmjs.org/@expo%2fsudo-prompt set size:undefined disposed:false
1025 silly fetch manifest supports-hyperlinks@^2.0.0
1026 silly packumentCache full:https://registry.npmjs.org/supports-hyperlinks cache-miss
1027 http fetch GET 200 https://registry.npmjs.org/chownr 73ms (cache miss)
1028 silly packumentCache full:https://registry.npmjs.org/chownr set size:undefined disposed:false
1029 http fetch GET 200 https://registry.npmjs.org/minizlib 68ms (cache miss)
1030 silly packumentCache full:https://registry.npmjs.org/minizlib set size:undefined disposed:false
1031 http fetch GET 200 https://registry.npmjs.org/yallist 62ms (cache miss)
1032 silly packumentCache full:https://registry.npmjs.org/yallist set size:undefined disposed:false
1033 http fetch GET 200 https://registry.npmjs.org/@isaacs%2ffs-minipass 95ms (cache miss)
1034 silly packumentCache full:https://registry.npmjs.org/@isaacs%2ffs-minipass set size:undefined disposed:false
1035 http fetch GET 200 https://registry.npmjs.org/resolve 109ms (cache miss)
1036 silly packumentCache full:https://registry.npmjs.org/resolve set size:undefined disposed:false
1037 http fetch GET 200 https://registry.npmjs.org/ansi-escapes 76ms (cache miss)
1038 silly packumentCache full:https://registry.npmjs.org/ansi-escapes set size:undefined disposed:false
1039 http fetch GET 200 https://registry.npmjs.org/supports-hyperlinks 71ms (cache miss)
1040 silly packumentCache full:https://registry.npmjs.org/supports-hyperlinks set size:undefined disposed:false
1041 silly placeDep ROOT @expo/sudo-prompt@9.3.2 OK for: @expo/devcert@1.2.1 want: ^9.3.1
1042 silly placeDep node_modules/@expo/devcert debug@3.2.7 OK for: @expo/devcert@1.2.1 want: ^3.1.0
1043 silly placeDep node_modules/@expo/package-manager chalk@4.1.2 OK for: @expo/package-manager@1.10.4 want: ^4.0.0
1044 silly placeDep node_modules/@expo/xcpretty @babel/code-frame@7.29.0 OK for: @expo/xcpretty@4.4.3 want: ^7.20.0
1045 silly placeDep node_modules/@expo/xcpretty chalk@4.1.2 OK for: @expo/xcpretty@4.4.3 want: ^4.1.0
1046 silly placeDep node_modules/@expo/xcpretty js-yaml@4.1.1 OK for: @expo/xcpretty@4.4.3 want: ^4.1.0
1047 silly fetch manifest argparse@^2.0.1
1048 silly packumentCache full:https://registry.npmjs.org/argparse cache-miss
1049 http fetch GET 200 https://registry.npmjs.org/argparse 55ms (cache miss)
1050 silly packumentCache full:https://registry.npmjs.org/argparse set size:undefined disposed:false
1051 silly placeDep ROOT wonka@6.3.6 OK for: @urql/core@5.2.0 want: ^6.3.2
1052 silly placeDep node_modules/better-opn open@8.4.2 OK for: better-opn@3.0.2 want: ^8.0.4
1053 silly fetch manifest define-lazy-prop@^2.0.0
1054 silly packumentCache full:https://registry.npmjs.org/define-lazy-prop cache-miss
1055 http fetch GET 200 https://registry.npmjs.org/define-lazy-prop 41ms (cache miss)
1056 silly packumentCache full:https://registry.npmjs.org/define-lazy-prop set size:undefined disposed:false
1057 silly placeDep ROOT bytes@3.1.2 OK for: compression@1.8.1 want: 3.1.2
1058 silly placeDep ROOT compressible@2.0.18 OK for: compression@1.8.1 want: ~2.0.18
1059 silly placeDep node_modules/compression debug@2.6.9 OK for: compression@1.8.1 want: 2.6.9
1060 silly placeDep node_modules/compression negotiator@0.6.4 OK for: compression@1.8.1 want: ~0.6.4
1061 silly placeDep ROOT on-headers@1.1.0 OK for: compression@1.8.1 want: ~1.1.0
1062 silly placeDep ROOT safe-buffer@5.2.1 OK for: compression@1.8.1 want: 5.2.1
1063 silly placeDep ROOT vary@1.1.2 OK for: compression@1.8.1 want: ~1.1.2
1064 silly fetch manifest ms@2.0.0
1065 silly packumentCache full:https://registry.npmjs.org/ms cache-miss
1066 http fetch GET 200 https://registry.npmjs.org/ms 52ms (cache miss)
1067 silly packumentCache full:https://registry.npmjs.org/ms set size:undefined disposed:false
1068 silly placeDep ROOT hosted-git-info@7.0.2 OK for: npm-package-arg@11.0.3 want: ^7.0.0
1069 silly placeDep ROOT proc-log@4.2.0 OK for: npm-package-arg@11.0.3 want: ^4.0.0
1070 silly placeDep ROOT validate-npm-package-name@5.0.1 OK for: npm-package-arg@11.0.3 want: ^5.0.0
1071 silly fetch manifest lru-cache@^10.0.1
1072 silly packumentCache full:https://registry.npmjs.org/lru-cache cache-miss
1073 http cache https://registry.npmjs.org/lru-cache 14ms (cache hit)
1074 silly packumentCache full:https://registry.npmjs.org/lru-cache set size:443567 disposed:false
1075 silly placeDep node_modules/hosted-git-info lru-cache@10.4.3 OK for: hosted-git-info@7.0.2 want: ^10.0.1
1076 silly placeDep ROOT cli-cursor@2.1.0 OK for: ora@3.4.0 want: ^2.1.0
1077 silly placeDep ROOT cli-spinners@2.9.2 OK for: ora@3.4.0 want: ^2.0.0
1078 silly placeDep ROOT log-symbols@2.2.0 OK for: ora@3.4.0 want: ^2.2.0
1079 silly placeDep node_modules/ora strip-ansi@5.2.0 OK for: ora@3.4.0 want: ^5.2.0
1080 silly placeDep ROOT wcwidth@1.0.1 OK for: ora@3.4.0 want: ^1.0.1
1081 silly fetch manifest restore-cursor@^2.0.0
1082 silly packumentCache full:https://registry.npmjs.org/restore-cursor cache-miss
1083 silly fetch manifest ansi-regex@^4.1.0
1084 silly packumentCache full:https://registry.npmjs.org/ansi-regex cache-miss
1085 silly fetch manifest defaults@^1.0.3
1086 silly packumentCache full:https://registry.npmjs.org/defaults cache-miss
1087 http fetch GET 200 https://registry.npmjs.org/restore-cursor 52ms (cache miss)
1088 silly packumentCache full:https://registry.npmjs.org/restore-cursor set size:undefined disposed:false
1089 http fetch GET 200 https://registry.npmjs.org/ansi-regex 56ms (cache miss)
1090 silly packumentCache full:https://registry.npmjs.org/ansi-regex set size:undefined disposed:false
1091 http fetch GET 200 https://registry.npmjs.org/defaults 58ms (cache miss)
1092 silly packumentCache full:https://registry.npmjs.org/defaults set size:undefined disposed:false
1093 silly placeDep ROOT restore-cursor@2.0.0 OK for: cli-cursor@2.1.0 want: ^2.0.0
1094 silly fetch manifest onetime@^2.0.0
1095 silly packumentCache full:https://registry.npmjs.org/onetime cache-miss
1096 http fetch GET 200 https://registry.npmjs.org/onetime 45ms (cache miss)
1097 silly packumentCache full:https://registry.npmjs.org/onetime set size:undefined disposed:false
1098 silly placeDep ROOT kleur@3.0.3 OK for: prompts@2.4.2 want: ^3.0.3
1099 silly placeDep ROOT sisteransi@1.0.5 OK for: prompts@2.4.2 want: ^1.0.5
1100 silly placeDep ROOT nested-error-stacks@2.0.1 OK for: requireg@0.2.2 want: ~2.0.1
1101 silly placeDep ROOT rc@1.2.8 OK for: requireg@0.2.2 want: ~1.2.7
1102 silly placeDep node_modules/requireg resolve@1.7.1 OK for: requireg@0.2.2 want: ~1.7.1
1103 silly fetch manifest ini@~1.3.0
1104 silly packumentCache full:https://registry.npmjs.org/ini cache-miss
1105 silly fetch manifest minimist@^1.2.0
1106 silly packumentCache full:https://registry.npmjs.org/minimist cache-miss
1107 silly fetch manifest deep-extend@^0.6.0
1108 silly packumentCache full:https://registry.npmjs.org/deep-extend cache-miss
1109 silly fetch manifest strip-json-comments@~2.0.1
1110 silly packumentCache full:https://registry.npmjs.org/strip-json-comments cache-miss
1111 http fetch GET 200 https://registry.npmjs.org/ini 68ms (cache miss)
1112 silly packumentCache full:https://registry.npmjs.org/ini set size:undefined disposed:false
1113 http fetch GET 200 https://registry.npmjs.org/minimist 72ms (cache miss)
1114 silly packumentCache full:https://registry.npmjs.org/minimist set size:undefined disposed:false
1115 http fetch GET 200 https://registry.npmjs.org/deep-extend 76ms (cache miss)
1116 silly packumentCache full:https://registry.npmjs.org/deep-extend set size:undefined disposed:false
1117 http fetch GET 200 https://registry.npmjs.org/strip-json-comments 81ms (cache miss)
1118 silly packumentCache full:https://registry.npmjs.org/strip-json-comments set size:undefined disposed:false
1119 silly placeDep ROOT deep-extend@0.6.0 OK for: rc@1.2.8 want: ^0.6.0
1120 silly placeDep ROOT ini@1.3.8 OK for: rc@1.2.8 want: ~1.3.0
1121 silly placeDep ROOT minimist@1.2.8 OK for: rc@1.2.8 want: ^1.2.0
1122 silly placeDep ROOT strip-json-comments@2.0.1 OK for: rc@1.2.8 want: ~2.0.1
1123 silly placeDep ROOT onetime@2.0.1 OK for: restore-cursor@2.0.0 want: ^2.0.0
1124 silly fetch manifest mimic-fn@^1.0.0
1125 silly packumentCache full:https://registry.npmjs.org/mimic-fn cache-miss
1126 http fetch GET 200 https://registry.npmjs.org/mimic-fn 227ms (cache miss)
1127 silly packumentCache full:https://registry.npmjs.org/mimic-fn set size:undefined disposed:false
1128 silly placeDep ROOT mimic-fn@1.2.0 OK for: onetime@2.0.1 want: ^1.0.0
1129 silly placeDep ROOT @isaacs/fs-minipass@4.0.1 OK for: tar@7.5.13 want: ^4.0.0
1130 silly placeDep ROOT chownr@3.0.0 OK for: tar@7.5.13 want: ^3.0.0
1131 silly placeDep ROOT minizlib@3.1.0 OK for: tar@7.5.13 want: ^3.1.0
1132 silly placeDep node_modules/tar yallist@5.0.0 OK for: tar@7.5.13 want: ^5.0.0
1133 silly placeDep ROOT ansi-escapes@4.3.2 OK for: terminal-link@2.1.1 want: ^4.2.1
1134 silly placeDep ROOT supports-hyperlinks@2.3.0 OK for: terminal-link@2.1.1 want: ^2.0.0
1135 silly fetch manifest type-fest@^0.21.3
1136 silly packumentCache full:https://registry.npmjs.org/type-fest cache-miss
1137 silly fetch manifest supports-color@^7.0.0
1138 silly packumentCache full:https://registry.npmjs.org/supports-color cache-hit
1139 http fetch GET 200 https://registry.npmjs.org/type-fest 76ms (cache miss)
1140 silly packumentCache full:https://registry.npmjs.org/type-fest set size:undefined disposed:false
1141 silly placeDep node_modules/ansi-escapes type-fest@0.21.3 OK for: ansi-escapes@4.3.2 want: ^0.21.3
1142 silly placeDep node_modules/supports-hyperlinks has-flag@4.0.0 OK for: supports-hyperlinks@2.3.0 want: ^4.0.0
1143 silly placeDep node_modules/supports-hyperlinks supports-color@7.2.0 OK for: supports-hyperlinks@2.3.0 want: ^7.0.0
1144 silly placeDep ROOT defaults@1.0.4 OK for: wcwidth@1.0.1 want: ^1.0.3
1145 silly fetch manifest clone@^1.0.2
1146 silly packumentCache full:https://registry.npmjs.org/clone cache-miss
1147 http fetch GET 200 https://registry.npmjs.org/clone 49ms (cache miss)
1148 silly packumentCache full:https://registry.npmjs.org/clone set size:undefined disposed:false
1149 silly placeDep ROOT clone@1.0.4 OK for: defaults@1.0.4 want: ^1.0.2
1150 silly placeDep node_modules/@expo/package-manager ansi-styles@4.3.0 OK for: chalk@4.1.2 want: ^4.1.0
1151 silly placeDep node_modules/@expo/package-manager supports-color@7.2.0 OK for: chalk@4.1.2 want: ^7.1.0
1152 silly placeDep node_modules/@expo/package-manager color-convert@2.0.1 OK for: ansi-styles@4.3.0 want: ^2.0.1
1153 silly placeDep node_modules/@expo/package-manager color-name@1.1.4 OK for: color-convert@2.0.1 want: ~1.1.4
1154 silly placeDep node_modules/@expo/package-manager has-flag@4.0.0 OK for: supports-color@7.2.0 want: ^4.0.0
1155 silly placeDep node_modules/@expo/xcpretty ansi-styles@4.3.0 OK for: chalk@4.1.2 want: ^4.1.0
1156 silly placeDep node_modules/@expo/xcpretty supports-color@7.2.0 OK for: chalk@4.1.2 want: ^7.1.0
1157 silly placeDep node_modules/@expo/xcpretty color-convert@2.0.1 OK for: ansi-styles@4.3.0 want: ^2.0.1
1158 silly placeDep node_modules/@expo/xcpretty color-name@1.1.4 OK for: color-convert@2.0.1 want: ~1.1.4
1159 silly placeDep node_modules/@expo/xcpretty argparse@2.0.1 OK for: js-yaml@4.1.1 want: ^2.0.1
1160 silly placeDep node_modules/@expo/xcpretty has-flag@4.0.0 OK for: supports-color@7.2.0 want: ^4.0.0
1161 silly placeDep ROOT define-lazy-prop@2.0.0 OK for: open@8.4.2 want: ^2.0.0
1162 silly placeDep node_modules/compression ms@2.0.0 OK for: debug@2.6.9 want: 2.0.0
1163 silly placeDep node_modules/expo ansi-styles@4.3.0 OK for: chalk@4.1.2 want: ^4.1.0
1164 silly placeDep node_modules/expo supports-color@7.2.0 OK for: chalk@4.1.2 want: ^7.1.0
1165 silly placeDep node_modules/expo color-convert@2.0.1 OK for: ansi-styles@4.3.0 want: ^2.0.1
1166 silly placeDep node_modules/expo color-name@1.1.4 OK for: color-convert@2.0.1 want: ~1.1.4
1167 silly placeDep node_modules/expo brace-expansion@2.1.0 OK for: minimatch@9.0.9 want: ^2.0.2
1168 silly placeDep node_modules/expo has-flag@4.0.0 OK for: supports-color@7.2.0 want: ^4.0.0
1169 silly placeDep node_modules/ora ansi-regex@4.1.1 OK for: strip-ansi@5.2.0 want: ^4.1.0
1170 silly reify moves {}
1171 silly audit bulk request {
1171 silly audit   '@babel/code-frame': [ '7.29.0', '7.10.4' ],
1171 silly audit   '@babel/compat-data': [ '7.29.0' ],
1171 silly audit   '@babel/core': [ '7.29.0' ],
1171 silly audit   semver: [ '6.3.1', '7.7.4' ],
1171 silly audit   '@babel/generator': [ '7.29.1' ],
1171 silly audit   '@babel/helper-annotate-as-pure': [ '7.27.3' ],
1171 silly audit   '@babel/helper-compilation-targets': [ '7.28.6' ],
1171 silly audit   '@babel/helper-create-class-features-plugin': [ '7.28.6' ],
1171 silly audit   '@babel/helper-create-regexp-features-plugin': [ '7.28.5' ],
1171 silly audit   '@babel/helper-define-polyfill-provider': [ '0.6.8' ],
1171 silly audit   '@babel/helper-globals': [ '7.28.0' ],
1171 silly audit   '@babel/helper-member-expression-to-functions': [ '7.28.5' ],
1171 silly audit   '@babel/helper-module-imports': [ '7.28.6' ],
1171 silly audit   '@babel/helper-module-transforms': [ '7.28.6' ],
1171 silly audit   '@babel/helper-optimise-call-expression': [ '7.27.1' ],
1171 silly audit   '@babel/helper-plugin-utils': [ '7.28.6' ],
1171 silly audit   '@babel/helper-remap-async-to-generator': [ '7.27.1' ],
1171 silly audit   '@babel/helper-replace-supers': [ '7.28.6' ],
1171 silly audit   '@babel/helper-skip-transparent-expression-wrappers': [ '7.27.1' ],
1171 silly audit   '@babel/helper-string-parser': [ '7.27.1' ],
1171 silly audit   '@babel/helper-validator-identifier': [ '7.28.5' ],
1171 silly audit   '@babel/helper-validator-option': [ '7.27.1' ],
1171 silly audit   '@babel/helper-wrap-function': [ '7.28.6' ],
1171 silly audit   '@babel/helpers': [ '7.29.2' ],
1171 silly audit   '@babel/parser': [ '7.29.2' ],
1171 silly audit   '@babel/plugin-proposal-decorators': [ '7.29.0' ],
1171 silly audit   '@babel/plugin-proposal-export-default-from': [ '7.27.1' ],
1171 silly audit   '@babel/plugin-syntax-async-generators': [ '7.8.4' ],
1171 silly audit   '@babel/plugin-syntax-bigint': [ '7.8.3' ],
1171 silly audit   '@babel/plugin-syntax-class-properties': [ '7.12.13' ],
1171 silly audit   '@babel/plugin-syntax-class-static-block': [ '7.14.5' ],
1171 silly audit   '@babel/plugin-syntax-decorators': [ '7.28.6' ],
1171 silly audit   '@babel/plugin-syntax-dynamic-import': [ '7.8.3' ],
1171 silly audit   '@babel/plugin-syntax-export-default-from': [ '7.28.6' ],
1171 silly audit   '@babel/plugin-syntax-flow': [ '7.28.6' ],
1171 silly audit   '@babel/plugin-syntax-import-attributes': [ '7.28.6' ],
1171 silly audit   '@babel/plugin-syntax-import-meta': [ '7.10.4' ],
1171 silly audit   '@babel/plugin-syntax-json-strings': [ '7.8.3' ],
1171 silly audit   '@babel/plugin-syntax-jsx': [ '7.28.6' ],
1171 silly audit   '@babel/plugin-syntax-logical-assignment-operators': [ '7.10.4' ],
1171 silly audit   '@babel/plugin-syntax-nullish-coalescing-operator': [ '7.8.3' ],
1171 silly audit   '@babel/plugin-syntax-numeric-separator': [ '7.10.4' ],
1171 silly audit   '@babel/plugin-syntax-object-rest-spread': [ '7.8.3' ],
1171 silly audit   '@babel/plugin-syntax-optional-catch-binding': [ '7.8.3' ],
1171 silly audit   '@babel/plugin-syntax-optional-chaining': [ '7.8.3' ],
1171 silly audit   '@babel/plugin-syntax-private-property-in-object': [ '7.14.5' ],
1171 silly audit   '@babel/plugin-syntax-top-level-await': [ '7.14.5' ],
1171 silly audit   '@babel/plugin-syntax-typescript': [ '7.28.6' ],
1171 silly audit   '@babel/plugin-transform-arrow-functions': [ '7.27.1' ],
1171 silly audit   '@babel/plugin-transform-async-generator-functions': [ '7.29.0' ],
1171 silly audit   '@babel/plugin-transform-async-to-generator': [ '7.28.6' ],
1171 silly audit   '@babel/plugin-transform-block-scoping': [ '7.28.6' ],
1171 silly audit   '@babel/plugin-transform-class-properties': [ '7.28.6' ],
1171 silly audit   '@babel/plugin-transform-class-static-block': [ '7.28.6' ],
1171 silly audit   '@babel/plugin-transform-classes': [ '7.28.6' ],
1171 silly audit   '@babel/plugin-transform-computed-properties': [ '7.28.6' ],
1171 silly audit   '@babel/plugin-transform-destructuring': [ '7.28.5' ],
1171 silly audit   '@babel/plugin-transform-export-namespace-from': [ '7.27.1' ],
1171 silly audit   '@babel/plugin-transform-flow-strip-types': [ '7.27.1' ],
1171 silly audit   '@babel/plugin-transform-for-of': [ '7.27.1' ],
1171 silly audit   '@babel/plugin-transform-function-name': [ '7.27.1' ],
1171 silly audit   '@babel/plugin-transform-literals': [ '7.27.1' ],
1171 silly audit   '@babel/plugin-transform-logical-assignment-operators': [ '7.28.6' ],
1171 silly audit   '@babel/plugin-transform-modules-commonjs': [ '7.28.6' ],
1171 silly audit   '@babel/plugin-transform-named-capturing-groups-regex': [ '7.29.0' ],
1171 silly audit   '@babel/plugin-transform-nullish-coalescing-operator': [ '7.28.6' ],
1171 silly audit   '@babel/plugin-transform-numeric-separator': [ '7.28.6' ],
1171 silly audit   '@babel/plugin-transform-object-rest-spread': [ '7.28.6' ],
1171 silly audit   '@babel/plugin-transform-optional-catch-binding': [ '7.28.6' ],
1171 silly audit   '@babel/plugin-transform-optional-chaining': [ '7.28.6' ],
1171 silly audit   '@babel/plugin-transform-parameters': [ '7.27.7' ],
1171 silly audit   '@babel/plugin-transform-private-methods': [ '7.28.6' ],
1171 silly audit   '@babel/plugin-transform-private-property-in-object': [ '7.28.6' ],
1171 silly audit   '@babel/plugin-transform-react-display-name': [ '7.28.0' ],
1171 silly audit   '@babel/plugin-transform-react-jsx': [ '7.28.6' ],
1171 silly audit   '@babel/plugin-transform-react-jsx-development': [ '7.27.1' ],
1171 silly audit   '@babel/plugin-transform-react-jsx-self': [ '7.27.1' ],
1171 silly audit   '@babel/plugin-transform-react-jsx-source': [ '7.27.1' ],
1171 silly audit   '@babel/plugin-transform-react-pure-annotations': [ '7.27.1' ],
1171 silly audit   '@babel/plugin-transform-regenerator': [ '7.29.0' ],
1171 silly audit   '@babel/plugin-transform-runtime': [ '7.29.0' ],
1171 silly audit   '@babel/plugin-transform-shorthand-properties': [ '7.27.1' ],
1171 silly audit   '@babel/plugin-transform-spread': [ '7.28.6' ],
1171 silly audit   '@babel/plugin-transform-sticky-regex': [ '7.27.1' ],
1171 silly audit   '@babel/plugin-transform-template-literals': [ '7.27.1' ],
1171 silly audit   '@babel/plugin-transform-typescript': [ '7.28.6' ],
1171 silly audit   '@babel/plugin-transform-unicode-regex': [ '7.27.1' ],
1171 silly audit   '@babel/preset-react': [ '7.28.5' ],
1171 silly audit   '@babel/preset-typescript': [ '7.28.5' ],
1171 silly audit   '@babel/runtime': [ '7.29.2' ],
1171 silly audit   '@babel/template': [ '7.28.6' ],
1171 silly audit   '@babel/traverse': [ '7.29.0' ],
1171 silly audit   '@babel/types': [ '7.29.0' ],
1171 silly audit   '@egjs/hammerjs': [ '2.0.17' ],
1171 silly audit   'ansi-styles': [ '4.3.0', '5.2.0', '3.2.1' ],
1171 silly audit   chalk: [ '4.1.2', '2.4.2' ],
1171 silly audit   'color-convert': [ '2.0.1', '1.9.3' ],
1171 silly audit   'color-name': [ '1.1.4', '1.1.3' ],
1171 silly audit   'has-flag': [ '4.0.0', '3.0.0' ],
1171 silly audit   'supports-color': [ '7.2.0', '8.1.1', '5.5.0' ],
1171 silly audit   debug: [ '2.6.9', '4.4.3', '3.2.7' ],
1171 silly audit   '@expo/devtools': [ '0.1.8' ],
1171 silly audit   '@expo/metro-runtime': [ '6.1.2' ],
1171 silly audit   argparse: [ '1.0.10', '2.0.1' ],
1171 silly audit   'js-yaml': [ '3.14.2', '4.1.1' ],
1171 silly audit   '@isaacs/ttlcache': [ '1.4.1' ],
1171 silly audit   '@istanbuljs/load-nyc-config': [ '1.1.0' ],
1171 silly audit   camelcase: [ '5.3.1', '6.3.0' ],
1171 silly audit   '@istanbuljs/schema': [ '0.1.3' ],
1171 silly audit   '@jest/create-cache-key-function': [ '29.7.0' ],
1171 silly audit   '@jest/environment': [ '29.7.0' ],
1171 silly audit   '@jest/fake-timers': [ '29.7.0' ],
1171 silly audit   '@jest/schemas': [ '29.6.3' ],
1171 silly audit   '@jest/transform': [ '29.7.0' ],
1171 silly audit   '@jest/types': [ '29.6.3' ],
1171 silly audit   '@jridgewell/gen-mapping': [ '0.3.13' ],
1171 silly audit   '@jridgewell/remapping': [ '2.3.5' ],
1171 silly audit   '@jridgewell/resolve-uri': [ '3.1.2' ],
1171 silly audit   '@jridgewell/source-map': [ '0.3.11' ],
1171 silly audit   '@jridgewell/sourcemap-codec': [ '1.5.5' ],
1171 silly audit   '@jridgewell/trace-mapping': [ '0.3.31' ],
1171 silly audit   '@react-native-picker/picker': [ '2.11.1' ],
1171 silly audit   '@react-native/assets-registry': [ '0.81.5' ],
1171 silly audit   '@react-native/babel-plugin-codegen': [ '0.81.5', '0.84.1' ],
1171 silly audit   '@react-native/babel-preset': [ '0.81.5', '0.84.1' ],
1171 silly audit   '@react-native/codegen': [ '0.81.5', '0.84.1' ],
1171 silly audit   'brace-expansion': [ '1.1.13', '5.0.5', '2.1.0' ],
1171 silly audit   glob: [ '7.2.3', '13.0.6' ],
1171 silly audit   'hermes-estree': [ '0.29.1', '0.32.0' ],
1171 silly audit   'hermes-parser': [ '0.29.1', '0.32.0' ],
1171 silly audit   minimatch: [ '3.1.5', '10.2.5', '9.0.9' ],
1171 silly audit   '@react-native/community-cli-plugin': [ '0.81.5' ],
1171 silly audit   '@react-native/debugger-frontend': [ '0.81.5' ],
1171 silly audit   '@react-native/dev-middleware': [ '0.81.5' ],
1171 silly audit   ws: [ '6.2.3', '7.5.10', '8.20.0' ],
1171 silly audit   '@react-native/gradle-plugin': [ '0.81.5' ],
1171 silly audit   '@react-native/js-polyfills': [ '0.81.5', '0.84.1' ],
1171 silly audit   '@react-native/metro-babel-transformer': [ '0.84.1' ],
1171 silly audit   'babel-plugin-syntax-hermes-parser': [ '0.32.0', '0.29.1' ],
1171 silly audit   '@react-native/metro-config': [ '0.84.1' ],
1171 silly audit   '@react-native/normalize-colors': [ '0.81.5', '0.74.89' ],
1171 silly audit   '@react-navigation/bottom-tabs': [ '7.15.9' ],
1171 silly audit   '@react-navigation/core': [ '7.17.2' ],
1171 silly audit   'escape-string-regexp': [ '4.0.0', '2.0.0', '1.0.5' ],
1171 silly audit   'react-is': [ '19.2.4', '16.13.1', '18.3.1' ],
1171 silly audit   '@react-navigation/drawer': [ '7.9.8' ],
1171 silly audit   '@react-navigation/elements': [ '2.9.14' ],
1171 silly audit   '@react-navigation/native': [ '7.2.2' ],
1171 silly audit   '@react-navigation/routers': [ '7.5.3' ],
1171 silly audit   '@sinclair/typebox': [ '0.27.10' ],
1171 silly audit   '@sinonjs/commons': [ '3.0.1' ],
1171 silly audit   '@sinonjs/fake-timers': [ '10.3.0' ],
1171 silly audit   '@types/babel__core': [ '7.20.5' ],
1171 silly audit   '@types/babel__generator': [ '7.27.0' ],
1171 silly audit   '@types/babel__template': [ '7.4.4' ],
1171 silly audit   '@types/babel__traverse': [ '7.28.0' ],
1171 silly audit   '@types/graceful-fs': [ '4.1.9' ],
1171 silly audit   '@types/hammerjs': [ '2.0.46' ],
1171 silly audit   '@types/istanbul-lib-coverage': [ '2.0.6' ],
1171 silly audit   '@types/istanbul-lib-report': [ '3.0.3' ],
1171 silly audit   '@types/istanbul-reports': [ '3.0.4' ],
1171 silly audit   '@types/node': [ '25.5.0' ],
1171 silly audit   '@types/stack-utils': [ '2.0.3' ],
1171 silly audit   '@types/yargs': [ '17.0.35' ],
1171 silly audit   '@types/yargs-parser': [ '21.0.3' ],
1171 silly audit   '@ungap/structured-clone': [ '1.3.0' ],
1171 silly audit   'abort-controller': [ '3.0.0' ],
1171 silly audit   accepts: [ '1.3.8' ],
1171 silly audit   acorn: [ '8.16.0' ],
1171 silly audit   'agent-base': [ '7.1.4' ],
1171 silly audit   anser: [ '1.4.10' ],
1171 silly audit   'type-fest': [ '0.7.1', '0.21.3' ],
1171 silly audit   'ansi-regex': [ '5.0.1', '4.1.1' ],
1171 silly audit   anymatch: [ '3.1.3' ],
1171 silly audit   asap: [ '2.0.6' ],
1171 silly audit   'async-limiter': [ '1.0.1' ],
1171 silly audit   'babel-jest': [ '29.7.0' ],
1171 silly audit   'babel-plugin-istanbul': [ '6.1.1' ],
1171 silly audit   'babel-plugin-jest-hoist': [ '29.6.3' ],
1171 silly audit   'babel-plugin-polyfill-corejs2': [ '0.4.17' ],
1171 silly audit   'babel-plugin-polyfill-corejs3': [ '0.13.0' ],
1171 silly audit   'babel-plugin-polyfill-regenerator': [ '0.6.8' ],
1171 silly audit   'babel-plugin-react-compiler': [ '1.0.0' ],
1171 silly audit   'babel-plugin-react-native-web': [ '0.21.2' ],
1171 silly audit   'babel-plugin-transform-flow-enums': [ '0.0.2' ],
1171 silly audit   'babel-preset-current-node-syntax': [ '1.2.0' ],
1171 silly audit   'babel-preset-jest': [ '29.6.3' ],
1171 silly audit   'balanced-match': [ '1.0.2', '4.0.4' ],
1171 silly audit   'base64-js': [ '1.5.1' ],
1171 silly audit   'baseline-browser-mapping': [ '2.10.12' ],
1171 silly audit   open: [ '7.4.2', '8.4.2' ],
1171 silly audit   braces: [ '3.0.3' ],
1171 silly audit   browserslist: [ '4.28.1' ],
1171 silly audit   bser: [ '2.1.1' ],
1171 silly audit   buffer: [ '5.7.1' ],
1171 silly audit   'buffer-from': [ '1.1.2' ],
1171 silly audit   'caniuse-lite': [ '1.0.30001781' ],
1171 silly audit   'chrome-launcher': [ '0.15.2' ],
1171 silly audit   'chromium-edge-launcher': [ '0.2.0' ],
1171 silly audit   'ci-info': [ '2.0.0', '3.9.0' ],
1171 silly audit   cliui: [ '8.0.1' ],
1171 silly audit   color: [ '4.2.3' ],
1171 silly audit   'color-string': [ '1.9.1' ],
1171 silly audit   commander: [ '12.1.0', '2.20.3', '7.2.0', '4.1.1' ],
1171 silly audit   ms: [ '2.0.0', '2.1.3' ],
1171 silly audit   negotiator: [ '0.6.3', '0.6.4' ],
1171 silly audit   'concat-map': [ '0.0.1' ],
1171 silly audit   connect: [ '3.7.0' ],
1171 silly audit   'convert-source-map': [ '2.0.0' ],
1171 silly audit   'core-js-compat': [ '3.49.0' ],
1171 silly audit   'cross-fetch': [ '3.2.0' ],
1171 silly audit   'css-in-js-utils': [ '3.1.0' ],
1171 silly audit   'decode-uri-component': [ '0.2.2' ],
1171 silly audit   depd: [ '2.0.0' ],
1171 silly audit   destroy: [ '1.2.0' ],
1171 silly audit   'ee-first': [ '1.1.1' ],
1171 silly audit   'electron-to-chromium': [ '1.5.328' ],
1171 silly audit   'emoji-regex': [ '8.0.0' ],
1171 silly audit   encodeurl: [ '1.0.2', '2.0.0' ],
1171 silly audit   'error-stack-parser': [ '2.1.4' ],
1171 silly audit   escalade: [ '3.2.0' ],
1171 silly audit   'escape-html': [ '1.0.3' ],
1171 silly audit   esprima: [ '4.0.1' ],
1171 silly audit   etag: [ '1.8.1' ],
1171 silly audit   'event-target-shim': [ '5.0.1' ],
1171 silly audit   'expo-status-bar': [ '3.0.9' ],
1171 silly audit   picomatch: [ '2.3.2', '4.0.4' ],
1171 silly audit   'exponential-backoff': [ '3.1.3' ],
1171 silly audit   'fast-deep-equal': [ '3.1.3' ],
1171 silly audit   'fast-json-stable-stringify': [ '2.1.0' ],
1171 silly audit   'fb-watchman': [ '2.0.2' ],
1171 silly audit   fbjs: [ '3.0.5' ],
1171 silly audit   'fbjs-css-vars': [ '1.0.2' ],
1171 silly audit   promise: [ '7.3.1', '8.3.0' ],
1171 silly audit   'fill-range': [ '7.1.1' ],
1171 silly audit   'filter-obj': [ '1.1.0' ],
1171 silly audit   finalhandler: [ '1.1.2' ],
1171 silly audit   'find-up': [ '4.1.0' ],
1171 silly audit   'flow-enums-runtime': [ '0.0.6' ],
1171 silly audit   fontfaceobserver: [ '2.3.0' ],
1171 silly audit   fresh: [ '0.5.2' ],
1171 silly audit   'fs.realpath': [ '1.0.0' ],
1171 silly audit   fsevents: [ '2.3.3' ],
1171 silly audit   'function-bind': [ '1.1.2' ],
1171 silly audit   gensync: [ '1.0.0-beta.2' ],
1171 silly audit   'get-caller-file': [ '2.0.5' ],
1171 silly audit   'get-package-type': [ '0.1.0' ],
1171 silly audit   'graceful-fs': [ '4.2.11' ],
1171 silly audit   hasown: [ '2.0.2' ],
1171 silly audit   'hoist-non-react-statics': [ '3.3.2' ],
1171 silly audit   'lru-cache': [ '5.1.1', '11.3.6', '10.4.3' ],
1171 silly audit   'http-errors': [ '2.0.1' ],
1171 silly audit   statuses: [ '2.0.2', '1.5.0' ],
1171 silly audit   'https-proxy-agent': [ '7.0.6' ],
1171 silly audit   'hyphenate-style-name': [ '1.1.0' ],
1171 silly audit   ieee754: [ '1.2.1' ],
1171 silly audit   'image-size': [ '1.2.1' ],
1171 silly audit   imurmurhash: [ '0.1.4' ],
1171 silly audit   inflight: [ '1.0.6' ],
1171 silly audit   inherits: [ '2.0.4' ],
1171 silly audit   'inline-style-prefixer': [ '7.0.1' ],
1171 silly audit   invariant: [ '2.2.4' ],
1171 silly audit   'is-arrayish': [ '0.3.4' ],
1171 silly audit   'is-core-module': [ '2.16.1' ],
1171 silly audit   'is-docker': [ '2.2.1' ],
1171 silly audit   'is-fullwidth-code-point': [ '3.0.0' ],
1171 silly audit   'is-number': [ '7.0.0' ],
1171 silly audit   'is-wsl': [ '2.2.0' ],
1171 silly audit   'istanbul-lib-coverage': [ '3.2.2' ],
1171 silly audit   'istanbul-lib-instrument': [ '5.2.1' ],
1171 silly audit   'jest-environment-node': [ '29.7.0' ],
1171 silly audit   'jest-get-type': [ '29.6.3' ],
1171 silly audit   'jest-haste-map': [ '29.7.0' ],
1171 silly audit   'jest-message-util': [ '29.7.0' ],
1171 silly audit   'jest-mock': [ '29.7.0' ],
1171 silly audit   'jest-regex-util': [ '29.6.3' ],
1171 silly audit   'jest-util': [ '29.7.0' ],
1171 silly audit   'jest-validate': [ '29.7.0' ],
1171 silly audit   'jest-worker': [ '29.7.0' ],
1171 silly audit   'js-tokens': [ '4.0.0' ],
1171 silly audit   'jsc-safe-url': [ '0.2.4' ],
1171 silly audit   jsesc: [ '3.1.0' ],
1171 silly audit   json5: [ '2.2.3' ],
1171 silly audit   leven: [ '3.1.0' ],
1171 silly audit   'lighthouse-logger': [ '1.4.2' ],
1171 silly audit   'locate-path': [ '5.0.0' ],
1171 silly audit   'lodash.debounce': [ '4.0.8' ],
1171 silly audit   'lodash.throttle': [ '4.1.1' ],
1171 silly audit   'loose-envify': [ '1.4.0' ],
1171 silly audit   makeerror: [ '1.0.12' ],
1171 silly audit   marky: [ '1.3.0' ],
1171 silly audit   'memoize-one': [ '5.2.1', '6.0.0' ],
1171 silly audit   'merge-stream': [ '2.0.0' ],
1171 silly audit   metro: [ '0.83.3' ],
1171 silly audit   'metro-babel-transformer': [ '0.83.3' ],
1171 silly audit   'metro-cache': [ '0.83.3' ],
1171 silly audit   'metro-cache-key': [ '0.83.3' ],
1171 silly audit   'metro-config': [ '0.83.3' ],
1171 silly audit   'metro-core': [ '0.83.3' ],
1171 silly audit   'metro-file-map': [ '0.83.3' ],
1171 silly audit   'metro-minify-terser': [ '0.83.3' ],
1171 silly audit   'metro-resolver': [ '0.83.3' ],
1171 silly audit   'metro-runtime': [ '0.83.3' ],
1171 silly audit   'metro-source-map': [ '0.83.3' ],
1171 silly audit   'metro-symbolicate': [ '0.83.3' ],
1171 silly audit   'metro-transform-plugins': [ '0.83.3' ],
1171 silly audit   'metro-transform-worker': [ '0.83.3' ],
1171 silly audit   micromatch: [ '4.0.8' ],
1171 silly audit   mime: [ '1.6.0' ],
1171 silly audit   'mime-db': [ '1.52.0' ],
1171 silly audit   'mime-types': [ '2.1.35' ],
1171 silly audit   mkdirp: [ '1.0.4' ],
1171 silly audit   nanoid: [ '3.3.11' ],
1171 silly audit   'node-fetch': [ '2.7.0' ],
1171 silly audit   'node-int64': [ '0.4.0' ],
1171 silly audit   'node-releases': [ '2.0.36' ],
1171 silly audit   'normalize-path': [ '3.0.0' ],
1171 silly audit   nullthrows: [ '1.1.1' ],
1171 silly audit   ob1: [ '0.83.3' ],
1171 silly audit   'object-assign': [ '4.1.1' ],
1171 silly audit   'on-finished': [ '2.3.0', '2.4.1' ],
1171 silly audit   once: [ '1.4.0' ],
1171 silly audit   'strip-ansi': [ '6.0.1', '5.2.0' ],
1171 silly audit   'p-limit': [ '2.3.0', '3.1.0' ],
1171 silly audit   'p-locate': [ '4.1.0' ],
1171 silly audit   'p-try': [ '2.2.0' ],
1171 silly audit   parseurl: [ '1.3.3' ],
1171 silly audit   'path-exists': [ '4.0.0' ],
1171 silly audit   'path-is-absolute': [ '1.0.1' ],
1171 silly audit   'path-parse': [ '1.0.7' ],
1171 silly audit   picocolors: [ '1.1.1' ],
1171 silly audit   pirates: [ '4.0.7' ],
1171 silly audit   'postcss-value-parser': [ '4.2.0' ],
1171 silly audit   'pretty-format': [ '29.7.0' ],
1171 silly audit   punycode: [ '2.3.1' ],
1171 silly audit   'query-string': [ '7.1.3' ],
1171 silly audit   queue: [ '6.0.2' ],
1171 silly audit   'range-parser': [ '1.2.1' ],
1171 silly audit   react: [ '19.1.0' ],
1171 silly audit   'react-devtools-core': [ '6.1.5' ],
1171 silly audit   'react-dom': [ '19.1.0' ],
1171 silly audit   'react-freeze': [ '1.0.4' ],
1171 silly audit   'react-native': [ '0.81.5' ],
1171 silly audit   'react-native-drawer-layout': [ '4.2.2' ],
1171 silly audit   'react-native-gesture-handler': [ '2.28.0' ],
1171 silly audit   'react-native-is-edge-to-edge': [ '1.3.1' ],
1171 silly audit   'react-native-reanimated': [ '4.3.0' ],
1171 silly audit   'react-native-safe-area-context': [ '5.6.2' ],
1171 silly audit   'react-native-screens': [ '4.16.0' ],
1171 silly audit   'react-native-web': [ '0.21.2' ],
1171 silly audit   'react-native-worklets': [ '0.8.1' ],
1171 silly audit   '@react-native/virtualized-lists': [ '0.81.5' ],
1171 silly audit   'react-refresh': [ '0.14.2' ],
1171 silly audit   regenerate: [ '1.4.2' ],
1171 silly audit   'regenerate-unicode-properties': [ '10.2.2' ],
1171 silly audit   'regenerator-runtime': [ '0.13.11' ],
1171 silly audit   'regexpu-core': [ '6.4.0' ],
1171 silly audit   regjsgen: [ '0.8.0' ],
1171 silly audit   regjsparser: [ '0.13.0' ],
1171 silly audit   'require-directory': [ '2.1.1' ],
1171 silly audit   resolve: [ '1.22.11', '1.7.1' ],
1171 silly audit   'resolve-from': [ '5.0.0' ],
1171 silly audit   rimraf: [ '3.0.2' ],
1171 silly audit   scheduler: [ '0.26.0' ],
1171 silly audit   send: [ '0.19.2' ],
1171 silly audit   'serialize-error': [ '2.1.0' ],
1171 silly audit   'serve-static': [ '1.16.3' ],
1171 silly audit   setimmediate: [ '1.0.5' ],
1171 silly audit   setprototypeof: [ '1.2.0' ],
1171 silly audit   'sf-symbols-typescript': [ '2.2.0' ],
1171 silly audit   'shell-quote': [ '1.8.3' ],
1171 silly audit   'signal-exit': [ '3.0.7' ],
1171 silly audit   'simple-swizzle': [ '0.2.4' ],
1171 silly audit   slash: [ '3.0.0' ],
1171 silly audit   'source-map': [ '0.5.7', '0.6.1' ],
1171 silly audit   'source-map-support': [ '0.5.21' ],
1171 silly audit   'split-on-first': [ '1.1.0' ],
1171 silly audit   'sprintf-js': [ '1.0.3' ],
1171 silly audit   'stack-utils': [ '2.0.6' ],
1171 silly audit   stackframe: [ '1.3.4' ],
1171 silly audit   'stacktrace-parser': [ '0.1.11' ],
1171 silly audit   'strict-uri-encode': [ '2.0.0' ],
1171 silly audit   'string-width': [ '4.2.3' ],
1171 silly audit   styleq: [ '0.1.3' ],
1171 silly audit   'supports-preserve-symlinks-flag': [ '1.0.0' ],
1171 silly audit   yallist: [ '3.1.1', '5.0.0' ],
1171 silly audit   terser: [ '5.46.1' ],
1171 silly audit   'test-exclude': [ '6.0.0' ],
1171 silly audit   throat: [ '5.0.0' ],
1171 silly audit   tinyglobby: [ '0.2.15' ],
1171 silly audit   fdir: [ '6.5.0' ],
1171 silly audit   tmpl: [ '1.0.5' ],
1171 silly audit   'to-regex-range': [ '5.0.1' ],
1171 silly audit   toidentifier: [ '1.0.1' ],
1171 silly audit   tr46: [ '0.0.3' ],
1171 silly audit   'type-detect': [ '4.0.8' ],
1171 silly audit   'ua-parser-js': [ '1.0.41' ],
1171 silly audit   'undici-types': [ '7.18.2' ],
1171 silly audit   'unicode-canonical-property-names-ecmascript': [ '2.0.1' ],
1171 silly audit   'unicode-match-property-ecmascript': [ '2.0.0' ],
1171 silly audit   'unicode-match-property-value-ecmascript': [ '2.2.1' ],
1171 silly audit   'unicode-property-aliases-ecmascript': [ '2.2.0' ],
1171 silly audit   unpipe: [ '1.0.0' ],
1171 silly audit   'update-browserslist-db': [ '1.2.3' ],
1171 silly audit   'use-latest-callback': [ '0.2.6' ],
1171 silly audit   'use-sync-external-store': [ '1.6.0' ],
1171 silly audit   'utils-merge': [ '1.0.1' ],
1171 silly audit   vlq: [ '1.0.1' ],
1171 silly audit   walker: [ '1.0.8' ],
1171 silly audit   'warn-once': [ '0.1.1' ],
1171 silly audit   'webidl-conversions': [ '5.0.0', '3.0.1' ],
1171 silly audit   'whatwg-fetch': [ '3.6.20' ],
1171 silly audit   'whatwg-url': [ '5.0.0' ],
1171 silly audit   'whatwg-url-without-unicode': [ '8.0.0-3' ],
1171 silly audit   'wrap-ansi': [ '7.0.0' ],
1171 silly audit   wrappy: [ '1.0.2' ],
1171 silly audit   'write-file-atomic': [ '4.0.2' ],
1171 silly audit   y18n: [ '5.0.8' ],
1171 silly audit   yaml: [ '2.8.3' ],
1171 silly audit   yargs: [ '17.7.2' ],
1171 silly audit   'yargs-parser': [ '21.1.1' ],
1171 silly audit   expo: [ '54.0.34' ],
1171 silly audit   '@expo/vector-icons': [ '15.1.1' ],
1171 silly audit   'babel-preset-expo': [ '54.0.10' ],
1171 silly audit   'expo-font': [ '14.0.11' ],
1171 silly audit   'expo-keep-awake': [ '15.0.8' ],
1171 silly audit   '@expo/cli': [ '54.0.24' ],
1171 silly audit   '@expo/config': [ '12.0.13' ],
1171 silly audit   '@expo/config-plugins': [ '54.0.4' ],
1171 silly audit   '@expo/fingerprint': [ '0.15.5' ],
1171 silly audit   '@expo/metro': [ '54.2.0' ],
1171 silly audit   '@expo/metro-config': [ '54.0.15' ],
1171 silly audit   'expo-asset': [ '12.0.13' ],
1171 silly audit   'expo-constants': [ '18.0.13' ],
1171 silly audit   'expo-file-system': [ '19.0.22' ],
1171 silly audit   'expo-modules-autolinking': [ '3.0.25' ],
1171 silly audit   'expo-modules-core': [ '3.0.30' ],
1171 silly audit   '@expo/config-types': [ '54.0.10' ],
1171 silly audit   '@expo/json-file': [ '10.0.13' ],
1171 silly audit   deepmerge: [ '4.3.1' ],
1171 silly audit   getenv: [ '2.0.0' ],
1171 silly audit   'require-from-string': [ '2.0.2' ],
1171 silly audit   'resolve-workspace-root': [ '2.0.1' ],
1171 silly audit   slugify: [ '1.6.9' ],
1171 silly audit   sucrase: [ '3.35.1' ],
1171 silly audit   '@babel/highlight': [ '7.25.9' ],
1171 silly audit   '@expo/plist': [ '0.4.8' ],
1171 silly audit   '@expo/sdk-runtime-versions': [ '1.0.0' ],
1171 silly audit   xcode: [ '3.0.1' ],
1171 silly audit   xml2js: [ '0.6.0' ],
1171 silly audit   '@expo/spawn-async': [ '1.7.2' ],
1171 silly audit   arg: [ '5.0.2' ],
1171 silly audit   ignore: [ '5.3.2' ],
1171 silly audit   '@expo/env': [ '2.0.11' ],
1171 silly audit   dotenv: [ '16.4.7' ],
1171 silly audit   'dotenv-expand': [ '11.0.7' ],
1171 silly audit   lightningcss: [ '1.32.0' ],
1171 silly audit   postcss: [ '8.4.49' ],
1171 silly audit   '@xmldom/xmldom': [ '0.8.13', '0.9.10' ],
1171 silly audit   xmlbuilder: [ '15.1.1', '11.0.1' ],
1171 silly audit   'cross-spawn': [ '7.0.6' ],
1171 silly audit   'path-key': [ '3.1.1' ],
1171 silly audit   'shebang-command': [ '2.0.0' ],
1171 silly audit   which: [ '2.0.2' ],
1171 silly audit   '@expo/image-utils': [ '0.8.13' ],
1171 silly audit   '@expo/require-utils': [ '55.0.4' ],
1171 silly audit   'jimp-compact': [ '0.16.1' ],
1171 silly audit   'parse-png': [ '2.1.0' ],
1171 silly audit   minipass: [ '7.1.3' ],
1171 silly audit   'path-scurry': [ '2.0.2' ],
1171 silly audit   'detect-libc': [ '2.1.2' ],
1171 silly audit   'lightningcss-android-arm64': [ '1.32.0' ],
1171 silly audit   'lightningcss-darwin-arm64': [ '1.32.0' ],
1171 silly audit   'lightningcss-darwin-x64': [ '1.32.0' ],
1171 silly audit   'lightningcss-freebsd-x64': [ '1.32.0' ],
1171 silly audit   'lightningcss-linux-arm-gnueabihf': [ '1.32.0' ],
1171 silly audit   'lightningcss-linux-arm64-gnu': [ '1.32.0' ],
1171 silly audit   'lightningcss-linux-arm64-musl': [ '1.32.0' ],
1171 silly audit   'lightningcss-linux-x64-gnu': [ '1.32.0' ],
1171 silly audit   'lightningcss-linux-x64-musl': [ '1.32.0' ],
1171 silly audit   'lightningcss-win32-arm64-msvc': [ '1.32.0' ],
1171 silly audit   'lightningcss-win32-x64-msvc': [ '1.32.0' ],
1171 silly audit   'yocto-queue': [ '0.1.0' ],
1171 silly audit   pngjs: [ '3.4.0' ],
1171 silly audit   'source-map-js': [ '1.2.1' ],
1171 silly audit   'shebang-regex': [ '3.0.0' ],
1171 silly audit   'lines-and-columns': [ '1.2.4' ],
1171 silly audit   mz: [ '2.7.0' ],
1171 silly audit   'ts-interface-checker': [ '0.1.13' ],
1171 silly audit   'any-promise': [ '1.3.0' ],
1171 silly audit   'thenify-all': [ '1.6.0' ],
1171 silly audit   thenify: [ '3.3.1' ],
1171 silly audit   isexe: [ '2.0.0' ],
1171 silly audit   'simple-plist': [ '1.3.1' ],
1171 silly audit   uuid: [ '7.0.3' ],
1171 silly audit   'bplist-creator': [ '0.1.0' ],
1171 silly audit   'bplist-parser': [ '0.3.1' ],
1171 silly audit   plist: [ '3.1.1' ],
1171 silly audit   'stream-buffers': [ '2.2.0' ],
1171 silly audit   'big-integer': [ '1.6.52' ],
1171 silly audit   sax: [ '1.6.0' ],
1171 silly audit   '@0no-co/graphql.web': [ '1.2.0' ],
1171 silly audit   '@expo/code-signing-certificates': [ '0.0.6' ],
1171 silly audit   '@expo/devcert': [ '1.2.1' ],
1171 silly audit   '@expo/osascript': [ '2.4.2' ],
1171 silly audit   '@expo/package-manager': [ '1.10.4' ],
1171 silly audit   '@expo/prebuild-config': [ '54.0.8' ],
1171 silly audit   '@expo/schema-utils': [ '0.1.8' ],
1171 silly audit   '@expo/ws-tunnel': [ '1.0.6' ],
1171 silly audit   '@expo/xcpretty': [ '4.4.3' ],
1171 silly audit   '@urql/core': [ '5.2.0' ],
1171 silly audit   '@urql/exchange-retry': [ '1.3.2' ],
1171 silly audit   'better-opn': [ '3.0.2' ],
1171 silly audit   compression: [ '1.8.1' ],
1171 silly audit   'env-editor': [ '0.4.2' ],
1171 silly audit   'expo-server': [ '1.0.6' ],
1171 silly audit   'freeport-async': [ '2.0.0' ],
1171 silly audit   'lan-network': [ '0.2.1' ],
1171 silly audit   'node-forge': [ '1.4.0' ],
1171 silly audit   'npm-package-arg': [ '11.0.3' ],
1171 silly audit   ora: [ '3.4.0' ],
1171 silly audit   'pretty-bytes': [ '5.6.0' ],
1171 silly audit   progress: [ '2.0.3' ],
1171 silly audit   prompts: [ '2.4.2' ],
1171 silly audit   'qrcode-terminal': [ '0.11.0' ],
1171 silly audit   requireg: [ '0.2.2' ],
1171 silly audit   'resolve.exports': [ '2.0.3' ],
1171 silly audit   'structured-headers': [ '0.4.1' ],
1171 silly audit   tar: [ '7.5.13' ],
1171 silly audit   'terminal-link': [ '2.1.1' ],
1171 silly audit   undici: [ '6.25.0' ],
1171 silly audit   '@expo/sudo-prompt': [ '9.3.2' ],
1171 silly audit   wonka: [ '6.3.6' ],
1171 silly audit   bytes: [ '3.1.2' ],
1171 silly audit   compressible: [ '2.0.18' ],
1171 silly audit   'on-headers': [ '1.1.0' ],
1171 silly audit   'safe-buffer': [ '5.2.1' ],
1171 silly audit   vary: [ '1.1.2' ],
1171 silly audit   'hosted-git-info': [ '7.0.2' ],
1171 silly audit   'proc-log': [ '4.2.0' ],
1171 silly audit   'validate-npm-package-name': [ '5.0.1' ],
1171 silly audit   'cli-cursor': [ '2.1.0' ],
1171 silly audit   'cli-spinners': [ '2.9.2' ],
1171 silly audit   'log-symbols': [ '2.2.0' ],
1171 silly audit   wcwidth: [ '1.0.1' ],
1171 silly audit   'restore-cursor': [ '2.0.0' ],
1171 silly audit   kleur: [ '3.0.3' ],
1171 silly audit   sisteransi: [ '1.0.5' ],
1171 silly audit   'nested-error-stacks': [ '2.0.1' ],
1171 silly audit   rc: [ '1.2.8' ],
1171 silly audit   'deep-extend': [ '0.6.0' ],
1171 silly audit   ini: [ '1.3.8' ],
1171 silly audit   minimist: [ '1.2.8' ],
1171 silly audit   'strip-json-comments': [ '2.0.1' ],
1171 silly audit   onetime: [ '2.0.1' ],
1171 silly audit   'mimic-fn': [ '1.2.0' ],
1171 silly audit   '@isaacs/fs-minipass': [ '4.0.1' ],
1171 silly audit   chownr: [ '3.0.0' ],
1171 silly audit   minizlib: [ '3.1.0' ],
1171 silly audit   'ansi-escapes': [ '4.3.2' ],
1171 silly audit   'supports-hyperlinks': [ '2.3.0' ],
1171 silly audit   defaults: [ '1.0.4' ],
1171 silly audit   clone: [ '1.0.4' ],
1171 silly audit   'define-lazy-prop': [ '2.0.0' ]
1171 silly audit }
1172 http cache define-lazy-prop@https://registry.npmjs.org/define-lazy-prop/-/define-lazy-prop-2.0.0.tgz 0ms (cache hit)
1173 http cache clone@https://registry.npmjs.org/clone/-/clone-1.0.4.tgz 0ms (cache hit)
1174 http cache defaults@https://registry.npmjs.org/defaults/-/defaults-1.0.4.tgz 0ms (cache hit)
1175 http cache supports-hyperlinks@https://registry.npmjs.org/supports-hyperlinks/-/supports-hyperlinks-2.3.0.tgz 0ms (cache hit)
1176 http cache minizlib@https://registry.npmjs.org/minizlib/-/minizlib-3.1.0.tgz 0ms (cache hit)
1177 http cache chownr@https://registry.npmjs.org/chownr/-/chownr-3.0.0.tgz 0ms (cache hit)
1178 http cache ansi-escapes@https://registry.npmjs.org/ansi-escapes/-/ansi-escapes-4.3.2.tgz 0ms (cache hit)
1179 http cache mimic-fn@https://registry.npmjs.org/mimic-fn/-/mimic-fn-1.2.0.tgz 0ms (cache hit)
1180 http cache @isaacs/fs-minipass@https://registry.npmjs.org/@isaacs/fs-minipass/-/fs-minipass-4.0.1.tgz 1ms (cache hit)
1181 http cache strip-json-comments@https://registry.npmjs.org/strip-json-comments/-/strip-json-comments-2.0.1.tgz 0ms (cache hit)
1182 http cache minimist@https://registry.npmjs.org/minimist/-/minimist-1.2.8.tgz 0ms (cache hit)
1183 http cache onetime@https://registry.npmjs.org/onetime/-/onetime-2.0.1.tgz 0ms (cache hit)
1184 http cache deep-extend@https://registry.npmjs.org/deep-extend/-/deep-extend-0.6.0.tgz 0ms (cache hit)
1185 http cache ini@https://registry.npmjs.org/ini/-/ini-1.3.8.tgz 0ms (cache hit)
1186 http cache nested-error-stacks@https://registry.npmjs.org/nested-error-stacks/-/nested-error-stacks-2.0.1.tgz 0ms (cache hit)
1187 http cache rc@https://registry.npmjs.org/rc/-/rc-1.2.8.tgz 0ms (cache hit)
1188 http cache sisteransi@https://registry.npmjs.org/sisteransi/-/sisteransi-1.0.5.tgz 0ms (cache hit)
1189 http cache log-symbols@https://registry.npmjs.org/log-symbols/-/log-symbols-2.2.0.tgz 0ms (cache hit)
1190 http cache restore-cursor@https://registry.npmjs.org/restore-cursor/-/restore-cursor-2.0.0.tgz 0ms (cache hit)
1191 http cache kleur@https://registry.npmjs.org/kleur/-/kleur-3.0.3.tgz 0ms (cache hit)
1192 http cache cli-spinners@https://registry.npmjs.org/cli-spinners/-/cli-spinners-2.9.2.tgz 0ms (cache hit)
1193 http cache cli-cursor@https://registry.npmjs.org/cli-cursor/-/cli-cursor-2.1.0.tgz 0ms (cache hit)
1194 http cache wcwidth@https://registry.npmjs.org/wcwidth/-/wcwidth-1.0.1.tgz 0ms (cache hit)
1195 http cache proc-log@https://registry.npmjs.org/proc-log/-/proc-log-4.2.0.tgz 0ms (cache hit)
1196 http cache validate-npm-package-name@https://registry.npmjs.org/validate-npm-package-name/-/validate-npm-package-name-5.0.1.tgz 0ms (cache hit)
1197 http cache vary@https://registry.npmjs.org/vary/-/vary-1.1.2.tgz 0ms (cache hit)
1198 http cache hosted-git-info@https://registry.npmjs.org/hosted-git-info/-/hosted-git-info-7.0.2.tgz 0ms (cache hit)
1199 http cache safe-buffer@https://registry.npmjs.org/safe-buffer/-/safe-buffer-5.2.1.tgz 0ms (cache hit)
1200 http cache on-headers@https://registry.npmjs.org/on-headers/-/on-headers-1.1.0.tgz 0ms (cache hit)
1201 http cache compressible@https://registry.npmjs.org/compressible/-/compressible-2.0.18.tgz 0ms (cache hit)
1202 http cache wonka@https://registry.npmjs.org/wonka/-/wonka-6.3.6.tgz 0ms (cache hit)
1203 http cache undici@https://registry.npmjs.org/undici/-/undici-6.25.0.tgz 0ms (cache hit)
1204 http cache bytes@https://registry.npmjs.org/bytes/-/bytes-3.1.2.tgz 0ms (cache hit)
1205 http cache structured-headers@https://registry.npmjs.org/structured-headers/-/structured-headers-0.4.1.tgz 0ms (cache hit)
1206 http cache terminal-link@https://registry.npmjs.org/terminal-link/-/terminal-link-2.1.1.tgz 0ms (cache hit)
1207 http cache resolve.exports@https://registry.npmjs.org/resolve.exports/-/resolve.exports-2.0.3.tgz 0ms (cache hit)
1208 http cache @expo/sudo-prompt@https://registry.npmjs.org/@expo/sudo-prompt/-/sudo-prompt-9.3.2.tgz 0ms (cache hit)
1209 http cache prompts@https://registry.npmjs.org/prompts/-/prompts-2.4.2.tgz 0ms (cache hit)
1210 http cache requireg@https://registry.npmjs.org/requireg/-/requireg-0.2.2.tgz 0ms (cache hit)
1211 http cache progress@https://registry.npmjs.org/progress/-/progress-2.0.3.tgz 0ms (cache hit)
1212 http cache qrcode-terminal@https://registry.npmjs.org/qrcode-terminal/-/qrcode-terminal-0.11.0.tgz 0ms (cache hit)
1213 http cache tar@https://registry.npmjs.org/tar/-/tar-7.5.13.tgz 0ms (cache hit)
1214 http cache pretty-bytes@https://registry.npmjs.org/pretty-bytes/-/pretty-bytes-5.6.0.tgz 0ms (cache hit)
1215 http cache node-forge@https://registry.npmjs.org/node-forge/-/node-forge-1.4.0.tgz 0ms (cache hit)
1216 http cache npm-package-arg@https://registry.npmjs.org/npm-package-arg/-/npm-package-arg-11.0.3.tgz 0ms (cache hit)
1217 http cache env-editor@https://registry.npmjs.org/env-editor/-/env-editor-0.4.2.tgz 0ms (cache hit)
1218 http cache compression@https://registry.npmjs.org/compression/-/compression-1.8.1.tgz 0ms (cache hit)
1219 http cache lan-network@https://registry.npmjs.org/lan-network/-/lan-network-0.2.1.tgz 0ms (cache hit)
1220 http cache freeport-async@https://registry.npmjs.org/freeport-async/-/freeport-async-2.0.0.tgz 0ms (cache hit)
1221 http cache expo-server@https://registry.npmjs.org/expo-server/-/expo-server-1.0.6.tgz 0ms (cache hit)
1222 http cache better-opn@https://registry.npmjs.org/better-opn/-/better-opn-3.0.2.tgz 0ms (cache hit)
1223 http cache @expo/ws-tunnel@https://registry.npmjs.org/@expo/ws-tunnel/-/ws-tunnel-1.0.6.tgz 0ms (cache hit)
1224 http cache ora@https://registry.npmjs.org/ora/-/ora-3.4.0.tgz 0ms (cache hit)
1225 http cache @expo/xcpretty@https://registry.npmjs.org/@expo/xcpretty/-/xcpretty-4.4.3.tgz 0ms (cache hit)
1226 http cache @urql/exchange-retry@https://registry.npmjs.org/@urql/exchange-retry/-/exchange-retry-1.3.2.tgz 0ms (cache hit)
1227 http cache @expo/schema-utils@https://registry.npmjs.org/@expo/schema-utils/-/schema-utils-0.1.8.tgz 0ms (cache hit)
1228 http cache @expo/package-manager@https://registry.npmjs.org/@expo/package-manager/-/package-manager-1.10.4.tgz 0ms (cache hit)
1229 http cache @urql/core@https://registry.npmjs.org/@urql/core/-/core-5.2.0.tgz 0ms (cache hit)
1230 http cache @expo/osascript@https://registry.npmjs.org/@expo/osascript/-/osascript-2.4.2.tgz 0ms (cache hit)
1231 http cache @expo/code-signing-certificates@https://registry.npmjs.org/@expo/code-signing-certificates/-/code-signing-certificates-0.0.6.tgz 0ms (cache hit)
1232 http cache @0no-co/graphql.web@https://registry.npmjs.org/@0no-co/graphql.web/-/graphql.web-1.2.0.tgz 0ms (cache hit)
1233 http cache @expo/devcert@https://registry.npmjs.org/@expo/devcert/-/devcert-1.2.1.tgz 0ms (cache hit)
1234 http cache sax@https://registry.npmjs.org/sax/-/sax-1.6.0.tgz 0ms (cache hit)
1235 http cache big-integer@https://registry.npmjs.org/big-integer/-/big-integer-1.6.52.tgz 0ms (cache hit)
1236 http cache stream-buffers@https://registry.npmjs.org/stream-buffers/-/stream-buffers-2.2.0.tgz 0ms (cache hit)
1237 http cache bplist-parser@https://registry.npmjs.org/bplist-parser/-/bplist-parser-0.3.1.tgz 0ms (cache hit)
1238 http cache isexe@https://registry.npmjs.org/isexe/-/isexe-2.0.0.tgz 0ms (cache hit)
1239 http cache simple-plist@https://registry.npmjs.org/simple-plist/-/simple-plist-1.3.1.tgz 0ms (cache hit)
1240 http cache plist@https://registry.npmjs.org/plist/-/plist-3.1.1.tgz 0ms (cache hit)
1241 http cache uuid@https://registry.npmjs.org/uuid/-/uuid-7.0.3.tgz 0ms (cache hit)
1242 http cache thenify@https://registry.npmjs.org/thenify/-/thenify-3.3.1.tgz 0ms (cache hit)
1243 http cache has-flag@https://registry.npmjs.org/has-flag/-/has-flag-3.0.0.tgz 0ms (cache hit)
1244 http cache bplist-creator@https://registry.npmjs.org/bplist-creator/-/bplist-creator-0.1.0.tgz 0ms (cache hit)
1245 http cache thenify-all@https://registry.npmjs.org/thenify-all/-/thenify-all-1.6.0.tgz 0ms (cache hit)
1246 http cache any-promise@https://registry.npmjs.org/any-promise/-/any-promise-1.3.0.tgz 0ms (cache hit)
1247 http cache lines-and-columns@https://registry.npmjs.org/lines-and-columns/-/lines-and-columns-1.2.4.tgz 0ms (cache hit)
1248 http cache ts-interface-checker@https://registry.npmjs.org/ts-interface-checker/-/ts-interface-checker-0.1.13.tgz 0ms (cache hit)
1249 http cache mz@https://registry.npmjs.org/mz/-/mz-2.7.0.tgz 0ms (cache hit)
1250 http cache shebang-regex@https://registry.npmjs.org/shebang-regex/-/shebang-regex-3.0.0.tgz 0ms (cache hit)
1251 http cache pngjs@https://registry.npmjs.org/pngjs/-/pngjs-3.4.0.tgz 0ms (cache hit)
1252 http cache source-map-js@https://registry.npmjs.org/source-map-js/-/source-map-js-1.2.1.tgz 0ms (cache hit)
1253 http cache yocto-queue@https://registry.npmjs.org/yocto-queue/-/yocto-queue-0.1.0.tgz 0ms (cache hit)
1254 http cache brace-expansion@https://registry.npmjs.org/brace-expansion/-/brace-expansion-5.0.5.tgz 0ms (cache hit)
1255 http cache detect-libc@https://registry.npmjs.org/detect-libc/-/detect-libc-2.1.2.tgz 0ms (cache hit)
1256 http cache lightningcss-win32-x64-msvc@https://registry.npmjs.org/lightningcss-win32-x64-msvc/-/lightningcss-win32-x64-msvc-1.32.0.tgz 0ms (cache hit)
1257 http cache @expo/prebuild-config@https://registry.npmjs.org/@expo/prebuild-config/-/prebuild-config-54.0.8.tgz 0ms (cache hit)
1258 http cache path-scurry@https://registry.npmjs.org/path-scurry/-/path-scurry-2.0.2.tgz 0ms (cache hit)
1259 http cache minipass@https://registry.npmjs.org/minipass/-/minipass-7.1.3.tgz 0ms (cache hit)
1260 http cache commander@https://registry.npmjs.org/commander/-/commander-7.2.0.tgz 0ms (cache hit)
1261 http cache @expo/require-utils@https://registry.npmjs.org/@expo/require-utils/-/require-utils-55.0.4.tgz 0ms (cache hit)
1262 http cache @expo/image-utils@https://registry.npmjs.org/@expo/image-utils/-/image-utils-0.8.13.tgz 0ms (cache hit)
1263 http cache parse-png@https://registry.npmjs.org/parse-png/-/parse-png-2.1.0.tgz 0ms (cache hit)
1264 http cache shebang-command@https://registry.npmjs.org/shebang-command/-/shebang-command-2.0.0.tgz 0ms (cache hit)
1265 http cache path-key@https://registry.npmjs.org/path-key/-/path-key-3.1.1.tgz 0ms (cache hit)
1266 http cache jimp-compact@https://registry.npmjs.org/jimp-compact/-/jimp-compact-0.16.1.tgz 0ms (cache hit)
1267 http cache color-convert@https://registry.npmjs.org/color-convert/-/color-convert-1.9.3.tgz 0ms (cache hit)
1268 http cache supports-color@https://registry.npmjs.org/supports-color/-/supports-color-5.5.0.tgz 0ms (cache hit)
1269 http cache cross-spawn@https://registry.npmjs.org/cross-spawn/-/cross-spawn-7.0.6.tgz 0ms (cache hit)
1270 http cache ansi-styles@https://registry.npmjs.org/ansi-styles/-/ansi-styles-3.2.1.tgz 0ms (cache hit)
1271 http cache @xmldom/xmldom@https://registry.npmjs.org/@xmldom/xmldom/-/xmldom-0.8.13.tgz 0ms (cache hit)
1272 http cache which@https://registry.npmjs.org/which/-/which-2.0.2.tgz 0ms (cache hit)
1273 http cache xmlbuilder@https://registry.npmjs.org/xmlbuilder/-/xmlbuilder-15.1.1.tgz 0ms (cache hit)
1274 http cache escape-string-regexp@https://registry.npmjs.org/escape-string-regexp/-/escape-string-regexp-1.0.5.tgz 0ms (cache hit)
1275 http cache lightningcss@https://registry.npmjs.org/lightningcss/-/lightningcss-1.32.0.tgz 0ms (cache hit)
1276 http cache postcss@https://registry.npmjs.org/postcss/-/postcss-8.4.49.tgz 0ms (cache hit)
1277 http cache dotenv-expand@https://registry.npmjs.org/dotenv-expand/-/dotenv-expand-11.0.7.tgz 0ms (cache hit)
1278 http cache @expo/env@https://registry.npmjs.org/@expo/env/-/env-2.0.11.tgz 0ms (cache hit)
1279 http cache minimatch@https://registry.npmjs.org/minimatch/-/minimatch-10.2.5.tgz 0ms (cache hit)
1280 http cache ignore@https://registry.npmjs.org/ignore/-/ignore-5.3.2.tgz 0ms (cache hit)
1281 http cache arg@https://registry.npmjs.org/arg/-/arg-5.0.2.tgz 0ms (cache hit)
1282 http cache @expo/sdk-runtime-versions@https://registry.npmjs.org/@expo/sdk-runtime-versions/-/sdk-runtime-versions-1.0.0.tgz 0ms (cache hit)
1283 http cache @expo/spawn-async@https://registry.npmjs.org/@expo/spawn-async/-/spawn-async-1.7.2.tgz 0ms (cache hit)
1284 http cache dotenv@https://registry.npmjs.org/dotenv/-/dotenv-16.4.7.tgz 0ms (cache hit)
1285 http cache xcode@https://registry.npmjs.org/xcode/-/xcode-3.0.1.tgz 0ms (cache hit)
1286 http cache xml2js@https://registry.npmjs.org/xml2js/-/xml2js-0.6.0.tgz 0ms (cache hit)
1287 http cache @babel/highlight@https://registry.npmjs.org/@babel/highlight/-/highlight-7.25.9.tgz 0ms (cache hit)
1288 http cache @expo/plist@https://registry.npmjs.org/@expo/plist/-/plist-0.4.8.tgz 0ms (cache hit)
1289 http cache chalk@https://registry.npmjs.org/chalk/-/chalk-2.4.2.tgz 0ms (cache hit)
1290 http cache sucrase@https://registry.npmjs.org/sucrase/-/sucrase-3.35.1.tgz 0ms (cache hit)
1291 http cache resolve-workspace-root@https://registry.npmjs.org/resolve-workspace-root/-/resolve-workspace-root-2.0.1.tgz 0ms (cache hit)
1292 http cache slugify@https://registry.npmjs.org/slugify/-/slugify-1.6.9.tgz 0ms (cache hit)
1293 http cache glob@https://registry.npmjs.org/glob/-/glob-13.0.6.tgz 0ms (cache hit)
1294 http cache require-from-string@https://registry.npmjs.org/require-from-string/-/require-from-string-2.0.2.tgz 0ms (cache hit)
1295 http cache getenv@https://registry.npmjs.org/getenv/-/getenv-2.0.0.tgz 0ms (cache hit)
1296 http cache @expo/config-types@https://registry.npmjs.org/@expo/config-types/-/config-types-54.0.10.tgz 0ms (cache hit)
1297 http cache deepmerge@https://registry.npmjs.org/deepmerge/-/deepmerge-4.3.1.tgz 0ms (cache hit)
1298 http cache expo-modules-autolinking@https://registry.npmjs.org/expo-modules-autolinking/-/expo-modules-autolinking-3.0.25.tgz 0ms (cache hit)
1299 http cache @babel/code-frame@https://registry.npmjs.org/@babel/code-frame/-/code-frame-7.10.4.tgz 0ms (cache hit)
1300 http cache expo-modules-core@https://registry.npmjs.org/expo-modules-core/-/expo-modules-core-3.0.30.tgz 0ms (cache hit)
1301 http cache @expo/json-file@https://registry.npmjs.org/@expo/json-file/-/json-file-10.0.13.tgz 0ms (cache hit)
1302 http cache expo-file-system@https://registry.npmjs.org/expo-file-system/-/expo-file-system-19.0.22.tgz 0ms (cache hit)
1303 http cache @expo/metro@https://registry.npmjs.org/@expo/metro/-/metro-54.2.0.tgz 0ms (cache hit)
1304 http cache expo-constants@https://registry.npmjs.org/expo-constants/-/expo-constants-18.0.13.tgz 0ms (cache hit)
1305 http cache expo-asset@https://registry.npmjs.org/expo-asset/-/expo-asset-12.0.13.tgz 0ms (cache hit)
1306 http cache @expo/metro-config@https://registry.npmjs.org/@expo/metro-config/-/metro-config-54.0.15.tgz 0ms (cache hit)
1307 http cache @expo/fingerprint@https://registry.npmjs.org/@expo/fingerprint/-/fingerprint-0.15.5.tgz 0ms (cache hit)
1308 http cache @expo/config@https://registry.npmjs.org/@expo/config/-/config-12.0.13.tgz 0ms (cache hit)
1309 http cache @expo/config-plugins@https://registry.npmjs.org/@expo/config-plugins/-/config-plugins-54.0.4.tgz 0ms (cache hit)
1310 http cache p-limit@https://registry.npmjs.org/p-limit/-/p-limit-3.1.0.tgz 0ms (cache hit)
1311 http cache yargs-parser@https://registry.npmjs.org/yargs-parser/-/yargs-parser-21.1.1.tgz 0ms (cache hit)
1312 http cache expo@https://registry.npmjs.org/expo/-/expo-54.0.34.tgz 0ms (cache hit)
1313 http cache yargs@https://registry.npmjs.org/yargs/-/yargs-17.7.2.tgz 0ms (cache hit)
1314 http cache yallist@https://registry.npmjs.org/yallist/-/yallist-3.1.1.tgz 0ms (cache hit)
1315 http cache yaml@https://registry.npmjs.org/yaml/-/yaml-2.8.3.tgz 0ms (cache hit)
1316 http cache y18n@https://registry.npmjs.org/y18n/-/y18n-5.0.8.tgz 0ms (cache hit)
1317 http cache ws@https://registry.npmjs.org/ws/-/ws-7.5.10.tgz 0ms (cache hit)
1318 http cache write-file-atomic@https://registry.npmjs.org/write-file-atomic/-/write-file-atomic-4.0.2.tgz 0ms (cache hit)
1319 http cache wrap-ansi@https://registry.npmjs.org/wrap-ansi/-/wrap-ansi-7.0.0.tgz 0ms (cache hit)
1320 http cache whatwg-url-without-unicode@https://registry.npmjs.org/whatwg-url-without-unicode/-/whatwg-url-without-unicode-8.0.0-3.tgz 0ms (cache hit)
1321 http cache whatwg-url@https://registry.npmjs.org/whatwg-url/-/whatwg-url-5.0.0.tgz 0ms (cache hit)
1322 http cache wrappy@https://registry.npmjs.org/wrappy/-/wrappy-1.0.2.tgz 0ms (cache hit)
1323 http cache whatwg-fetch@https://registry.npmjs.org/whatwg-fetch/-/whatwg-fetch-3.6.20.tgz 0ms (cache hit)
1324 http cache webidl-conversions@https://registry.npmjs.org/webidl-conversions/-/webidl-conversions-5.0.0.tgz 0ms (cache hit)
1325 http cache walker@https://registry.npmjs.org/walker/-/walker-1.0.8.tgz 0ms (cache hit)
1326 http cache warn-once@https://registry.npmjs.org/warn-once/-/warn-once-0.1.1.tgz 0ms (cache hit)
1327 http cache vlq@https://registry.npmjs.org/vlq/-/vlq-1.0.1.tgz 0ms (cache hit)
1328 http cache use-sync-external-store@https://registry.npmjs.org/use-sync-external-store/-/use-sync-external-store-1.6.0.tgz 0ms (cache hit)
1329 http cache utils-merge@https://registry.npmjs.org/utils-merge/-/utils-merge-1.0.1.tgz 0ms (cache hit)
1330 http cache unpipe@https://registry.npmjs.org/unpipe/-/unpipe-1.0.0.tgz 0ms (cache hit)
1331 http cache unicode-property-aliases-ecmascript@https://registry.npmjs.org/unicode-property-aliases-ecmascript/-/unicode-property-aliases-ecmascript-2.2.0.tgz 0ms (cache hit)
1332 http cache use-latest-callback@https://registry.npmjs.org/use-latest-callback/-/use-latest-callback-0.2.6.tgz 0ms (cache hit)
1333 http cache update-browserslist-db@https://registry.npmjs.org/update-browserslist-db/-/update-browserslist-db-1.2.3.tgz 0ms (cache hit)
1334 http cache unicode-match-property-ecmascript@https://registry.npmjs.org/unicode-match-property-ecmascript/-/unicode-match-property-ecmascript-2.0.0.tgz 0ms (cache hit)
1335 http cache unicode-match-property-value-ecmascript@https://registry.npmjs.org/unicode-match-property-value-ecmascript/-/unicode-match-property-value-ecmascript-2.2.1.tgz 0ms (cache hit)
1336 http cache unicode-canonical-property-names-ecmascript@https://registry.npmjs.org/unicode-canonical-property-names-ecmascript/-/unicode-canonical-property-names-ecmascript-2.0.1.tgz 0ms (cache hit)
1337 http cache undici-types@https://registry.npmjs.org/undici-types/-/undici-types-7.18.2.tgz 0ms (cache hit)
1338 http cache ua-parser-js@https://registry.npmjs.org/ua-parser-js/-/ua-parser-js-1.0.41.tgz 0ms (cache hit)
1339 http cache type-fest@https://registry.npmjs.org/type-fest/-/type-fest-0.7.1.tgz 0ms (cache hit)
1340 http cache type-detect@https://registry.npmjs.org/type-detect/-/type-detect-4.0.8.tgz 0ms (cache hit)
1341 http cache toidentifier@https://registry.npmjs.org/toidentifier/-/toidentifier-1.0.1.tgz 0ms (cache hit)
1342 http cache tmpl@https://registry.npmjs.org/tmpl/-/tmpl-1.0.5.tgz 0ms (cache hit)
1343 http cache tr46@https://registry.npmjs.org/tr46/-/tr46-0.0.3.tgz 0ms (cache hit)
1344 http cache tinyglobby@https://registry.npmjs.org/tinyglobby/-/tinyglobby-0.2.15.tgz 0ms (cache hit)
1345 http cache to-regex-range@https://registry.npmjs.org/to-regex-range/-/to-regex-range-5.0.1.tgz 0ms (cache hit)
1346 http cache throat@https://registry.npmjs.org/throat/-/throat-5.0.0.tgz 0ms (cache hit)
1347 http cache test-exclude@https://registry.npmjs.org/test-exclude/-/test-exclude-6.0.0.tgz 0ms (cache hit)
1348 http cache supports-preserve-symlinks-flag@https://registry.npmjs.org/supports-preserve-symlinks-flag/-/supports-preserve-symlinks-flag-1.0.0.tgz 0ms (cache hit)
1349 http cache terser@https://registry.npmjs.org/terser/-/terser-5.46.1.tgz 0ms (cache hit)
1350 http cache styleq@https://registry.npmjs.org/styleq/-/styleq-0.1.3.tgz 0ms (cache hit)
1351 http cache string-width@https://registry.npmjs.org/string-width/-/string-width-4.2.3.tgz 0ms (cache hit)
1352 http cache strict-uri-encode@https://registry.npmjs.org/strict-uri-encode/-/strict-uri-encode-2.0.0.tgz 0ms (cache hit)
1353 http cache stacktrace-parser@https://registry.npmjs.org/stacktrace-parser/-/stacktrace-parser-0.1.11.tgz 0ms (cache hit)
1354 http cache strip-ansi@https://registry.npmjs.org/strip-ansi/-/strip-ansi-6.0.1.tgz 0ms (cache hit)
1355 http cache stackframe@https://registry.npmjs.org/stackframe/-/stackframe-1.3.4.tgz 0ms (cache hit)
1356 http cache statuses@https://registry.npmjs.org/statuses/-/statuses-1.5.0.tgz 0ms (cache hit)
1357 http cache stack-utils@https://registry.npmjs.org/stack-utils/-/stack-utils-2.0.6.tgz 0ms (cache hit)
1358 http cache sprintf-js@https://registry.npmjs.org/sprintf-js/-/sprintf-js-1.0.3.tgz 0ms (cache hit)
1359 http cache source-map-support@https://registry.npmjs.org/source-map-support/-/source-map-support-0.5.21.tgz 0ms (cache hit)
1360 http cache source-map@https://registry.npmjs.org/source-map/-/source-map-0.5.7.tgz 0ms (cache hit)
1361 http cache slash@https://registry.npmjs.org/slash/-/slash-3.0.0.tgz 0ms (cache hit)
1362 http cache simple-swizzle@https://registry.npmjs.org/simple-swizzle/-/simple-swizzle-0.2.4.tgz 0ms (cache hit)
1363 http cache shell-quote@https://registry.npmjs.org/shell-quote/-/shell-quote-1.8.3.tgz 0ms (cache hit)
1364 http cache signal-exit@https://registry.npmjs.org/signal-exit/-/signal-exit-3.0.7.tgz 0ms (cache hit)
1365 http cache setprototypeof@https://registry.npmjs.org/setprototypeof/-/setprototypeof-1.2.0.tgz 0ms (cache hit)
1366 http cache sf-symbols-typescript@https://registry.npmjs.org/sf-symbols-typescript/-/sf-symbols-typescript-2.2.0.tgz 0ms (cache hit)
1367 http cache split-on-first@https://registry.npmjs.org/split-on-first/-/split-on-first-1.1.0.tgz 0ms (cache hit)
1368 http cache serialize-error@https://registry.npmjs.org/serialize-error/-/serialize-error-2.1.0.tgz 0ms (cache hit)
1369 http cache serve-static@https://registry.npmjs.org/serve-static/-/serve-static-1.16.3.tgz 0ms (cache hit)
1370 http cache send@https://registry.npmjs.org/send/-/send-0.19.2.tgz 0ms (cache hit)
1371 http cache semver@https://registry.npmjs.org/semver/-/semver-7.7.4.tgz 0ms (cache hit)
1372 http cache setimmediate@https://registry.npmjs.org/setimmediate/-/setimmediate-1.0.5.tgz 0ms (cache hit)
1373 http cache rimraf@https://registry.npmjs.org/rimraf/-/rimraf-3.0.2.tgz 0ms (cache hit)
1374 http cache scheduler@https://registry.npmjs.org/scheduler/-/scheduler-0.26.0.tgz 0ms (cache hit)
1375 http cache resolve-from@https://registry.npmjs.org/resolve-from/-/resolve-from-5.0.0.tgz 0ms (cache hit)
1376 http cache regjsgen@https://registry.npmjs.org/regjsgen/-/regjsgen-0.8.0.tgz 0ms (cache hit)
1377 http cache regjsparser@https://registry.npmjs.org/regjsparser/-/regjsparser-0.13.0.tgz 0ms (cache hit)
1378 http cache resolve@https://registry.npmjs.org/resolve/-/resolve-1.22.11.tgz 0ms (cache hit)
1379 http cache require-directory@https://registry.npmjs.org/require-directory/-/require-directory-2.1.1.tgz 0ms (cache hit)
1380 http cache regenerator-runtime@https://registry.npmjs.org/regenerator-runtime/-/regenerator-runtime-0.13.11.tgz 0ms (cache hit)
1381 http cache regexpu-core@https://registry.npmjs.org/regexpu-core/-/regexpu-core-6.4.0.tgz 0ms (cache hit)
1382 http cache regenerate@https://registry.npmjs.org/regenerate/-/regenerate-1.4.2.tgz 0ms (cache hit)
1383 http cache react-refresh@https://registry.npmjs.org/react-refresh/-/react-refresh-0.14.2.tgz 0ms (cache hit)
1384 http cache regenerate-unicode-properties@https://registry.npmjs.org/regenerate-unicode-properties/-/regenerate-unicode-properties-10.2.2.tgz 0ms (cache hit)
1385 http cache react-native-worklets@https://registry.npmjs.org/react-native-worklets/-/react-native-worklets-0.8.1.tgz 0ms (cache hit)
1386 http cache react-native-web@https://registry.npmjs.org/react-native-web/-/react-native-web-0.21.2.tgz 0ms (cache hit)
1387 http cache react-native-reanimated@https://registry.npmjs.org/react-native-reanimated/-/react-native-reanimated-4.3.0.tgz 0ms (cache hit)
1388 http cache react-native-screens@https://registry.npmjs.org/react-native-screens/-/react-native-screens-4.16.0.tgz 0ms (cache hit)
1389 http cache react-native-safe-area-context@https://registry.npmjs.org/react-native-safe-area-context/-/react-native-safe-area-context-5.6.2.tgz 0ms (cache hit)
1390 http cache react-native-is-edge-to-edge@https://registry.npmjs.org/react-native-is-edge-to-edge/-/react-native-is-edge-to-edge-1.3.1.tgz 0ms (cache hit)
1391 http cache react-native-gesture-handler@https://registry.npmjs.org/react-native-gesture-handler/-/react-native-gesture-handler-2.28.0.tgz 0ms (cache hit)
1392 http cache react-native-drawer-layout@https://registry.npmjs.org/react-native-drawer-layout/-/react-native-drawer-layout-4.2.2.tgz 0ms (cache hit)
1393 http cache react-devtools-core@https://registry.npmjs.org/react-devtools-core/-/react-devtools-core-6.1.5.tgz 0ms (cache hit)
1394 http cache react-freeze@https://registry.npmjs.org/react-freeze/-/react-freeze-1.0.4.tgz 0ms (cache hit)
1395 http cache react-is@https://registry.npmjs.org/react-is/-/react-is-18.3.1.tgz 0ms (cache hit)
1396 http cache react@https://registry.npmjs.org/react/-/react-19.1.0.tgz 0ms (cache hit)
1397 http cache react-dom@https://registry.npmjs.org/react-dom/-/react-dom-19.1.0.tgz 0ms (cache hit)
1398 http cache queue@https://registry.npmjs.org/queue/-/queue-6.0.2.tgz 0ms (cache hit)
1399 http cache query-string@https://registry.npmjs.org/query-string/-/query-string-7.1.3.tgz 0ms (cache hit)
1400 http cache react-native@https://registry.npmjs.org/react-native/-/react-native-0.81.5.tgz 0ms (cache hit)
1401 http cache punycode@https://registry.npmjs.org/punycode/-/punycode-2.3.1.tgz 0ms (cache hit)
1402 http cache pretty-format@https://registry.npmjs.org/pretty-format/-/pretty-format-29.7.0.tgz 0ms (cache hit)
1403 http cache promise@https://registry.npmjs.org/promise/-/promise-8.3.0.tgz 0ms (cache hit)
1404 http cache pirates@https://registry.npmjs.org/pirates/-/pirates-4.0.7.tgz 0ms (cache hit)
1405 http cache postcss-value-parser@https://registry.npmjs.org/postcss-value-parser/-/postcss-value-parser-4.2.0.tgz 0ms (cache hit)
1406 http cache picomatch@https://registry.npmjs.org/picomatch/-/picomatch-2.3.2.tgz 0ms (cache hit)
1407 http cache picocolors@https://registry.npmjs.org/picocolors/-/picocolors-1.1.1.tgz 0ms (cache hit)
1408 http cache path-parse@https://registry.npmjs.org/path-parse/-/path-parse-1.0.7.tgz 0ms (cache hit)
1409 http cache parseurl@https://registry.npmjs.org/parseurl/-/parseurl-1.3.3.tgz 0ms (cache hit)
1410 http cache path-is-absolute@https://registry.npmjs.org/path-is-absolute/-/path-is-absolute-1.0.1.tgz 0ms (cache hit)
1411 http cache path-exists@https://registry.npmjs.org/path-exists/-/path-exists-4.0.0.tgz 0ms (cache hit)
1412 http cache p-try@https://registry.npmjs.org/p-try/-/p-try-2.2.0.tgz 0ms (cache hit)
1413 http cache p-locate@https://registry.npmjs.org/p-locate/-/p-locate-4.1.0.tgz 0ms (cache hit)
1414 http cache once@https://registry.npmjs.org/once/-/once-1.4.0.tgz 0ms (cache hit)
1415 http cache on-finished@https://registry.npmjs.org/on-finished/-/on-finished-2.3.0.tgz 0ms (cache hit)
1416 http cache open@https://registry.npmjs.org/open/-/open-7.4.2.tgz 0ms (cache hit)
1417 http cache object-assign@https://registry.npmjs.org/object-assign/-/object-assign-4.1.1.tgz 0ms (cache hit)
1418 http cache nullthrows@https://registry.npmjs.org/nullthrows/-/nullthrows-1.1.1.tgz 0ms (cache hit)
1419 http cache normalize-path@https://registry.npmjs.org/normalize-path/-/normalize-path-3.0.0.tgz 0ms (cache hit)
1420 http cache ob1@https://registry.npmjs.org/ob1/-/ob1-0.83.3.tgz 0ms (cache hit)
1421 http cache node-releases@https://registry.npmjs.org/node-releases/-/node-releases-2.0.36.tgz 0ms (cache hit)
1422 http cache node-int64@https://registry.npmjs.org/node-int64/-/node-int64-0.4.0.tgz 0ms (cache hit)
1423 http cache node-fetch@https://registry.npmjs.org/node-fetch/-/node-fetch-2.7.0.tgz 0ms (cache hit)
1424 http cache negotiator@https://registry.npmjs.org/negotiator/-/negotiator-0.6.3.tgz 1ms (cache hit)
1425 http cache mkdirp@https://registry.npmjs.org/mkdirp/-/mkdirp-1.0.4.tgz 0ms (cache hit)
1426 http cache nanoid@https://registry.npmjs.org/nanoid/-/nanoid-3.3.11.tgz 0ms (cache hit)
1427 http cache ms@https://registry.npmjs.org/ms/-/ms-2.1.3.tgz 0ms (cache hit)
1428 http cache mime-types@https://registry.npmjs.org/mime-types/-/mime-types-2.1.35.tgz 0ms (cache hit)
1429 http cache range-parser@https://registry.npmjs.org/range-parser/-/range-parser-1.2.1.tgz 0ms (cache hit)
1430 http cache mime-db@https://registry.npmjs.org/mime-db/-/mime-db-1.52.0.tgz 0ms (cache hit)
1431 http cache metro-transform-worker@https://registry.npmjs.org/metro-transform-worker/-/metro-transform-worker-0.83.3.tgz 0ms (cache hit)
1432 http cache mime@https://registry.npmjs.org/mime/-/mime-1.6.0.tgz 0ms (cache hit)
1433 http cache metro-symbolicate@https://registry.npmjs.org/metro-symbolicate/-/metro-symbolicate-0.83.3.tgz 0ms (cache hit)
1434 http cache micromatch@https://registry.npmjs.org/micromatch/-/micromatch-4.0.8.tgz 0ms (cache hit)
1435 http cache metro-source-map@https://registry.npmjs.org/metro-source-map/-/metro-source-map-0.83.3.tgz 0ms (cache hit)
1436 http cache metro-transform-plugins@https://registry.npmjs.org/metro-transform-plugins/-/metro-transform-plugins-0.83.3.tgz 0ms (cache hit)
1437 http cache metro-core@https://registry.npmjs.org/metro-core/-/metro-core-0.83.3.tgz 0ms (cache hit)
1438 http cache metro-resolver@https://registry.npmjs.org/metro-resolver/-/metro-resolver-0.83.3.tgz 0ms (cache hit)
1439 http cache metro-runtime@https://registry.npmjs.org/metro-runtime/-/metro-runtime-0.83.3.tgz 0ms (cache hit)
1440 http cache metro-minify-terser@https://registry.npmjs.org/metro-minify-terser/-/metro-minify-terser-0.83.3.tgz 0ms (cache hit)
1441 http cache metro-cache-key@https://registry.npmjs.org/metro-cache-key/-/metro-cache-key-0.83.3.tgz 0ms (cache hit)
1442 http cache metro-file-map@https://registry.npmjs.org/metro-file-map/-/metro-file-map-0.83.3.tgz 0ms (cache hit)
1443 http cache metro-config@https://registry.npmjs.org/metro-config/-/metro-config-0.83.3.tgz 0ms (cache hit)
1444 http cache metro-babel-transformer@https://registry.npmjs.org/metro-babel-transformer/-/metro-babel-transformer-0.83.3.tgz 0ms (cache hit)
1445 http cache merge-stream@https://registry.npmjs.org/merge-stream/-/merge-stream-2.0.0.tgz 0ms (cache hit)
1446 http cache metro-cache@https://registry.npmjs.org/metro-cache/-/metro-cache-0.83.3.tgz 0ms (cache hit)
1447 http cache metro@https://registry.npmjs.org/metro/-/metro-0.83.3.tgz 0ms (cache hit)
1448 http cache memoize-one@https://registry.npmjs.org/memoize-one/-/memoize-one-5.2.1.tgz 0ms (cache hit)
1449 http cache marky@https://registry.npmjs.org/marky/-/marky-1.3.0.tgz 0ms (cache hit)
1450 http cache makeerror@https://registry.npmjs.org/makeerror/-/makeerror-1.0.12.tgz 0ms (cache hit)
1451 http cache lru-cache@https://registry.npmjs.org/lru-cache/-/lru-cache-5.1.1.tgz 0ms (cache hit)
1452 http cache lodash.throttle@https://registry.npmjs.org/lodash.throttle/-/lodash.throttle-4.1.1.tgz 0ms (cache hit)
1453 http cache lighthouse-logger@https://registry.npmjs.org/lighthouse-logger/-/lighthouse-logger-1.4.2.tgz 0ms (cache hit)
1454 http cache loose-envify@https://registry.npmjs.org/loose-envify/-/loose-envify-1.4.0.tgz 0ms (cache hit)
1455 http cache lodash.debounce@https://registry.npmjs.org/lodash.debounce/-/lodash.debounce-4.0.8.tgz 0ms (cache hit)
1456 http cache locate-path@https://registry.npmjs.org/locate-path/-/locate-path-5.0.0.tgz 0ms (cache hit)
1457 http cache leven@https://registry.npmjs.org/leven/-/leven-3.1.0.tgz 0ms (cache hit)
1458 http cache jsc-safe-url@https://registry.npmjs.org/jsc-safe-url/-/jsc-safe-url-0.2.4.tgz 0ms (cache hit)
1459 http cache jsesc@https://registry.npmjs.org/jsesc/-/jsesc-3.1.0.tgz 0ms (cache hit)
1460 http cache json5@https://registry.npmjs.org/json5/-/json5-2.2.3.tgz 0ms (cache hit)
1461 http cache js-yaml@https://registry.npmjs.org/js-yaml/-/js-yaml-3.14.2.tgz 0ms (cache hit)
1462 http cache js-tokens@https://registry.npmjs.org/js-tokens/-/js-tokens-4.0.0.tgz 0ms (cache hit)
1463 http cache jest-worker@https://registry.npmjs.org/jest-worker/-/jest-worker-29.7.0.tgz 0ms (cache hit)
1464 http cache jest-validate@https://registry.npmjs.org/jest-validate/-/jest-validate-29.7.0.tgz 0ms (cache hit)
1465 http cache jest-util@https://registry.npmjs.org/jest-util/-/jest-util-29.7.0.tgz 0ms (cache hit)
1466 http cache jest-regex-util@https://registry.npmjs.org/jest-regex-util/-/jest-regex-util-29.6.3.tgz 0ms (cache hit)
1467 http cache jest-mock@https://registry.npmjs.org/jest-mock/-/jest-mock-29.7.0.tgz 0ms (cache hit)
1468 http cache jest-get-type@https://registry.npmjs.org/jest-get-type/-/jest-get-type-29.6.3.tgz 0ms (cache hit)
1469 http cache jest-message-util@https://registry.npmjs.org/jest-message-util/-/jest-message-util-29.7.0.tgz 0ms (cache hit)
1470 http cache istanbul-lib-instrument@https://registry.npmjs.org/istanbul-lib-instrument/-/istanbul-lib-instrument-5.2.1.tgz 0ms (cache hit)
1471 http cache jest-haste-map@https://registry.npmjs.org/jest-haste-map/-/jest-haste-map-29.7.0.tgz 0ms (cache hit)
1472 http cache is-wsl@https://registry.npmjs.org/is-wsl/-/is-wsl-2.2.0.tgz 0ms (cache hit)
1473 http cache istanbul-lib-coverage@https://registry.npmjs.org/istanbul-lib-coverage/-/istanbul-lib-coverage-3.2.2.tgz 0ms (cache hit)
1474 http cache is-fullwidth-code-point@https://registry.npmjs.org/is-fullwidth-code-point/-/is-fullwidth-code-point-3.0.0.tgz 0ms (cache hit)
1475 http cache is-docker@https://registry.npmjs.org/is-docker/-/is-docker-2.2.1.tgz 0ms (cache hit)
1476 http cache is-number@https://registry.npmjs.org/is-number/-/is-number-7.0.0.tgz 0ms (cache hit)
1477 http cache invariant@https://registry.npmjs.org/invariant/-/invariant-2.2.4.tgz 0ms (cache hit)
1478 http cache is-arrayish@https://registry.npmjs.org/is-arrayish/-/is-arrayish-0.3.4.tgz 1ms (cache hit)
1479 http cache jest-environment-node@https://registry.npmjs.org/jest-environment-node/-/jest-environment-node-29.7.0.tgz 0ms (cache hit)
1480 http cache inherits@https://registry.npmjs.org/inherits/-/inherits-2.0.4.tgz 0ms (cache hit)
1481 http cache inflight@https://registry.npmjs.org/inflight/-/inflight-1.0.6.tgz 0ms (cache hit)
1482 http cache inline-style-prefixer@https://registry.npmjs.org/inline-style-prefixer/-/inline-style-prefixer-7.0.1.tgz 0ms (cache hit)
1483 http cache image-size@https://registry.npmjs.org/image-size/-/image-size-1.2.1.tgz 0ms (cache hit)
1484 http cache hyphenate-style-name@https://registry.npmjs.org/hyphenate-style-name/-/hyphenate-style-name-1.1.0.tgz 0ms (cache hit)
1485 http cache https-proxy-agent@https://registry.npmjs.org/https-proxy-agent/-/https-proxy-agent-7.0.6.tgz 0ms (cache hit)
1486 http cache ieee754@https://registry.npmjs.org/ieee754/-/ieee754-1.2.1.tgz 0ms (cache hit)
1487 http cache imurmurhash@https://registry.npmjs.org/imurmurhash/-/imurmurhash-0.1.4.tgz 0ms (cache hit)
1488 http cache hermes-estree@https://registry.npmjs.org/hermes-estree/-/hermes-estree-0.32.0.tgz 0ms (cache hit)
1489 http cache hoist-non-react-statics@https://registry.npmjs.org/hoist-non-react-statics/-/hoist-non-react-statics-3.3.2.tgz 0ms (cache hit)
1490 http cache http-errors@https://registry.npmjs.org/http-errors/-/http-errors-2.0.1.tgz 0ms (cache hit)
1491 http cache hasown@https://registry.npmjs.org/hasown/-/hasown-2.0.2.tgz 0ms (cache hit)
1492 http cache hermes-parser@https://registry.npmjs.org/hermes-parser/-/hermes-parser-0.32.0.tgz 0ms (cache hit)
1493 http cache graceful-fs@https://registry.npmjs.org/graceful-fs/-/graceful-fs-4.2.11.tgz 0ms (cache hit)
1494 http cache get-caller-file@https://registry.npmjs.org/get-caller-file/-/get-caller-file-2.0.5.tgz 0ms (cache hit)
1495 http cache get-package-type@https://registry.npmjs.org/get-package-type/-/get-package-type-0.1.0.tgz 0ms (cache hit)
1496 http cache gensync@https://registry.npmjs.org/gensync/-/gensync-1.0.0-beta.2.tgz 0ms (cache hit)
1497 http cache function-bind@https://registry.npmjs.org/function-bind/-/function-bind-1.1.2.tgz 0ms (cache hit)
1498 http cache fs.realpath@https://registry.npmjs.org/fs.realpath/-/fs.realpath-1.0.0.tgz 0ms (cache hit)
1499 http cache flow-enums-runtime@https://registry.npmjs.org/flow-enums-runtime/-/flow-enums-runtime-0.0.6.tgz 0ms (cache hit)
1500 http cache fresh@https://registry.npmjs.org/fresh/-/fresh-0.5.2.tgz 0ms (cache hit)
1501 http cache fontfaceobserver@https://registry.npmjs.org/fontfaceobserver/-/fontfaceobserver-2.3.0.tgz 0ms (cache hit)
1502 http cache finalhandler@https://registry.npmjs.org/finalhandler/-/finalhandler-1.1.2.tgz 0ms (cache hit)
1503 http cache fill-range@https://registry.npmjs.org/fill-range/-/fill-range-7.1.1.tgz 0ms (cache hit)
1504 http cache filter-obj@https://registry.npmjs.org/filter-obj/-/filter-obj-1.1.0.tgz 0ms (cache hit)
1505 http cache find-up@https://registry.npmjs.org/find-up/-/find-up-4.1.0.tgz 0ms (cache hit)
1506 http cache is-core-module@https://registry.npmjs.org/is-core-module/-/is-core-module-2.16.1.tgz 0ms (cache hit)
1507 http cache fb-watchman@https://registry.npmjs.org/fb-watchman/-/fb-watchman-2.0.2.tgz 0ms (cache hit)
1508 http cache fbjs@https://registry.npmjs.org/fbjs/-/fbjs-3.0.5.tgz 0ms (cache hit)
1509 http cache fbjs-css-vars@https://registry.npmjs.org/fbjs-css-vars/-/fbjs-css-vars-1.0.2.tgz 0ms (cache hit)
1510 http cache expo-status-bar@https://registry.npmjs.org/expo-status-bar/-/expo-status-bar-3.0.9.tgz 0ms (cache hit)
1511 http cache exponential-backoff@https://registry.npmjs.org/exponential-backoff/-/exponential-backoff-3.1.3.tgz 0ms (cache hit)
1512 http cache etag@https://registry.npmjs.org/etag/-/etag-1.8.1.tgz 0ms (cache hit)
1513 http cache fast-deep-equal@https://registry.npmjs.org/fast-deep-equal/-/fast-deep-equal-3.1.3.tgz 0ms (cache hit)
1514 http cache esprima@https://registry.npmjs.org/esprima/-/esprima-4.0.1.tgz 0ms (cache hit)
1515 http cache fast-json-stable-stringify@https://registry.npmjs.org/fast-json-stable-stringify/-/fast-json-stable-stringify-2.1.0.tgz 0ms (cache hit)
1516 http cache event-target-shim@https://registry.npmjs.org/event-target-shim/-/event-target-shim-5.0.1.tgz 1ms (cache hit)
1517 http cache escalade@https://registry.npmjs.org/escalade/-/escalade-3.2.0.tgz 0ms (cache hit)
1518 http cache encodeurl@https://registry.npmjs.org/encodeurl/-/encodeurl-1.0.2.tgz 0ms (cache hit)
1519 http cache escape-html@https://registry.npmjs.org/escape-html/-/escape-html-1.0.3.tgz 0ms (cache hit)
1520 http cache ee-first@https://registry.npmjs.org/ee-first/-/ee-first-1.1.1.tgz 0ms (cache hit)
1521 http cache error-stack-parser@https://registry.npmjs.org/error-stack-parser/-/error-stack-parser-2.1.4.tgz 0ms (cache hit)
1522 http cache electron-to-chromium@https://registry.npmjs.org/electron-to-chromium/-/electron-to-chromium-1.5.328.tgz 0ms (cache hit)
1523 http cache depd@https://registry.npmjs.org/depd/-/depd-2.0.0.tgz 0ms (cache hit)
1524 http cache emoji-regex@https://registry.npmjs.org/emoji-regex/-/emoji-regex-8.0.0.tgz 0ms (cache hit)
1525 http cache debug@https://registry.npmjs.org/debug/-/debug-4.4.3.tgz 0ms (cache hit)
1526 http cache decode-uri-component@https://registry.npmjs.org/decode-uri-component/-/decode-uri-component-0.2.2.tgz 0ms (cache hit)
1527 http cache cross-fetch@https://registry.npmjs.org/cross-fetch/-/cross-fetch-3.2.0.tgz 0ms (cache hit)
1528 http cache convert-source-map@https://registry.npmjs.org/convert-source-map/-/convert-source-map-2.0.0.tgz 0ms (cache hit)
1529 http cache css-in-js-utils@https://registry.npmjs.org/css-in-js-utils/-/css-in-js-utils-3.1.0.tgz 0ms (cache hit)
1530 http cache connect@https://registry.npmjs.org/connect/-/connect-3.7.0.tgz 0ms (cache hit)
1531 http cache concat-map@https://registry.npmjs.org/concat-map/-/concat-map-0.0.1.tgz 0ms (cache hit)
1532 http cache destroy@https://registry.npmjs.org/destroy/-/destroy-1.2.0.tgz 0ms (cache hit)
1533 http cache color@https://registry.npmjs.org/color/-/color-4.2.3.tgz 0ms (cache hit)
1534 http cache color-name@https://registry.npmjs.org/color-name/-/color-name-1.1.3.tgz 0ms (cache hit)
1535 http cache color-string@https://registry.npmjs.org/color-string/-/color-string-1.9.1.tgz 0ms (cache hit)
1536 http cache ci-info@https://registry.npmjs.org/ci-info/-/ci-info-2.0.0.tgz 1ms (cache hit)
1537 http cache chromium-edge-launcher@https://registry.npmjs.org/chromium-edge-launcher/-/chromium-edge-launcher-0.2.0.tgz 0ms (cache hit)
1538 http cache camelcase@https://registry.npmjs.org/camelcase/-/camelcase-6.3.0.tgz 0ms (cache hit)
1539 http cache core-js-compat@https://registry.npmjs.org/core-js-compat/-/core-js-compat-3.49.0.tgz 0ms (cache hit)
1540 http cache chrome-launcher@https://registry.npmjs.org/chrome-launcher/-/chrome-launcher-0.15.2.tgz 0ms (cache hit)
1541 http cache cliui@https://registry.npmjs.org/cliui/-/cliui-8.0.1.tgz 0ms (cache hit)
1542 http cache browserslist@https://registry.npmjs.org/browserslist/-/browserslist-4.28.1.tgz 0ms (cache hit)
1543 http cache buffer@https://registry.npmjs.org/buffer/-/buffer-5.7.1.tgz 0ms (cache hit)
1544 http cache bser@https://registry.npmjs.org/bser/-/bser-2.1.1.tgz 0ms (cache hit)
1545 http cache buffer-from@https://registry.npmjs.org/buffer-from/-/buffer-from-1.1.2.tgz 0ms (cache hit)
1546 http cache braces@https://registry.npmjs.org/braces/-/braces-3.0.3.tgz 0ms (cache hit)
1547 http cache baseline-browser-mapping@https://registry.npmjs.org/baseline-browser-mapping/-/baseline-browser-mapping-2.10.12.tgz 0ms (cache hit)
1548 http cache base64-js@https://registry.npmjs.org/base64-js/-/base64-js-1.5.1.tgz 0ms (cache hit)
1549 http cache balanced-match@https://registry.npmjs.org/balanced-match/-/balanced-match-1.0.2.tgz 0ms (cache hit)
1550 http cache babel-preset-current-node-syntax@https://registry.npmjs.org/babel-preset-current-node-syntax/-/babel-preset-current-node-syntax-1.2.0.tgz 0ms (cache hit)
1551 http cache babel-preset-jest@https://registry.npmjs.org/babel-preset-jest/-/babel-preset-jest-29.6.3.tgz 0ms (cache hit)
1552 http cache babel-plugin-transform-flow-enums@https://registry.npmjs.org/babel-plugin-transform-flow-enums/-/babel-plugin-transform-flow-enums-0.0.2.tgz 0ms (cache hit)
1553 http cache babel-plugin-react-native-web@https://registry.npmjs.org/babel-plugin-react-native-web/-/babel-plugin-react-native-web-0.21.2.tgz 0ms (cache hit)
1554 http cache babel-plugin-syntax-hermes-parser@https://registry.npmjs.org/babel-plugin-syntax-hermes-parser/-/babel-plugin-syntax-hermes-parser-0.29.1.tgz 0ms (cache hit)
1555 http cache babel-plugin-react-compiler@https://registry.npmjs.org/babel-plugin-react-compiler/-/babel-plugin-react-compiler-1.0.0.tgz 0ms (cache hit)
1556 http cache babel-plugin-polyfill-regenerator@https://registry.npmjs.org/babel-plugin-polyfill-regenerator/-/babel-plugin-polyfill-regenerator-0.6.8.tgz 0ms (cache hit)
1557 http cache babel-plugin-polyfill-corejs2@https://registry.npmjs.org/babel-plugin-polyfill-corejs2/-/babel-plugin-polyfill-corejs2-0.4.17.tgz 0ms (cache hit)
1558 http cache babel-plugin-polyfill-corejs3@https://registry.npmjs.org/babel-plugin-polyfill-corejs3/-/babel-plugin-polyfill-corejs3-0.13.0.tgz 0ms (cache hit)
1559 http cache babel-plugin-jest-hoist@https://registry.npmjs.org/babel-plugin-jest-hoist/-/babel-plugin-jest-hoist-29.6.3.tgz 0ms (cache hit)
1560 http cache babel-plugin-istanbul@https://registry.npmjs.org/babel-plugin-istanbul/-/babel-plugin-istanbul-6.1.1.tgz 0ms (cache hit)
1561 http cache babel-jest@https://registry.npmjs.org/babel-jest/-/babel-jest-29.7.0.tgz 0ms (cache hit)
1562 http cache async-limiter@https://registry.npmjs.org/async-limiter/-/async-limiter-1.0.1.tgz 1ms (cache hit)
1563 http cache asap@https://registry.npmjs.org/asap/-/asap-2.0.6.tgz 0ms (cache hit)
1564 http cache anymatch@https://registry.npmjs.org/anymatch/-/anymatch-3.1.3.tgz 0ms (cache hit)
1565 http cache argparse@https://registry.npmjs.org/argparse/-/argparse-1.0.10.tgz 0ms (cache hit)
1566 http cache ansi-regex@https://registry.npmjs.org/ansi-regex/-/ansi-regex-5.0.1.tgz 0ms (cache hit)
1567 http cache agent-base@https://registry.npmjs.org/agent-base/-/agent-base-7.1.4.tgz 0ms (cache hit)
1568 http cache anser@https://registry.npmjs.org/anser/-/anser-1.4.10.tgz 0ms (cache hit)
1569 http cache acorn@https://registry.npmjs.org/acorn/-/acorn-8.16.0.tgz 0ms (cache hit)
1570 http cache abort-controller@https://registry.npmjs.org/abort-controller/-/abort-controller-3.0.0.tgz 0ms (cache hit)
1571 http cache accepts@https://registry.npmjs.org/accepts/-/accepts-1.3.8.tgz 0ms (cache hit)
1572 http cache @ungap/structured-clone@https://registry.npmjs.org/@ungap/structured-clone/-/structured-clone-1.3.0.tgz 0ms (cache hit)
1573 http cache @types/yargs@https://registry.npmjs.org/@types/yargs/-/yargs-17.0.35.tgz 0ms (cache hit)
1574 http cache @types/yargs-parser@https://registry.npmjs.org/@types/yargs-parser/-/yargs-parser-21.0.3.tgz 0ms (cache hit)
1575 http cache @types/node@https://registry.npmjs.org/@types/node/-/node-25.5.0.tgz 0ms (cache hit)
1576 http cache @types/stack-utils@https://registry.npmjs.org/@types/stack-utils/-/stack-utils-2.0.3.tgz 0ms (cache hit)
1577 http cache @types/istanbul-lib-report@https://registry.npmjs.org/@types/istanbul-lib-report/-/istanbul-lib-report-3.0.3.tgz 0ms (cache hit)
1578 http cache @types/istanbul-reports@https://registry.npmjs.org/@types/istanbul-reports/-/istanbul-reports-3.0.4.tgz 0ms (cache hit)
1579 http cache @types/istanbul-lib-coverage@https://registry.npmjs.org/@types/istanbul-lib-coverage/-/istanbul-lib-coverage-2.0.6.tgz 0ms (cache hit)
1580 http cache @types/hammerjs@https://registry.npmjs.org/@types/hammerjs/-/hammerjs-2.0.46.tgz 0ms (cache hit)
1581 http cache @types/graceful-fs@https://registry.npmjs.org/@types/graceful-fs/-/graceful-fs-4.1.9.tgz 0ms (cache hit)
1582 http cache @sinonjs/fake-timers@https://registry.npmjs.org/@sinonjs/fake-timers/-/fake-timers-10.3.0.tgz 0ms (cache hit)
1583 http cache @types/babel__traverse@https://registry.npmjs.org/@types/babel__traverse/-/babel__traverse-7.28.0.tgz 0ms (cache hit)
1584 http cache @types/babel__template@https://registry.npmjs.org/@types/babel__template/-/babel__template-7.4.4.tgz 0ms (cache hit)
1585 http cache @sinonjs/commons@https://registry.npmjs.org/@sinonjs/commons/-/commons-3.0.1.tgz 0ms (cache hit)
1586 http cache @sinclair/typebox@https://registry.npmjs.org/@sinclair/typebox/-/typebox-0.27.10.tgz 0ms (cache hit)
1587 http cache @types/babel__core@https://registry.npmjs.org/@types/babel__core/-/babel__core-7.20.5.tgz 0ms (cache hit)
1588 http cache @react-navigation/routers@https://registry.npmjs.org/@react-navigation/routers/-/routers-7.5.3.tgz 0ms (cache hit)
1589 http cache @types/babel__generator@https://registry.npmjs.org/@types/babel__generator/-/babel__generator-7.27.0.tgz 0ms (cache hit)
1590 http cache @react-navigation/elements@https://registry.npmjs.org/@react-navigation/elements/-/elements-2.9.14.tgz 0ms (cache hit)
1591 http cache @react-navigation/native@https://registry.npmjs.org/@react-navigation/native/-/native-7.2.2.tgz 0ms (cache hit)
1592 http cache @react-native/normalize-colors@https://registry.npmjs.org/@react-native/normalize-colors/-/normalize-colors-0.81.5.tgz 0ms (cache hit)
1593 http cache @react-native/metro-config@https://registry.npmjs.org/@react-native/metro-config/-/metro-config-0.84.1.tgz 0ms (cache hit)
1594 http cache @react-navigation/drawer@https://registry.npmjs.org/@react-navigation/drawer/-/drawer-7.9.8.tgz 0ms (cache hit)
1595 http cache @react-navigation/bottom-tabs@https://registry.npmjs.org/@react-navigation/bottom-tabs/-/bottom-tabs-7.15.9.tgz 0ms (cache hit)
1596 http cache @react-navigation/core@https://registry.npmjs.org/@react-navigation/core/-/core-7.17.2.tgz 0ms (cache hit)
1597 http cache @react-native/metro-babel-transformer@https://registry.npmjs.org/@react-native/metro-babel-transformer/-/metro-babel-transformer-0.84.1.tgz 0ms (cache hit)
1598 http cache @react-native/dev-middleware@https://registry.npmjs.org/@react-native/dev-middleware/-/dev-middleware-0.81.5.tgz 0ms (cache hit)
1599 http cache @react-native/js-polyfills@https://registry.npmjs.org/@react-native/js-polyfills/-/js-polyfills-0.81.5.tgz 0ms (cache hit)
1600 http cache @react-native/debugger-frontend@https://registry.npmjs.org/@react-native/debugger-frontend/-/debugger-frontend-0.81.5.tgz 0ms (cache hit)
1601 http cache @react-native/gradle-plugin@https://registry.npmjs.org/@react-native/gradle-plugin/-/gradle-plugin-0.81.5.tgz 0ms (cache hit)
1602 http cache @react-native/codegen@https://registry.npmjs.org/@react-native/codegen/-/codegen-0.81.5.tgz 0ms (cache hit)
1603 http cache @react-native/community-cli-plugin@https://registry.npmjs.org/@react-native/community-cli-plugin/-/community-cli-plugin-0.81.5.tgz 0ms (cache hit)
1604 http cache @react-native/babel-preset@https://registry.npmjs.org/@react-native/babel-preset/-/babel-preset-0.81.5.tgz 0ms (cache hit)
1605 http cache caniuse-lite@https://registry.npmjs.org/caniuse-lite/-/caniuse-lite-1.0.30001781.tgz 0ms (cache hit)
1606 http cache @react-native-picker/picker@https://registry.npmjs.org/@react-native-picker/picker/-/picker-2.11.1.tgz 0ms (cache hit)
1607 http cache @jridgewell/source-map@https://registry.npmjs.org/@jridgewell/source-map/-/source-map-0.3.11.tgz 0ms (cache hit)
1608 http cache @jridgewell/trace-mapping@https://registry.npmjs.org/@jridgewell/trace-mapping/-/trace-mapping-0.3.31.tgz 0ms (cache hit)
1609 http cache @react-native/assets-registry@https://registry.npmjs.org/@react-native/assets-registry/-/assets-registry-0.81.5.tgz 0ms (cache hit)
1610 http cache @jridgewell/resolve-uri@https://registry.npmjs.org/@jridgewell/resolve-uri/-/resolve-uri-3.1.2.tgz 0ms (cache hit)
1611 http cache @jest/types@https://registry.npmjs.org/@jest/types/-/types-29.6.3.tgz 0ms (cache hit)
1612 http cache @jridgewell/remapping@https://registry.npmjs.org/@jridgewell/remapping/-/remapping-2.3.5.tgz 0ms (cache hit)
1613 http cache @jridgewell/sourcemap-codec@https://registry.npmjs.org/@jridgewell/sourcemap-codec/-/sourcemap-codec-1.5.5.tgz 0ms (cache hit)
1614 http cache @jest/transform@https://registry.npmjs.org/@jest/transform/-/transform-29.7.0.tgz 0ms (cache hit)
1615 http cache @jridgewell/gen-mapping@https://registry.npmjs.org/@jridgewell/gen-mapping/-/gen-mapping-0.3.13.tgz 0ms (cache hit)
1616 http cache @jest/schemas@https://registry.npmjs.org/@jest/schemas/-/schemas-29.6.3.tgz 1ms (cache hit)
1617 http cache @istanbuljs/schema@https://registry.npmjs.org/@istanbuljs/schema/-/schema-0.1.3.tgz 0ms (cache hit)
1618 http cache @jest/create-cache-key-function@https://registry.npmjs.org/@jest/create-cache-key-function/-/create-cache-key-function-29.7.0.tgz 0ms (cache hit)
1619 http cache @jest/fake-timers@https://registry.npmjs.org/@jest/fake-timers/-/fake-timers-29.7.0.tgz 0ms (cache hit)
1620 http cache @jest/environment@https://registry.npmjs.org/@jest/environment/-/environment-29.7.0.tgz 0ms (cache hit)
1621 http cache @istanbuljs/load-nyc-config@https://registry.npmjs.org/@istanbuljs/load-nyc-config/-/load-nyc-config-1.1.0.tgz 0ms (cache hit)
1622 http cache @isaacs/ttlcache@https://registry.npmjs.org/@isaacs/ttlcache/-/ttlcache-1.4.1.tgz 0ms (cache hit)
1623 http cache @expo/metro-runtime@https://registry.npmjs.org/@expo/metro-runtime/-/metro-runtime-6.1.2.tgz 0ms (cache hit)
1624 http cache @babel/types@https://registry.npmjs.org/@babel/types/-/types-7.29.0.tgz 0ms (cache hit)
1625 http cache @expo/devtools@https://registry.npmjs.org/@expo/devtools/-/devtools-0.1.8.tgz 0ms (cache hit)
1626 http cache @egjs/hammerjs@https://registry.npmjs.org/@egjs/hammerjs/-/hammerjs-2.0.17.tgz 0ms (cache hit)
1627 http cache @babel/traverse@https://registry.npmjs.org/@babel/traverse/-/traverse-7.29.0.tgz 0ms (cache hit)
1628 http cache @babel/template@https://registry.npmjs.org/@babel/template/-/template-7.28.6.tgz 0ms (cache hit)
1629 http cache @babel/preset-typescript@https://registry.npmjs.org/@babel/preset-typescript/-/preset-typescript-7.28.5.tgz 0ms (cache hit)
1630 http cache @babel/traverse--for-generate-function-map@https://registry.npmjs.org/@babel/traverse/-/traverse-7.29.0.tgz 0ms (cache hit)
1631 http cache @babel/plugin-transform-typescript@https://registry.npmjs.org/@babel/plugin-transform-typescript/-/plugin-transform-typescript-7.28.6.tgz 0ms (cache hit)
1632 http cache @babel/preset-react@https://registry.npmjs.org/@babel/preset-react/-/preset-react-7.28.5.tgz 0ms (cache hit)
1633 http cache @babel/runtime@https://registry.npmjs.org/@babel/runtime/-/runtime-7.29.2.tgz 0ms (cache hit)
1634 http cache @babel/plugin-transform-template-literals@https://registry.npmjs.org/@babel/plugin-transform-template-literals/-/plugin-transform-template-literals-7.27.1.tgz 0ms (cache hit)
1635 http cache @babel/plugin-transform-spread@https://registry.npmjs.org/@babel/plugin-transform-spread/-/plugin-transform-spread-7.28.6.tgz 0ms (cache hit)
1636 http cache @babel/plugin-transform-shorthand-properties@https://registry.npmjs.org/@babel/plugin-transform-shorthand-properties/-/plugin-transform-shorthand-properties-7.27.1.tgz 0ms (cache hit)
1637 http cache @babel/plugin-transform-unicode-regex@https://registry.npmjs.org/@babel/plugin-transform-unicode-regex/-/plugin-transform-unicode-regex-7.27.1.tgz 0ms (cache hit)
1638 http cache @babel/plugin-transform-sticky-regex@https://registry.npmjs.org/@babel/plugin-transform-sticky-regex/-/plugin-transform-sticky-regex-7.27.1.tgz 0ms (cache hit)
1639 http cache @babel/plugin-transform-runtime@https://registry.npmjs.org/@babel/plugin-transform-runtime/-/plugin-transform-runtime-7.29.0.tgz 0ms (cache hit)
1640 http cache @babel/plugin-transform-react-pure-annotations@https://registry.npmjs.org/@babel/plugin-transform-react-pure-annotations/-/plugin-transform-react-pure-annotations-7.27.1.tgz 0ms (cache hit)
1641 http cache @babel/plugin-transform-react-display-name@https://registry.npmjs.org/@babel/plugin-transform-react-display-name/-/plugin-transform-react-display-name-7.28.0.tgz 0ms (cache hit)
1642 http cache @babel/plugin-transform-regenerator@https://registry.npmjs.org/@babel/plugin-transform-regenerator/-/plugin-transform-regenerator-7.29.0.tgz 0ms (cache hit)
1643 http cache @babel/plugin-transform-react-jsx-source@https://registry.npmjs.org/@babel/plugin-transform-react-jsx-source/-/plugin-transform-react-jsx-source-7.27.1.tgz 0ms (cache hit)
1644 http cache @babel/plugin-transform-react-jsx@https://registry.npmjs.org/@babel/plugin-transform-react-jsx/-/plugin-transform-react-jsx-7.28.6.tgz 0ms (cache hit)
1645 http cache @babel/plugin-transform-react-jsx-self@https://registry.npmjs.org/@babel/plugin-transform-react-jsx-self/-/plugin-transform-react-jsx-self-7.27.1.tgz 0ms (cache hit)
1646 http cache @babel/plugin-transform-react-jsx-development@https://registry.npmjs.org/@babel/plugin-transform-react-jsx-development/-/plugin-transform-react-jsx-development-7.27.1.tgz 0ms (cache hit)
1647 http cache @babel/plugin-transform-private-property-in-object@https://registry.npmjs.org/@babel/plugin-transform-private-property-in-object/-/plugin-transform-private-property-in-object-7.28.6.tgz 0ms (cache hit)
1648 http cache @react-native/babel-plugin-codegen@https://registry.npmjs.org/@react-native/babel-plugin-codegen/-/babel-plugin-codegen-0.81.5.tgz 0ms (cache hit)
1649 http cache @babel/plugin-transform-private-methods@https://registry.npmjs.org/@babel/plugin-transform-private-methods/-/plugin-transform-private-methods-7.28.6.tgz 1ms (cache hit)
1650 http cache @babel/plugin-transform-parameters@https://registry.npmjs.org/@babel/plugin-transform-parameters/-/plugin-transform-parameters-7.27.7.tgz 0ms (cache hit)
1651 http cache @babel/plugin-transform-optional-chaining@https://registry.npmjs.org/@babel/plugin-transform-optional-chaining/-/plugin-transform-optional-chaining-7.28.6.tgz 0ms (cache hit)
1652 http cache @babel/plugin-transform-optional-catch-binding@https://registry.npmjs.org/@babel/plugin-transform-optional-catch-binding/-/plugin-transform-optional-catch-binding-7.28.6.tgz 0ms (cache hit)
1653 http cache @babel/plugin-transform-nullish-coalescing-operator@https://registry.npmjs.org/@babel/plugin-transform-nullish-coalescing-operator/-/plugin-transform-nullish-coalescing-operator-7.28.6.tgz 0ms (cache hit)
1654 http cache @babel/plugin-transform-numeric-separator@https://registry.npmjs.org/@babel/plugin-transform-numeric-separator/-/plugin-transform-numeric-separator-7.28.6.tgz 0ms (cache hit)
1655 http cache @babel/plugin-transform-named-capturing-groups-regex@https://registry.npmjs.org/@babel/plugin-transform-named-capturing-groups-regex/-/plugin-transform-named-capturing-groups-regex-7.29.0.tgz 0ms (cache hit)
1656 http cache @babel/plugin-transform-modules-commonjs@https://registry.npmjs.org/@babel/plugin-transform-modules-commonjs/-/plugin-transform-modules-commonjs-7.28.6.tgz 0ms (cache hit)
1657 http cache @babel/plugin-transform-literals@https://registry.npmjs.org/@babel/plugin-transform-literals/-/plugin-transform-literals-7.27.1.tgz 0ms (cache hit)
1658 http cache @babel/plugin-transform-object-rest-spread@https://registry.npmjs.org/@babel/plugin-transform-object-rest-spread/-/plugin-transform-object-rest-spread-7.28.6.tgz 0ms (cache hit)
1659 http cache @babel/plugin-transform-function-name@https://registry.npmjs.org/@babel/plugin-transform-function-name/-/plugin-transform-function-name-7.27.1.tgz 1ms (cache hit)
1660 http cache @babel/plugin-transform-logical-assignment-operators@https://registry.npmjs.org/@babel/plugin-transform-logical-assignment-operators/-/plugin-transform-logical-assignment-operators-7.28.6.tgz 0ms (cache hit)
1661 http cache @babel/plugin-transform-export-namespace-from@https://registry.npmjs.org/@babel/plugin-transform-export-namespace-from/-/plugin-transform-export-namespace-from-7.27.1.tgz 0ms (cache hit)
1662 http cache @babel/plugin-transform-destructuring@https://registry.npmjs.org/@babel/plugin-transform-destructuring/-/plugin-transform-destructuring-7.28.5.tgz 0ms (cache hit)
1663 http cache @babel/plugin-transform-flow-strip-types@https://registry.npmjs.org/@babel/plugin-transform-flow-strip-types/-/plugin-transform-flow-strip-types-7.27.1.tgz 0ms (cache hit)
1664 http cache @babel/plugin-transform-classes@https://registry.npmjs.org/@babel/plugin-transform-classes/-/plugin-transform-classes-7.28.6.tgz 0ms (cache hit)
1665 http cache @babel/plugin-transform-class-static-block@https://registry.npmjs.org/@babel/plugin-transform-class-static-block/-/plugin-transform-class-static-block-7.28.6.tgz 0ms (cache hit)
1666 http cache @babel/plugin-transform-block-scoping@https://registry.npmjs.org/@babel/plugin-transform-block-scoping/-/plugin-transform-block-scoping-7.28.6.tgz 0ms (cache hit)
1667 http cache @babel/plugin-transform-for-of@https://registry.npmjs.org/@babel/plugin-transform-for-of/-/plugin-transform-for-of-7.27.1.tgz 0ms (cache hit)
1668 http cache @babel/plugin-transform-async-generator-functions@https://registry.npmjs.org/@babel/plugin-transform-async-generator-functions/-/plugin-transform-async-generator-functions-7.29.0.tgz 0ms (cache hit)
1669 http cache @babel/plugin-transform-class-properties@https://registry.npmjs.org/@babel/plugin-transform-class-properties/-/plugin-transform-class-properties-7.28.6.tgz 0ms (cache hit)
1670 http cache @babel/plugin-transform-computed-properties@https://registry.npmjs.org/@babel/plugin-transform-computed-properties/-/plugin-transform-computed-properties-7.28.6.tgz 0ms (cache hit)
1671 http cache @babel/plugin-syntax-typescript@https://registry.npmjs.org/@babel/plugin-syntax-typescript/-/plugin-syntax-typescript-7.28.6.tgz 0ms (cache hit)
1672 http cache @babel/plugin-syntax-private-property-in-object@https://registry.npmjs.org/@babel/plugin-syntax-private-property-in-object/-/plugin-syntax-private-property-in-object-7.14.5.tgz 0ms (cache hit)
1673 http cache @babel/plugin-transform-async-to-generator@https://registry.npmjs.org/@babel/plugin-transform-async-to-generator/-/plugin-transform-async-to-generator-7.28.6.tgz 0ms (cache hit)
1674 http cache @babel/plugin-transform-arrow-functions@https://registry.npmjs.org/@babel/plugin-transform-arrow-functions/-/plugin-transform-arrow-functions-7.27.1.tgz 0ms (cache hit)
1675 http cache @babel/plugin-syntax-optional-chaining@https://registry.npmjs.org/@babel/plugin-syntax-optional-chaining/-/plugin-syntax-optional-chaining-7.8.3.tgz 0ms (cache hit)
1676 http cache @babel/plugin-syntax-numeric-separator@https://registry.npmjs.org/@babel/plugin-syntax-numeric-separator/-/plugin-syntax-numeric-separator-7.10.4.tgz 0ms (cache hit)
1677 http cache @babel/plugin-syntax-optional-catch-binding@https://registry.npmjs.org/@babel/plugin-syntax-optional-catch-binding/-/plugin-syntax-optional-catch-binding-7.8.3.tgz 0ms (cache hit)
1678 http cache @babel/plugin-syntax-nullish-coalescing-operator@https://registry.npmjs.org/@babel/plugin-syntax-nullish-coalescing-operator/-/plugin-syntax-nullish-coalescing-operator-7.8.3.tgz 0ms (cache hit)
1679 http cache @babel/plugin-syntax-object-rest-spread@https://registry.npmjs.org/@babel/plugin-syntax-object-rest-spread/-/plugin-syntax-object-rest-spread-7.8.3.tgz 0ms (cache hit)
1680 http cache @babel/plugin-syntax-json-strings@https://registry.npmjs.org/@babel/plugin-syntax-json-strings/-/plugin-syntax-json-strings-7.8.3.tgz 0ms (cache hit)
1681 http cache @babel/plugin-syntax-import-meta@https://registry.npmjs.org/@babel/plugin-syntax-import-meta/-/plugin-syntax-import-meta-7.10.4.tgz 0ms (cache hit)
1682 http cache @babel/plugin-syntax-logical-assignment-operators@https://registry.npmjs.org/@babel/plugin-syntax-logical-assignment-operators/-/plugin-syntax-logical-assignment-operators-7.10.4.tgz 0ms (cache hit)
1683 http cache @babel/plugin-syntax-import-attributes@https://registry.npmjs.org/@babel/plugin-syntax-import-attributes/-/plugin-syntax-import-attributes-7.28.6.tgz 0ms (cache hit)
1684 http cache @babel/plugin-syntax-export-default-from@https://registry.npmjs.org/@babel/plugin-syntax-export-default-from/-/plugin-syntax-export-default-from-7.28.6.tgz 0ms (cache hit)
1685 http cache @babel/plugin-syntax-jsx@https://registry.npmjs.org/@babel/plugin-syntax-jsx/-/plugin-syntax-jsx-7.28.6.tgz 0ms (cache hit)
1686 http cache @babel/plugin-syntax-decorators@https://registry.npmjs.org/@babel/plugin-syntax-decorators/-/plugin-syntax-decorators-7.28.6.tgz 0ms (cache hit)
1687 http cache @babel/plugin-syntax-flow@https://registry.npmjs.org/@babel/plugin-syntax-flow/-/plugin-syntax-flow-7.28.6.tgz 0ms (cache hit)
1688 http cache @babel/plugin-syntax-class-static-block@https://registry.npmjs.org/@babel/plugin-syntax-class-static-block/-/plugin-syntax-class-static-block-7.14.5.tgz 0ms (cache hit)
1689 http cache @babel/plugin-proposal-export-default-from@https://registry.npmjs.org/@babel/plugin-proposal-export-default-from/-/plugin-proposal-export-default-from-7.27.1.tgz 0ms (cache hit)
1690 http cache @babel/plugin-syntax-dynamic-import@https://registry.npmjs.org/@babel/plugin-syntax-dynamic-import/-/plugin-syntax-dynamic-import-7.8.3.tgz 0ms (cache hit)
1691 http cache @babel/plugin-syntax-async-generators@https://registry.npmjs.org/@babel/plugin-syntax-async-generators/-/plugin-syntax-async-generators-7.8.4.tgz 0ms (cache hit)
1692 http cache @babel/plugin-syntax-class-properties@https://registry.npmjs.org/@babel/plugin-syntax-class-properties/-/plugin-syntax-class-properties-7.12.13.tgz 0ms (cache hit)
1693 http cache @babel/plugin-proposal-decorators@https://registry.npmjs.org/@babel/plugin-proposal-decorators/-/plugin-proposal-decorators-7.29.0.tgz 1ms (cache hit)
1694 http cache @babel/helpers@https://registry.npmjs.org/@babel/helpers/-/helpers-7.29.2.tgz 0ms (cache hit)
1695 http cache @babel/plugin-syntax-top-level-await@https://registry.npmjs.org/@babel/plugin-syntax-top-level-await/-/plugin-syntax-top-level-await-7.14.5.tgz 0ms (cache hit)
1696 http cache @babel/plugin-syntax-bigint@https://registry.npmjs.org/@babel/plugin-syntax-bigint/-/plugin-syntax-bigint-7.8.3.tgz 0ms (cache hit)
1697 http cache @babel/parser@https://registry.npmjs.org/@babel/parser/-/parser-7.29.2.tgz 0ms (cache hit)
1698 http cache @babel/helper-validator-option@https://registry.npmjs.org/@babel/helper-validator-option/-/helper-validator-option-7.27.1.tgz 0ms (cache hit)
1699 http cache @babel/helper-wrap-function@https://registry.npmjs.org/@babel/helper-wrap-function/-/helper-wrap-function-7.28.6.tgz 0ms (cache hit)
1700 http cache @babel/helper-validator-identifier@https://registry.npmjs.org/@babel/helper-validator-identifier/-/helper-validator-identifier-7.28.5.tgz 0ms (cache hit)
1701 http cache @babel/helper-skip-transparent-expression-wrappers@https://registry.npmjs.org/@babel/helper-skip-transparent-expression-wrappers/-/helper-skip-transparent-expression-wrappers-7.27.1.tgz 0ms (cache hit)
1702 http cache @babel/helper-replace-supers@https://registry.npmjs.org/@babel/helper-replace-supers/-/helper-replace-supers-7.28.6.tgz 0ms (cache hit)
1703 http cache @babel/helper-string-parser@https://registry.npmjs.org/@babel/helper-string-parser/-/helper-string-parser-7.27.1.tgz 0ms (cache hit)
1704 http cache @babel/helper-remap-async-to-generator@https://registry.npmjs.org/@babel/helper-remap-async-to-generator/-/helper-remap-async-to-generator-7.27.1.tgz 0ms (cache hit)
1705 http cache @babel/helper-plugin-utils@https://registry.npmjs.org/@babel/helper-plugin-utils/-/helper-plugin-utils-7.28.6.tgz 0ms (cache hit)
1706 http cache @babel/helper-optimise-call-expression@https://registry.npmjs.org/@babel/helper-optimise-call-expression/-/helper-optimise-call-expression-7.27.1.tgz 0ms (cache hit)
1707 http cache @babel/helper-module-transforms@https://registry.npmjs.org/@babel/helper-module-transforms/-/helper-module-transforms-7.28.6.tgz 0ms (cache hit)
1708 http cache @babel/helper-module-imports@https://registry.npmjs.org/@babel/helper-module-imports/-/helper-module-imports-7.28.6.tgz 0ms (cache hit)
1709 http cache @babel/helper-member-expression-to-functions@https://registry.npmjs.org/@babel/helper-member-expression-to-functions/-/helper-member-expression-to-functions-7.28.5.tgz 0ms (cache hit)
1710 http cache @babel/helper-globals@https://registry.npmjs.org/@babel/helper-globals/-/helper-globals-7.28.0.tgz 0ms (cache hit)
1711 http cache @babel/helper-define-polyfill-provider@https://registry.npmjs.org/@babel/helper-define-polyfill-provider/-/helper-define-polyfill-provider-0.6.8.tgz 0ms (cache hit)
1712 http cache @babel/helper-create-regexp-features-plugin@https://registry.npmjs.org/@babel/helper-create-regexp-features-plugin/-/helper-create-regexp-features-plugin-7.28.5.tgz 0ms (cache hit)
1713 http cache @babel/helper-create-class-features-plugin@https://registry.npmjs.org/@babel/helper-create-class-features-plugin/-/helper-create-class-features-plugin-7.28.6.tgz 0ms (cache hit)
1714 http cache @babel/helper-compilation-targets@https://registry.npmjs.org/@babel/helper-compilation-targets/-/helper-compilation-targets-7.28.6.tgz 0ms (cache hit)
1715 http cache @babel/helper-annotate-as-pure@https://registry.npmjs.org/@babel/helper-annotate-as-pure/-/helper-annotate-as-pure-7.27.3.tgz 0ms (cache hit)
1716 http cache @babel/generator@https://registry.npmjs.org/@babel/generator/-/generator-7.29.1.tgz 0ms (cache hit)
1717 http cache has-flag@https://registry.npmjs.org/has-flag/-/has-flag-4.0.0.tgz 0ms (cache hit)
1718 http cache @babel/core@https://registry.npmjs.org/@babel/core/-/core-7.29.0.tgz 0ms (cache hit)
1719 http cache supports-color@https://registry.npmjs.org/supports-color/-/supports-color-7.2.0.tgz 0ms (cache hit)
1720 http cache @babel/compat-data@https://registry.npmjs.org/@babel/compat-data/-/compat-data-7.29.0.tgz 0ms (cache hit)
1721 http cache yallist@https://registry.npmjs.org/yallist/-/yallist-5.0.0.tgz 0ms (cache hit)
1722 http cache lru-cache@https://registry.npmjs.org/lru-cache/-/lru-cache-10.4.3.tgz 0ms (cache hit)
1723 http cache resolve@https://registry.npmjs.org/resolve/-/resolve-1.7.1.tgz 0ms (cache hit)
1724 http cache debug@https://registry.npmjs.org/debug/-/debug-2.6.9.tgz 0ms (cache hit)
1725 http cache ms@https://registry.npmjs.org/ms/-/ms-2.0.0.tgz 0ms (cache hit)
1726 http cache open@https://registry.npmjs.org/open/-/open-8.4.2.tgz 0ms (cache hit)
1727 http cache negotiator@https://registry.npmjs.org/negotiator/-/negotiator-0.6.4.tgz 0ms (cache hit)
1728 http cache argparse@https://registry.npmjs.org/argparse/-/argparse-2.0.1.tgz 0ms (cache hit)
1729 http cache strip-ansi@https://registry.npmjs.org/strip-ansi/-/strip-ansi-5.2.0.tgz 0ms (cache hit)
1730 http cache has-flag@https://registry.npmjs.org/has-flag/-/has-flag-4.0.0.tgz 0ms (cache hit)
1731 http cache color-name@https://registry.npmjs.org/color-name/-/color-name-1.1.4.tgz 0ms (cache hit)
1732 http cache ansi-regex@https://registry.npmjs.org/ansi-regex/-/ansi-regex-4.1.1.tgz 0ms (cache hit)
1733 http cache ansi-styles@https://registry.npmjs.org/ansi-styles/-/ansi-styles-4.3.0.tgz 0ms (cache hit)
1734 http cache supports-color@https://registry.npmjs.org/supports-color/-/supports-color-7.2.0.tgz 0ms (cache hit)
1735 http cache chalk@https://registry.npmjs.org/chalk/-/chalk-4.1.2.tgz 0ms (cache hit)
1736 http cache has-flag@https://registry.npmjs.org/has-flag/-/has-flag-4.0.0.tgz 0ms (cache hit)
1737 http cache @babel/code-frame@https://registry.npmjs.org/@babel/code-frame/-/code-frame-7.29.0.tgz 0ms (cache hit)
1738 http cache js-yaml@https://registry.npmjs.org/js-yaml/-/js-yaml-4.1.1.tgz 0ms (cache hit)
1739 http cache color-name@https://registry.npmjs.org/color-name/-/color-name-1.1.4.tgz 0ms (cache hit)
1740 http cache supports-color@https://registry.npmjs.org/supports-color/-/supports-color-7.2.0.tgz 0ms (cache hit)
1741 http cache color-convert@https://registry.npmjs.org/color-convert/-/color-convert-2.0.1.tgz 0ms (cache hit)
1742 http cache ansi-styles@https://registry.npmjs.org/ansi-styles/-/ansi-styles-4.3.0.tgz 0ms (cache hit)
1743 http cache debug@https://registry.npmjs.org/debug/-/debug-3.2.7.tgz 0ms (cache hit)
1744 http cache color-convert@https://registry.npmjs.org/color-convert/-/color-convert-2.0.1.tgz 0ms (cache hit)
1745 http cache type-fest@https://registry.npmjs.org/type-fest/-/type-fest-0.21.3.tgz 0ms (cache hit)
1746 http cache balanced-match@https://registry.npmjs.org/balanced-match/-/balanced-match-4.0.4.tgz 0ms (cache hit)
1747 http cache lru-cache@https://registry.npmjs.org/lru-cache/-/lru-cache-11.3.6.tgz 0ms (cache hit)
1748 http cache chalk@https://registry.npmjs.org/chalk/-/chalk-4.1.2.tgz 0ms (cache hit)
1749 http cache @babel/code-frame@https://registry.npmjs.org/@babel/code-frame/-/code-frame-7.29.0.tgz 0ms (cache hit)
1750 http cache color-convert@https://registry.npmjs.org/color-convert/-/color-convert-2.0.1.tgz 0ms (cache hit)
1751 http cache has-flag@https://registry.npmjs.org/has-flag/-/has-flag-4.0.0.tgz 0ms (cache hit)
1752 http cache supports-color@https://registry.npmjs.org/supports-color/-/supports-color-7.2.0.tgz 0ms (cache hit)
1753 http cache has-flag@https://registry.npmjs.org/has-flag/-/has-flag-4.0.0.tgz 0ms (cache hit)
1754 http cache color-convert@https://registry.npmjs.org/color-convert/-/color-convert-2.0.1.tgz 0ms (cache hit)
1755 http cache color-name@https://registry.npmjs.org/color-name/-/color-name-1.1.4.tgz 1ms (cache hit)
1756 http cache @xmldom/xmldom@https://registry.npmjs.org/@xmldom/xmldom/-/xmldom-0.9.10.tgz 0ms (cache hit)
1757 http cache supports-color@https://registry.npmjs.org/supports-color/-/supports-color-7.2.0.tgz 0ms (cache hit)
1758 http cache ansi-styles@https://registry.npmjs.org/ansi-styles/-/ansi-styles-4.3.0.tgz 0ms (cache hit)
1759 http cache color-name@https://registry.npmjs.org/color-name/-/color-name-1.1.4.tgz 0ms (cache hit)
1760 http cache chalk@https://registry.npmjs.org/chalk/-/chalk-4.1.2.tgz 0ms (cache hit)
1761 http cache ansi-styles@https://registry.npmjs.org/ansi-styles/-/ansi-styles-4.3.0.tgz 0ms (cache hit)
1762 http cache @babel/code-frame@https://registry.npmjs.org/@babel/code-frame/-/code-frame-7.29.0.tgz 0ms (cache hit)
1763 http cache chalk@https://registry.npmjs.org/chalk/-/chalk-4.1.2.tgz 0ms (cache hit)
1764 http cache commander@https://registry.npmjs.org/commander/-/commander-4.1.1.tgz 0ms (cache hit)
1765 http cache has-flag@https://registry.npmjs.org/has-flag/-/has-flag-4.0.0.tgz 0ms (cache hit)
1766 http cache color-name@https://registry.npmjs.org/color-name/-/color-name-1.1.4.tgz 0ms (cache hit)
1767 http cache supports-color@https://registry.npmjs.org/supports-color/-/supports-color-7.2.0.tgz 0ms (cache hit)
1768 http cache color-convert@https://registry.npmjs.org/color-convert/-/color-convert-2.0.1.tgz 0ms (cache hit)
1769 http cache hermes-estree@https://registry.npmjs.org/hermes-estree/-/hermes-estree-0.29.1.tgz 0ms (cache hit)
1770 http cache has-flag@https://registry.npmjs.org/has-flag/-/has-flag-4.0.0.tgz 0ms (cache hit)
1771 http cache ansi-styles@https://registry.npmjs.org/ansi-styles/-/ansi-styles-4.3.0.tgz 0ms (cache hit)
1772 http cache chalk@https://registry.npmjs.org/chalk/-/chalk-4.1.2.tgz 0ms (cache hit)
1773 http cache color-convert@https://registry.npmjs.org/color-convert/-/color-convert-2.0.1.tgz 0ms (cache hit)
1774 http cache picomatch@https://registry.npmjs.org/picomatch/-/picomatch-4.0.4.tgz 0ms (cache hit)
1775 http cache color-name@https://registry.npmjs.org/color-name/-/color-name-1.1.4.tgz 0ms (cache hit)
1776 http cache ansi-styles@https://registry.npmjs.org/ansi-styles/-/ansi-styles-4.3.0.tgz 0ms (cache hit)
1777 http cache chalk@https://registry.npmjs.org/chalk/-/chalk-4.1.2.tgz 0ms (cache hit)
1778 http cache supports-color@https://registry.npmjs.org/supports-color/-/supports-color-7.2.0.tgz 0ms (cache hit)
1779 http cache hermes-parser@https://registry.npmjs.org/hermes-parser/-/hermes-parser-0.29.1.tgz 1ms (cache hit)
1780 http cache @babel/code-frame@https://registry.npmjs.org/@babel/code-frame/-/code-frame-7.29.0.tgz 0ms (cache hit)
1781 http cache has-flag@https://registry.npmjs.org/has-flag/-/has-flag-4.0.0.tgz 0ms (cache hit)
1782 http cache color-name@https://registry.npmjs.org/color-name/-/color-name-1.1.4.tgz 0ms (cache hit)
1783 http cache supports-color@https://registry.npmjs.org/supports-color/-/supports-color-7.2.0.tgz 0ms (cache hit)
1784 http cache color-convert@https://registry.npmjs.org/color-convert/-/color-convert-2.0.1.tgz 0ms (cache hit)
1785 http cache color-name@https://registry.npmjs.org/color-name/-/color-name-1.1.4.tgz 0ms (cache hit)
1786 http cache xmlbuilder@https://registry.npmjs.org/xmlbuilder/-/xmlbuilder-11.0.1.tgz 0ms (cache hit)
1787 http cache has-flag@https://registry.npmjs.org/has-flag/-/has-flag-4.0.0.tgz 0ms (cache hit)
1788 http cache chalk@https://registry.npmjs.org/chalk/-/chalk-4.1.2.tgz 0ms (cache hit)
1789 http cache ansi-styles@https://registry.npmjs.org/ansi-styles/-/ansi-styles-4.3.0.tgz 0ms (cache hit)
1790 http cache ansi-styles@https://registry.npmjs.org/ansi-styles/-/ansi-styles-4.3.0.tgz 0ms (cache hit)
1791 http cache chalk@https://registry.npmjs.org/chalk/-/chalk-4.1.2.tgz 0ms (cache hit)
1792 http cache supports-color@https://registry.npmjs.org/supports-color/-/supports-color-7.2.0.tgz 0ms (cache hit)
1793 http cache brace-expansion@https://registry.npmjs.org/brace-expansion/-/brace-expansion-2.1.0.tgz 0ms (cache hit)
1794 http cache color-convert@https://registry.npmjs.org/color-convert/-/color-convert-2.0.1.tgz 0ms (cache hit)
1795 http cache supports-color@https://registry.npmjs.org/supports-color/-/supports-color-7.2.0.tgz 0ms (cache hit)
1796 http cache has-flag@https://registry.npmjs.org/has-flag/-/has-flag-4.0.0.tgz 0ms (cache hit)
1797 http cache color-name@https://registry.npmjs.org/color-name/-/color-name-1.1.4.tgz 0ms (cache hit)
1798 http cache ansi-styles@https://registry.npmjs.org/ansi-styles/-/ansi-styles-4.3.0.tgz 0ms (cache hit)
1799 http cache ws@https://registry.npmjs.org/ws/-/ws-8.20.0.tgz 0ms (cache hit)
1800 http cache minimatch@https://registry.npmjs.org/minimatch/-/minimatch-9.0.9.tgz 0ms (cache hit)
1801 http cache color-convert@https://registry.npmjs.org/color-convert/-/color-convert-2.0.1.tgz 0ms (cache hit)
1802 http cache ci-info@https://registry.npmjs.org/ci-info/-/ci-info-3.9.0.tgz 0ms (cache hit)
1803 http cache @expo/cli@https://registry.npmjs.org/@expo/cli/-/cli-54.0.24.tgz 0ms (cache hit)
1804 http cache color-name@https://registry.npmjs.org/color-name/-/color-name-1.1.4.tgz 0ms (cache hit)
1805 http cache expo-keep-awake@https://registry.npmjs.org/expo-keep-awake/-/expo-keep-awake-15.0.8.tgz 0ms (cache hit)
1806 http cache picomatch@https://registry.npmjs.org/picomatch/-/picomatch-4.0.4.tgz 0ms (cache hit)
1807 http cache @expo/vector-icons@https://registry.npmjs.org/@expo/vector-icons/-/vector-icons-15.1.1.tgz 0ms (cache hit)
1808 http cache chalk@https://registry.npmjs.org/chalk/-/chalk-4.1.2.tgz 0ms (cache hit)
1809 http cache expo-font@https://registry.npmjs.org/expo-font/-/expo-font-14.0.11.tgz 0ms (cache hit)
1810 http cache color-convert@https://registry.npmjs.org/color-convert/-/color-convert-2.0.1.tgz 0ms (cache hit)
1811 http cache ansi-styles@https://registry.npmjs.org/ansi-styles/-/ansi-styles-4.3.0.tgz 0ms (cache hit)
1812 http cache picomatch@https://registry.npmjs.org/picomatch/-/picomatch-4.0.4.tgz 0ms (cache hit)
1813 http cache babel-preset-expo@https://registry.npmjs.org/babel-preset-expo/-/babel-preset-expo-54.0.10.tgz 0ms (cache hit)
1814 http cache minimatch@https://registry.npmjs.org/minimatch/-/minimatch-3.1.5.tgz 0ms (cache hit)
1815 http cache fdir@https://registry.npmjs.org/fdir/-/fdir-6.5.0.tgz 0ms (cache hit)
1816 http cache commander@https://registry.npmjs.org/commander/-/commander-2.20.3.tgz 0ms (cache hit)
1817 http cache brace-expansion@https://registry.npmjs.org/brace-expansion/-/brace-expansion-1.1.13.tgz 0ms (cache hit)
1818 http cache escape-string-regexp@https://registry.npmjs.org/escape-string-regexp/-/escape-string-regexp-2.0.0.tgz 0ms (cache hit)
1819 http cache glob@https://registry.npmjs.org/glob/-/glob-7.2.3.tgz 0ms (cache hit)
1820 http cache source-map@https://registry.npmjs.org/source-map/-/source-map-0.6.1.tgz 0ms (cache hit)
1821 http cache statuses@https://registry.npmjs.org/statuses/-/statuses-2.0.2.tgz 0ms (cache hit)
1822 http cache encodeurl@https://registry.npmjs.org/encodeurl/-/encodeurl-2.0.0.tgz 0ms (cache hit)
1823 http cache on-finished@https://registry.npmjs.org/on-finished/-/on-finished-2.4.1.tgz 0ms (cache hit)
1824 http cache webidl-conversions@https://registry.npmjs.org/webidl-conversions/-/webidl-conversions-3.0.1.tgz 0ms (cache hit)
1825 http cache ms@https://registry.npmjs.org/ms/-/ms-2.0.0.tgz 0ms (cache hit)
1826 http cache encodeurl@https://registry.npmjs.org/encodeurl/-/encodeurl-2.0.0.tgz 0ms (cache hit)
1827 http cache glob@https://registry.npmjs.org/glob/-/glob-7.2.3.tgz 0ms (cache hit)
1828 http cache debug@https://registry.npmjs.org/debug/-/debug-2.6.9.tgz 0ms (cache hit)
1829 http cache memoize-one@https://registry.npmjs.org/memoize-one/-/memoize-one-6.0.0.tgz 0ms (cache hit)
1830 http cache brace-expansion@https://registry.npmjs.org/brace-expansion/-/brace-expansion-1.1.13.tgz 0ms (cache hit)
1831 http cache commander@https://registry.npmjs.org/commander/-/commander-12.1.0.tgz 0ms (cache hit)
1832 http cache @react-native/normalize-colors@https://registry.npmjs.org/@react-native/normalize-colors/-/normalize-colors-0.74.89.tgz 0ms (cache hit)
1833 http cache ws@https://registry.npmjs.org/ws/-/ws-6.2.3.tgz 0ms (cache hit)
1834 http cache glob@https://registry.npmjs.org/glob/-/glob-7.2.3.tgz 0ms (cache hit)
1835 http cache minimatch@https://registry.npmjs.org/minimatch/-/minimatch-3.1.5.tgz 0ms (cache hit)
1836 http cache minimatch@https://registry.npmjs.org/minimatch/-/minimatch-3.1.5.tgz 0ms (cache hit)
1837 http cache ansi-styles@https://registry.npmjs.org/ansi-styles/-/ansi-styles-5.2.0.tgz 0ms (cache hit)
1838 http cache @react-native/virtualized-lists@https://registry.npmjs.org/@react-native/virtualized-lists/-/virtualized-lists-0.81.5.tgz 0ms (cache hit)
1839 http cache brace-expansion@https://registry.npmjs.org/brace-expansion/-/brace-expansion-1.1.13.tgz 0ms (cache hit)
1840 http cache has-flag@https://registry.npmjs.org/has-flag/-/has-flag-4.0.0.tgz 0ms (cache hit)
1841 http cache p-limit@https://registry.npmjs.org/p-limit/-/p-limit-2.3.0.tgz 0ms (cache hit)
1842 http cache color-name@https://registry.npmjs.org/color-name/-/color-name-1.1.4.tgz 0ms (cache hit)
1843 http cache color-convert@https://registry.npmjs.org/color-convert/-/color-convert-2.0.1.tgz 0ms (cache hit)
1844 http cache supports-color@https://registry.npmjs.org/supports-color/-/supports-color-7.2.0.tgz 0ms (cache hit)
1845 http cache ansi-styles@https://registry.npmjs.org/ansi-styles/-/ansi-styles-4.3.0.tgz 0ms (cache hit)
1846 http cache debug@https://registry.npmjs.org/debug/-/debug-2.6.9.tgz 0ms (cache hit)
1847 http cache chalk@https://registry.npmjs.org/chalk/-/chalk-4.1.2.tgz 0ms (cache hit)
1848 http cache @babel/code-frame@https://registry.npmjs.org/@babel/code-frame/-/code-frame-7.29.0.tgz 0ms (cache hit)
1849 http cache ms@https://registry.npmjs.org/ms/-/ms-2.0.0.tgz 0ms (cache hit)
1850 http cache color-name@https://registry.npmjs.org/color-name/-/color-name-1.1.4.tgz 0ms (cache hit)
1851 http cache supports-color@https://registry.npmjs.org/supports-color/-/supports-color-8.1.1.tgz 0ms (cache hit)
1852 http cache chalk@https://registry.npmjs.org/chalk/-/chalk-4.1.2.tgz 0ms (cache hit)
1853 http cache has-flag@https://registry.npmjs.org/has-flag/-/has-flag-4.0.0.tgz 0ms (cache hit)
1854 http cache color-convert@https://registry.npmjs.org/color-convert/-/color-convert-2.0.1.tgz 0ms (cache hit)
1855 http cache supports-color@https://registry.npmjs.org/supports-color/-/supports-color-7.2.0.tgz 0ms (cache hit)
1856 http cache has-flag@https://registry.npmjs.org/has-flag/-/has-flag-4.0.0.tgz 0ms (cache hit)
1857 http cache has-flag@https://registry.npmjs.org/has-flag/-/has-flag-4.0.0.tgz 0ms (cache hit)
1858 http cache ansi-styles@https://registry.npmjs.org/ansi-styles/-/ansi-styles-4.3.0.tgz 0ms (cache hit)
1859 http cache color-convert@https://registry.npmjs.org/color-convert/-/color-convert-2.0.1.tgz 1ms (cache hit)
1860 http cache color-name@https://registry.npmjs.org/color-name/-/color-name-1.1.4.tgz 0ms (cache hit)
1861 http cache supports-color@https://registry.npmjs.org/supports-color/-/supports-color-7.2.0.tgz 0ms (cache hit)
1862 http cache has-flag@https://registry.npmjs.org/has-flag/-/has-flag-4.0.0.tgz 0ms (cache hit)
1863 http cache ansi-styles@https://registry.npmjs.org/ansi-styles/-/ansi-styles-4.3.0.tgz 0ms (cache hit)
1864 http cache ci-info@https://registry.npmjs.org/ci-info/-/ci-info-3.9.0.tgz 0ms (cache hit)
1865 http cache chalk@https://registry.npmjs.org/chalk/-/chalk-4.1.2.tgz 0ms (cache hit)
1866 http cache color-convert@https://registry.npmjs.org/color-convert/-/color-convert-2.0.1.tgz 0ms (cache hit)
1867 http cache color-name@https://registry.npmjs.org/color-name/-/color-name-1.1.4.tgz 0ms (cache hit)
1868 http cache supports-color@https://registry.npmjs.org/supports-color/-/supports-color-7.2.0.tgz 0ms (cache hit)
1869 http cache ansi-styles@https://registry.npmjs.org/ansi-styles/-/ansi-styles-4.3.0.tgz 0ms (cache hit)
1870 http cache semver@https://registry.npmjs.org/semver/-/semver-6.3.1.tgz 0ms (cache hit)
1871 http cache react-is@https://registry.npmjs.org/react-is/-/react-is-16.13.1.tgz 0ms (cache hit)
1872 http cache chalk@https://registry.npmjs.org/chalk/-/chalk-4.1.2.tgz 0ms (cache hit)
1873 http cache @babel/code-frame@https://registry.npmjs.org/@babel/code-frame/-/code-frame-7.29.0.tgz 0ms (cache hit)
1874 http cache statuses@https://registry.npmjs.org/statuses/-/statuses-2.0.2.tgz 0ms (cache hit)
1875 http cache promise@https://registry.npmjs.org/promise/-/promise-7.3.1.tgz 0ms (cache hit)
1876 http cache ms@https://registry.npmjs.org/ms/-/ms-2.0.0.tgz 0ms (cache hit)
1877 http cache ms@https://registry.npmjs.org/ms/-/ms-2.0.0.tgz 0ms (cache hit)
1878 http cache color-name@https://registry.npmjs.org/color-name/-/color-name-1.1.4.tgz 0ms (cache hit)
1879 http cache debug@https://registry.npmjs.org/debug/-/debug-2.6.9.tgz 0ms (cache hit)
1880 http cache color-convert@https://registry.npmjs.org/color-convert/-/color-convert-2.0.1.tgz 0ms (cache hit)
1881 http cache escape-string-regexp@https://registry.npmjs.org/escape-string-regexp/-/escape-string-regexp-4.0.0.tgz 0ms (cache hit)
1882 http cache debug@https://registry.npmjs.org/debug/-/debug-2.6.9.tgz 0ms (cache hit)
1883 http cache semver@https://registry.npmjs.org/semver/-/semver-6.3.1.tgz 0ms (cache hit)
1884 http cache escape-string-regexp@https://registry.npmjs.org/escape-string-regexp/-/escape-string-regexp-4.0.0.tgz 0ms (cache hit)
1885 http cache hermes-estree@https://registry.npmjs.org/hermes-estree/-/hermes-estree-0.29.1.tgz 0ms (cache hit)
1886 http cache hermes-parser@https://registry.npmjs.org/hermes-parser/-/hermes-parser-0.29.1.tgz 0ms (cache hit)
1887 http cache color-convert@https://registry.npmjs.org/color-convert/-/color-convert-2.0.1.tgz 0ms (cache hit)
1888 http cache has-flag@https://registry.npmjs.org/has-flag/-/has-flag-4.0.0.tgz 0ms (cache hit)
1889 http cache supports-color@https://registry.npmjs.org/supports-color/-/supports-color-7.2.0.tgz 0ms (cache hit)
1890 http cache color-name@https://registry.npmjs.org/color-name/-/color-name-1.1.4.tgz 0ms (cache hit)
1891 http cache escape-string-regexp@https://registry.npmjs.org/escape-string-regexp/-/escape-string-regexp-4.0.0.tgz 0ms (cache hit)
1892 http cache react-is@https://registry.npmjs.org/react-is/-/react-is-19.2.4.tgz 0ms (cache hit)
1893 http cache escape-string-regexp@https://registry.npmjs.org/escape-string-regexp/-/escape-string-regexp-4.0.0.tgz 0ms (cache hit)
1894 http cache chalk@https://registry.npmjs.org/chalk/-/chalk-4.1.2.tgz 0ms (cache hit)
1895 http cache ansi-styles@https://registry.npmjs.org/ansi-styles/-/ansi-styles-4.3.0.tgz 0ms (cache hit)
1896 http cache @react-native/js-polyfills@https://registry.npmjs.org/@react-native/js-polyfills/-/js-polyfills-0.84.1.tgz 0ms (cache hit)
1897 http cache @react-native/codegen@https://registry.npmjs.org/@react-native/codegen/-/codegen-0.84.1.tgz 0ms (cache hit)
1898 http cache ws@https://registry.npmjs.org/ws/-/ws-6.2.3.tgz 0ms (cache hit)
1899 http cache babel-plugin-syntax-hermes-parser@https://registry.npmjs.org/babel-plugin-syntax-hermes-parser/-/babel-plugin-syntax-hermes-parser-0.32.0.tgz 0ms (cache hit)
1900 http cache @react-native/babel-plugin-codegen@https://registry.npmjs.org/@react-native/babel-plugin-codegen/-/babel-plugin-codegen-0.84.1.tgz 0ms (cache hit)
1901 http cache @react-native/babel-preset@https://registry.npmjs.org/@react-native/babel-preset/-/babel-preset-0.84.1.tgz 0ms (cache hit)
1902 http cache hermes-parser@https://registry.npmjs.org/hermes-parser/-/hermes-parser-0.29.1.tgz 0ms (cache hit)
1903 http cache hermes-estree@https://registry.npmjs.org/hermes-estree/-/hermes-estree-0.29.1.tgz 0ms (cache hit)
1904 http cache minimatch@https://registry.npmjs.org/minimatch/-/minimatch-3.1.5.tgz 0ms (cache hit)
1905 http cache brace-expansion@https://registry.npmjs.org/brace-expansion/-/brace-expansion-1.1.13.tgz 0ms (cache hit)
1906 http cache color-name@https://registry.npmjs.org/color-name/-/color-name-1.1.4.tgz 0ms (cache hit)
1907 http cache glob@https://registry.npmjs.org/glob/-/glob-7.2.3.tgz 0ms (cache hit)
1908 http cache supports-color@https://registry.npmjs.org/supports-color/-/supports-color-7.2.0.tgz 0ms (cache hit)
1909 http cache has-flag@https://registry.npmjs.org/has-flag/-/has-flag-4.0.0.tgz 0ms (cache hit)
1910 http cache chalk@https://registry.npmjs.org/chalk/-/chalk-4.1.2.tgz 0ms (cache hit)
1911 http cache ansi-styles@https://registry.npmjs.org/ansi-styles/-/ansi-styles-4.3.0.tgz 0ms (cache hit)
1912 http cache has-flag@https://registry.npmjs.org/has-flag/-/has-flag-4.0.0.tgz 0ms (cache hit)
1913 http cache color-convert@https://registry.npmjs.org/color-convert/-/color-convert-2.0.1.tgz 0ms (cache hit)
1914 http cache supports-color@https://registry.npmjs.org/supports-color/-/supports-color-7.2.0.tgz 0ms (cache hit)
1915 http cache camelcase@https://registry.npmjs.org/camelcase/-/camelcase-5.3.1.tgz 0ms (cache hit)
1916 http cache chalk@https://registry.npmjs.org/chalk/-/chalk-4.1.2.tgz 0ms (cache hit)
1917 http cache has-flag@https://registry.npmjs.org/has-flag/-/has-flag-4.0.0.tgz 0ms (cache hit)
1918 http cache color-name@https://registry.npmjs.org/color-name/-/color-name-1.1.4.tgz 0ms (cache hit)
1919 http cache supports-color@https://registry.npmjs.org/supports-color/-/supports-color-7.2.0.tgz 0ms (cache hit)
1920 http cache color-convert@https://registry.npmjs.org/color-convert/-/color-convert-2.0.1.tgz 0ms (cache hit)
1921 http cache ansi-styles@https://registry.npmjs.org/ansi-styles/-/ansi-styles-4.3.0.tgz 0ms (cache hit)
1922 http cache color-name@https://registry.npmjs.org/color-name/-/color-name-1.1.4.tgz 0ms (cache hit)
1923 http cache @babel/code-frame@https://registry.npmjs.org/@babel/code-frame/-/code-frame-7.29.0.tgz 0ms (cache hit)
1924 http cache @babel/code-frame@https://registry.npmjs.org/@babel/code-frame/-/code-frame-7.29.0.tgz 0ms (cache hit)
1925 http cache color-convert@https://registry.npmjs.org/color-convert/-/color-convert-2.0.1.tgz 0ms (cache hit)
1926 http cache chalk@https://registry.npmjs.org/chalk/-/chalk-4.1.2.tgz 0ms (cache hit)
1927 http cache ansi-styles@https://registry.npmjs.org/ansi-styles/-/ansi-styles-4.3.0.tgz 0ms (cache hit)
1928 http cache @babel/code-frame@https://registry.npmjs.org/@babel/code-frame/-/code-frame-7.29.0.tgz 0ms (cache hit)
1929 http cache semver@https://registry.npmjs.org/semver/-/semver-6.3.1.tgz 0ms (cache hit)
1930 http cache semver@https://registry.npmjs.org/semver/-/semver-6.3.1.tgz 0ms (cache hit)
1931 http cache semver@https://registry.npmjs.org/semver/-/semver-6.3.1.tgz 0ms (cache hit)
1932 http cache semver@https://registry.npmjs.org/semver/-/semver-6.3.1.tgz 0ms (cache hit)
1933 silly tarball no local data for define-lazy-prop@https://registry.npmjs.org/define-lazy-prop/-/define-lazy-prop-2.0.0.tgz. Extracting by manifest.
1934 http cache semver@https://registry.npmjs.org/semver/-/semver-6.3.1.tgz 0ms (cache hit)
1935 http cache @babel/code-frame@https://registry.npmjs.org/@babel/code-frame/-/code-frame-7.29.0.tgz 0ms (cache hit)
1936 silly tarball no local data for clone@https://registry.npmjs.org/clone/-/clone-1.0.4.tgz. Extracting by manifest.
1937 silly tarball no local data for supports-hyperlinks@https://registry.npmjs.org/supports-hyperlinks/-/supports-hyperlinks-2.3.0.tgz. Extracting by manifest.
1938 silly tarball no local data for defaults@https://registry.npmjs.org/defaults/-/defaults-1.0.4.tgz. Extracting by manifest.
1939 silly tarball no local data for minizlib@https://registry.npmjs.org/minizlib/-/minizlib-3.1.0.tgz. Extracting by manifest.
1940 silly tarball no local data for chownr@https://registry.npmjs.org/chownr/-/chownr-3.0.0.tgz. Extracting by manifest.
1941 silly tarball no local data for ansi-escapes@https://registry.npmjs.org/ansi-escapes/-/ansi-escapes-4.3.2.tgz. Extracting by manifest.
1942 silly tarball no local data for mimic-fn@https://registry.npmjs.org/mimic-fn/-/mimic-fn-1.2.0.tgz. Extracting by manifest.
1943 silly tarball no local data for @isaacs/fs-minipass@https://registry.npmjs.org/@isaacs/fs-minipass/-/fs-minipass-4.0.1.tgz. Extracting by manifest.
1944 silly tarball no local data for strip-json-comments@https://registry.npmjs.org/strip-json-comments/-/strip-json-comments-2.0.1.tgz. Extracting by manifest.
1945 silly tarball no local data for minimist@https://registry.npmjs.org/minimist/-/minimist-1.2.8.tgz. Extracting by manifest.
1946 silly tarball no local data for onetime@https://registry.npmjs.org/onetime/-/onetime-2.0.1.tgz. Extracting by manifest.
1947 silly tarball no local data for deep-extend@https://registry.npmjs.org/deep-extend/-/deep-extend-0.6.0.tgz. Extracting by manifest.
1948 silly tarball no local data for ini@https://registry.npmjs.org/ini/-/ini-1.3.8.tgz. Extracting by manifest.
1949 silly tarball no local data for nested-error-stacks@https://registry.npmjs.org/nested-error-stacks/-/nested-error-stacks-2.0.1.tgz. Extracting by manifest.
1950 silly tarball no local data for rc@https://registry.npmjs.org/rc/-/rc-1.2.8.tgz. Extracting by manifest.
1951 silly tarball no local data for sisteransi@https://registry.npmjs.org/sisteransi/-/sisteransi-1.0.5.tgz. Extracting by manifest.
1952 silly tarball no local data for log-symbols@https://registry.npmjs.org/log-symbols/-/log-symbols-2.2.0.tgz. Extracting by manifest.
1953 silly tarball no local data for restore-cursor@https://registry.npmjs.org/restore-cursor/-/restore-cursor-2.0.0.tgz. Extracting by manifest.
1954 silly tarball no local data for kleur@https://registry.npmjs.org/kleur/-/kleur-3.0.3.tgz. Extracting by manifest.
1955 silly tarball no local data for cli-spinners@https://registry.npmjs.org/cli-spinners/-/cli-spinners-2.9.2.tgz. Extracting by manifest.
1956 silly tarball no local data for cli-cursor@https://registry.npmjs.org/cli-cursor/-/cli-cursor-2.1.0.tgz. Extracting by manifest.
1957 silly tarball no local data for wcwidth@https://registry.npmjs.org/wcwidth/-/wcwidth-1.0.1.tgz. Extracting by manifest.
1958 silly tarball no local data for proc-log@https://registry.npmjs.org/proc-log/-/proc-log-4.2.0.tgz. Extracting by manifest.
1959 silly tarball no local data for validate-npm-package-name@https://registry.npmjs.org/validate-npm-package-name/-/validate-npm-package-name-5.0.1.tgz. Extracting by manifest.
1960 silly tarball no local data for vary@https://registry.npmjs.org/vary/-/vary-1.1.2.tgz. Extracting by manifest.
1961 silly tarball no local data for hosted-git-info@https://registry.npmjs.org/hosted-git-info/-/hosted-git-info-7.0.2.tgz. Extracting by manifest.
1962 silly tarball no local data for safe-buffer@https://registry.npmjs.org/safe-buffer/-/safe-buffer-5.2.1.tgz. Extracting by manifest.
1963 silly tarball no local data for on-headers@https://registry.npmjs.org/on-headers/-/on-headers-1.1.0.tgz. Extracting by manifest.
1964 silly tarball no local data for compressible@https://registry.npmjs.org/compressible/-/compressible-2.0.18.tgz. Extracting by manifest.
1965 silly tarball no local data for wonka@https://registry.npmjs.org/wonka/-/wonka-6.3.6.tgz. Extracting by manifest.
1966 silly tarball no local data for undici@https://registry.npmjs.org/undici/-/undici-6.25.0.tgz. Extracting by manifest.
1967 silly tarball no local data for bytes@https://registry.npmjs.org/bytes/-/bytes-3.1.2.tgz. Extracting by manifest.
1968 silly tarball no local data for structured-headers@https://registry.npmjs.org/structured-headers/-/structured-headers-0.4.1.tgz. Extracting by manifest.
1969 silly tarball no local data for terminal-link@https://registry.npmjs.org/terminal-link/-/terminal-link-2.1.1.tgz. Extracting by manifest.
1970 silly tarball no local data for resolve.exports@https://registry.npmjs.org/resolve.exports/-/resolve.exports-2.0.3.tgz. Extracting by manifest.
1971 silly tarball no local data for @expo/sudo-prompt@https://registry.npmjs.org/@expo/sudo-prompt/-/sudo-prompt-9.3.2.tgz. Extracting by manifest.
1972 silly tarball no local data for prompts@https://registry.npmjs.org/prompts/-/prompts-2.4.2.tgz. Extracting by manifest.
1973 silly tarball no local data for requireg@https://registry.npmjs.org/requireg/-/requireg-0.2.2.tgz. Extracting by manifest.
1974 silly tarball no local data for progress@https://registry.npmjs.org/progress/-/progress-2.0.3.tgz. Extracting by manifest.
1975 silly tarball no local data for qrcode-terminal@https://registry.npmjs.org/qrcode-terminal/-/qrcode-terminal-0.11.0.tgz. Extracting by manifest.
1976 silly tarball no local data for tar@https://registry.npmjs.org/tar/-/tar-7.5.13.tgz. Extracting by manifest.
1977 silly tarball no local data for pretty-bytes@https://registry.npmjs.org/pretty-bytes/-/pretty-bytes-5.6.0.tgz. Extracting by manifest.
1978 silly tarball no local data for node-forge@https://registry.npmjs.org/node-forge/-/node-forge-1.4.0.tgz. Extracting by manifest.
1979 silly tarball no local data for npm-package-arg@https://registry.npmjs.org/npm-package-arg/-/npm-package-arg-11.0.3.tgz. Extracting by manifest.
1980 silly tarball no local data for env-editor@https://registry.npmjs.org/env-editor/-/env-editor-0.4.2.tgz. Extracting by manifest.
1981 silly tarball no local data for compression@https://registry.npmjs.org/compression/-/compression-1.8.1.tgz. Extracting by manifest.
1982 silly tarball no local data for lan-network@https://registry.npmjs.org/lan-network/-/lan-network-0.2.1.tgz. Extracting by manifest.
1983 silly tarball no local data for freeport-async@https://registry.npmjs.org/freeport-async/-/freeport-async-2.0.0.tgz. Extracting by manifest.
1984 silly tarball no local data for expo-server@https://registry.npmjs.org/expo-server/-/expo-server-1.0.6.tgz. Extracting by manifest.
1985 silly tarball no local data for better-opn@https://registry.npmjs.org/better-opn/-/better-opn-3.0.2.tgz. Extracting by manifest.
1986 silly tarball no local data for @expo/ws-tunnel@https://registry.npmjs.org/@expo/ws-tunnel/-/ws-tunnel-1.0.6.tgz. Extracting by manifest.
1987 silly tarball no local data for ora@https://registry.npmjs.org/ora/-/ora-3.4.0.tgz. Extracting by manifest.
1988 silly tarball no local data for @expo/xcpretty@https://registry.npmjs.org/@expo/xcpretty/-/xcpretty-4.4.3.tgz. Extracting by manifest.
1989 silly tarball no local data for @urql/exchange-retry@https://registry.npmjs.org/@urql/exchange-retry/-/exchange-retry-1.3.2.tgz. Extracting by manifest.
1990 silly tarball no local data for @expo/schema-utils@https://registry.npmjs.org/@expo/schema-utils/-/schema-utils-0.1.8.tgz. Extracting by manifest.
1991 silly tarball no local data for @expo/package-manager@https://registry.npmjs.org/@expo/package-manager/-/package-manager-1.10.4.tgz. Extracting by manifest.
1992 silly tarball no local data for @urql/core@https://registry.npmjs.org/@urql/core/-/core-5.2.0.tgz. Extracting by manifest.
1993 silly tarball no local data for @expo/osascript@https://registry.npmjs.org/@expo/osascript/-/osascript-2.4.2.tgz. Extracting by manifest.
1994 silly tarball no local data for @expo/code-signing-certificates@https://registry.npmjs.org/@expo/code-signing-certificates/-/code-signing-certificates-0.0.6.tgz. Extracting by manifest.
1995 silly tarball no local data for @0no-co/graphql.web@https://registry.npmjs.org/@0no-co/graphql.web/-/graphql.web-1.2.0.tgz. Extracting by manifest.
1996 silly tarball no local data for @expo/devcert@https://registry.npmjs.org/@expo/devcert/-/devcert-1.2.1.tgz. Extracting by manifest.
1997 silly tarball no local data for sax@https://registry.npmjs.org/sax/-/sax-1.6.0.tgz. Extracting by manifest.
1998 silly tarball no local data for big-integer@https://registry.npmjs.org/big-integer/-/big-integer-1.6.52.tgz. Extracting by manifest.
1999 silly tarball no local data for stream-buffers@https://registry.npmjs.org/stream-buffers/-/stream-buffers-2.2.0.tgz. Extracting by manifest.
2000 silly tarball no local data for bplist-parser@https://registry.npmjs.org/bplist-parser/-/bplist-parser-0.3.1.tgz. Extracting by manifest.
2001 silly tarball no local data for isexe@https://registry.npmjs.org/isexe/-/isexe-2.0.0.tgz. Extracting by manifest.
2002 silly tarball no local data for simple-plist@https://registry.npmjs.org/simple-plist/-/simple-plist-1.3.1.tgz. Extracting by manifest.
2003 silly tarball no local data for plist@https://registry.npmjs.org/plist/-/plist-3.1.1.tgz. Extracting by manifest.
2004 silly tarball no local data for uuid@https://registry.npmjs.org/uuid/-/uuid-7.0.3.tgz. Extracting by manifest.
2005 silly tarball no local data for thenify@https://registry.npmjs.org/thenify/-/thenify-3.3.1.tgz. Extracting by manifest.
2006 silly tarball no local data for has-flag@https://registry.npmjs.org/has-flag/-/has-flag-3.0.0.tgz. Extracting by manifest.
2007 silly tarball no local data for bplist-creator@https://registry.npmjs.org/bplist-creator/-/bplist-creator-0.1.0.tgz. Extracting by manifest.
2008 silly tarball no local data for thenify-all@https://registry.npmjs.org/thenify-all/-/thenify-all-1.6.0.tgz. Extracting by manifest.
2009 silly tarball no local data for any-promise@https://registry.npmjs.org/any-promise/-/any-promise-1.3.0.tgz. Extracting by manifest.
2010 silly tarball no local data for lines-and-columns@https://registry.npmjs.org/lines-and-columns/-/lines-and-columns-1.2.4.tgz. Extracting by manifest.
2011 silly tarball no local data for ts-interface-checker@https://registry.npmjs.org/ts-interface-checker/-/ts-interface-checker-0.1.13.tgz. Extracting by manifest.
2012 silly tarball no local data for mz@https://registry.npmjs.org/mz/-/mz-2.7.0.tgz. Extracting by manifest.
2013 silly tarball no local data for shebang-regex@https://registry.npmjs.org/shebang-regex/-/shebang-regex-3.0.0.tgz. Extracting by manifest.
2014 silly tarball no local data for pngjs@https://registry.npmjs.org/pngjs/-/pngjs-3.4.0.tgz. Extracting by manifest.
2015 silly tarball no local data for source-map-js@https://registry.npmjs.org/source-map-js/-/source-map-js-1.2.1.tgz. Extracting by manifest.
2016 silly tarball no local data for yocto-queue@https://registry.npmjs.org/yocto-queue/-/yocto-queue-0.1.0.tgz. Extracting by manifest.
2017 silly tarball no local data for brace-expansion@https://registry.npmjs.org/brace-expansion/-/brace-expansion-5.0.5.tgz. Extracting by manifest.
2018 silly tarball no local data for detect-libc@https://registry.npmjs.org/detect-libc/-/detect-libc-2.1.2.tgz. Extracting by manifest.
2019 silly tarball no local data for lightningcss-win32-x64-msvc@https://registry.npmjs.org/lightningcss-win32-x64-msvc/-/lightningcss-win32-x64-msvc-1.32.0.tgz. Extracting by manifest.
2020 silly tarball no local data for @expo/prebuild-config@https://registry.npmjs.org/@expo/prebuild-config/-/prebuild-config-54.0.8.tgz. Extracting by manifest.
2021 silly tarball no local data for path-scurry@https://registry.npmjs.org/path-scurry/-/path-scurry-2.0.2.tgz. Extracting by manifest.
2022 silly tarball no local data for minipass@https://registry.npmjs.org/minipass/-/minipass-7.1.3.tgz. Extracting by manifest.
2023 silly tarball no local data for commander@https://registry.npmjs.org/commander/-/commander-7.2.0.tgz. Extracting by manifest.
2024 silly tarball no local data for @expo/require-utils@https://registry.npmjs.org/@expo/require-utils/-/require-utils-55.0.4.tgz. Extracting by manifest.
2025 silly tarball no local data for @expo/image-utils@https://registry.npmjs.org/@expo/image-utils/-/image-utils-0.8.13.tgz. Extracting by manifest.
2026 silly tarball no local data for parse-png@https://registry.npmjs.org/parse-png/-/parse-png-2.1.0.tgz. Extracting by manifest.
2027 silly tarball no local data for shebang-command@https://registry.npmjs.org/shebang-command/-/shebang-command-2.0.0.tgz. Extracting by manifest.
2028 silly tarball no local data for path-key@https://registry.npmjs.org/path-key/-/path-key-3.1.1.tgz. Extracting by manifest.
2029 silly tarball no local data for jimp-compact@https://registry.npmjs.org/jimp-compact/-/jimp-compact-0.16.1.tgz. Extracting by manifest.
2030 silly tarball no local data for color-convert@https://registry.npmjs.org/color-convert/-/color-convert-1.9.3.tgz. Extracting by manifest.
2031 silly tarball no local data for supports-color@https://registry.npmjs.org/supports-color/-/supports-color-5.5.0.tgz. Extracting by manifest.
2032 silly tarball no local data for cross-spawn@https://registry.npmjs.org/cross-spawn/-/cross-spawn-7.0.6.tgz. Extracting by manifest.
2033 silly tarball no local data for ansi-styles@https://registry.npmjs.org/ansi-styles/-/ansi-styles-3.2.1.tgz. Extracting by manifest.
2034 silly tarball no local data for @xmldom/xmldom@https://registry.npmjs.org/@xmldom/xmldom/-/xmldom-0.8.13.tgz. Extracting by manifest.
2035 silly tarball no local data for which@https://registry.npmjs.org/which/-/which-2.0.2.tgz. Extracting by manifest.
2036 silly tarball no local data for xmlbuilder@https://registry.npmjs.org/xmlbuilder/-/xmlbuilder-15.1.1.tgz. Extracting by manifest.
2037 silly tarball no local data for escape-string-regexp@https://registry.npmjs.org/escape-string-regexp/-/escape-string-regexp-1.0.5.tgz. Extracting by manifest.
2038 silly tarball no local data for lightningcss@https://registry.npmjs.org/lightningcss/-/lightningcss-1.32.0.tgz. Extracting by manifest.
2039 silly tarball no local data for postcss@https://registry.npmjs.org/postcss/-/postcss-8.4.49.tgz. Extracting by manifest.
2040 silly tarball no local data for dotenv-expand@https://registry.npmjs.org/dotenv-expand/-/dotenv-expand-11.0.7.tgz. Extracting by manifest.
2041 silly tarball no local data for @expo/env@https://registry.npmjs.org/@expo/env/-/env-2.0.11.tgz. Extracting by manifest.
2042 silly tarball no local data for minimatch@https://registry.npmjs.org/minimatch/-/minimatch-10.2.5.tgz. Extracting by manifest.
2043 silly tarball no local data for ignore@https://registry.npmjs.org/ignore/-/ignore-5.3.2.tgz. Extracting by manifest.
2044 silly tarball no local data for arg@https://registry.npmjs.org/arg/-/arg-5.0.2.tgz. Extracting by manifest.
2045 silly tarball no local data for @expo/sdk-runtime-versions@https://registry.npmjs.org/@expo/sdk-runtime-versions/-/sdk-runtime-versions-1.0.0.tgz. Extracting by manifest.
2046 silly tarball no local data for @expo/spawn-async@https://registry.npmjs.org/@expo/spawn-async/-/spawn-async-1.7.2.tgz. Extracting by manifest.
2047 silly tarball no local data for dotenv@https://registry.npmjs.org/dotenv/-/dotenv-16.4.7.tgz. Extracting by manifest.
2048 silly tarball no local data for xcode@https://registry.npmjs.org/xcode/-/xcode-3.0.1.tgz. Extracting by manifest.
2049 silly tarball no local data for xml2js@https://registry.npmjs.org/xml2js/-/xml2js-0.6.0.tgz. Extracting by manifest.
2050 silly tarball no local data for @babel/highlight@https://registry.npmjs.org/@babel/highlight/-/highlight-7.25.9.tgz. Extracting by manifest.
2051 silly tarball no local data for @expo/plist@https://registry.npmjs.org/@expo/plist/-/plist-0.4.8.tgz. Extracting by manifest.
2052 silly tarball no local data for chalk@https://registry.npmjs.org/chalk/-/chalk-2.4.2.tgz. Extracting by manifest.
2053 silly tarball no local data for sucrase@https://registry.npmjs.org/sucrase/-/sucrase-3.35.1.tgz. Extracting by manifest.
2054 silly tarball no local data for resolve-workspace-root@https://registry.npmjs.org/resolve-workspace-root/-/resolve-workspace-root-2.0.1.tgz. Extracting by manifest.
2055 silly tarball no local data for slugify@https://registry.npmjs.org/slugify/-/slugify-1.6.9.tgz. Extracting by manifest.
2056 silly tarball no local data for glob@https://registry.npmjs.org/glob/-/glob-13.0.6.tgz. Extracting by manifest.
2057 silly tarball no local data for require-from-string@https://registry.npmjs.org/require-from-string/-/require-from-string-2.0.2.tgz. Extracting by manifest.
2058 silly tarball no local data for getenv@https://registry.npmjs.org/getenv/-/getenv-2.0.0.tgz. Extracting by manifest.
2059 silly tarball no local data for @expo/config-types@https://registry.npmjs.org/@expo/config-types/-/config-types-54.0.10.tgz. Extracting by manifest.
2060 silly tarball no local data for deepmerge@https://registry.npmjs.org/deepmerge/-/deepmerge-4.3.1.tgz. Extracting by manifest.
2061 silly tarball no local data for expo-modules-autolinking@https://registry.npmjs.org/expo-modules-autolinking/-/expo-modules-autolinking-3.0.25.tgz. Extracting by manifest.
2062 silly tarball no local data for @babel/code-frame@https://registry.npmjs.org/@babel/code-frame/-/code-frame-7.10.4.tgz. Extracting by manifest.
2063 silly tarball no local data for expo-modules-core@https://registry.npmjs.org/expo-modules-core/-/expo-modules-core-3.0.30.tgz. Extracting by manifest.
2064 silly tarball no local data for @expo/json-file@https://registry.npmjs.org/@expo/json-file/-/json-file-10.0.13.tgz. Extracting by manifest.
2065 silly tarball no local data for expo-file-system@https://registry.npmjs.org/expo-file-system/-/expo-file-system-19.0.22.tgz. Extracting by manifest.
2066 silly tarball no local data for @expo/metro@https://registry.npmjs.org/@expo/metro/-/metro-54.2.0.tgz. Extracting by manifest.
2067 silly tarball no local data for expo-constants@https://registry.npmjs.org/expo-constants/-/expo-constants-18.0.13.tgz. Extracting by manifest.
2068 silly tarball no local data for expo-asset@https://registry.npmjs.org/expo-asset/-/expo-asset-12.0.13.tgz. Extracting by manifest.
2069 silly tarball no local data for @expo/metro-config@https://registry.npmjs.org/@expo/metro-config/-/metro-config-54.0.15.tgz. Extracting by manifest.
2070 silly tarball no local data for @expo/fingerprint@https://registry.npmjs.org/@expo/fingerprint/-/fingerprint-0.15.5.tgz. Extracting by manifest.
2071 silly tarball no local data for @expo/config@https://registry.npmjs.org/@expo/config/-/config-12.0.13.tgz. Extracting by manifest.
2072 silly tarball no local data for @expo/config-plugins@https://registry.npmjs.org/@expo/config-plugins/-/config-plugins-54.0.4.tgz. Extracting by manifest.
2073 silly tarball no local data for p-limit@https://registry.npmjs.org/p-limit/-/p-limit-3.1.0.tgz. Extracting by manifest.
2074 silly tarball no local data for yargs-parser@https://registry.npmjs.org/yargs-parser/-/yargs-parser-21.1.1.tgz. Extracting by manifest.
2075 silly tarball no local data for expo@https://registry.npmjs.org/expo/-/expo-54.0.34.tgz. Extracting by manifest.
2076 silly tarball no local data for yargs@https://registry.npmjs.org/yargs/-/yargs-17.7.2.tgz. Extracting by manifest.
2077 silly tarball no local data for yallist@https://registry.npmjs.org/yallist/-/yallist-3.1.1.tgz. Extracting by manifest.
2078 silly tarball no local data for yaml@https://registry.npmjs.org/yaml/-/yaml-2.8.3.tgz. Extracting by manifest.
2079 silly tarball no local data for y18n@https://registry.npmjs.org/y18n/-/y18n-5.0.8.tgz. Extracting by manifest.
2080 silly tarball no local data for ws@https://registry.npmjs.org/ws/-/ws-7.5.10.tgz. Extracting by manifest.
2081 silly tarball no local data for write-file-atomic@https://registry.npmjs.org/write-file-atomic/-/write-file-atomic-4.0.2.tgz. Extracting by manifest.
2082 silly tarball no local data for wrap-ansi@https://registry.npmjs.org/wrap-ansi/-/wrap-ansi-7.0.0.tgz. Extracting by manifest.
2083 silly tarball no local data for whatwg-url-without-unicode@https://registry.npmjs.org/whatwg-url-without-unicode/-/whatwg-url-without-unicode-8.0.0-3.tgz. Extracting by manifest.
2084 silly tarball no local data for whatwg-url@https://registry.npmjs.org/whatwg-url/-/whatwg-url-5.0.0.tgz. Extracting by manifest.
2085 silly tarball no local data for wrappy@https://registry.npmjs.org/wrappy/-/wrappy-1.0.2.tgz. Extracting by manifest.
2086 silly tarball no local data for whatwg-fetch@https://registry.npmjs.org/whatwg-fetch/-/whatwg-fetch-3.6.20.tgz. Extracting by manifest.
2087 silly tarball no local data for webidl-conversions@https://registry.npmjs.org/webidl-conversions/-/webidl-conversions-5.0.0.tgz. Extracting by manifest.
2088 silly tarball no local data for walker@https://registry.npmjs.org/walker/-/walker-1.0.8.tgz. Extracting by manifest.
2089 silly tarball no local data for warn-once@https://registry.npmjs.org/warn-once/-/warn-once-0.1.1.tgz. Extracting by manifest.
2090 silly tarball no local data for vlq@https://registry.npmjs.org/vlq/-/vlq-1.0.1.tgz. Extracting by manifest.
2091 silly tarball no local data for use-sync-external-store@https://registry.npmjs.org/use-sync-external-store/-/use-sync-external-store-1.6.0.tgz. Extracting by manifest.
2092 silly tarball no local data for utils-merge@https://registry.npmjs.org/utils-merge/-/utils-merge-1.0.1.tgz. Extracting by manifest.
2093 silly tarball no local data for unpipe@https://registry.npmjs.org/unpipe/-/unpipe-1.0.0.tgz. Extracting by manifest.
2094 silly tarball no local data for unicode-property-aliases-ecmascript@https://registry.npmjs.org/unicode-property-aliases-ecmascript/-/unicode-property-aliases-ecmascript-2.2.0.tgz. Extracting by manifest.
2095 silly tarball no local data for use-latest-callback@https://registry.npmjs.org/use-latest-callback/-/use-latest-callback-0.2.6.tgz. Extracting by manifest.
2096 silly tarball no local data for update-browserslist-db@https://registry.npmjs.org/update-browserslist-db/-/update-browserslist-db-1.2.3.tgz. Extracting by manifest.
2097 silly tarball no local data for unicode-match-property-ecmascript@https://registry.npmjs.org/unicode-match-property-ecmascript/-/unicode-match-property-ecmascript-2.0.0.tgz. Extracting by manifest.
2098 silly tarball no local data for unicode-match-property-value-ecmascript@https://registry.npmjs.org/unicode-match-property-value-ecmascript/-/unicode-match-property-value-ecmascript-2.2.1.tgz. Extracting by manifest.
2099 silly tarball no local data for unicode-canonical-property-names-ecmascript@https://registry.npmjs.org/unicode-canonical-property-names-ecmascript/-/unicode-canonical-property-names-ecmascript-2.0.1.tgz. Extracting by manifest.
2100 silly tarball no local data for undici-types@https://registry.npmjs.org/undici-types/-/undici-types-7.18.2.tgz. Extracting by manifest.
2101 silly tarball no local data for ua-parser-js@https://registry.npmjs.org/ua-parser-js/-/ua-parser-js-1.0.41.tgz. Extracting by manifest.
2102 silly tarball no local data for type-fest@https://registry.npmjs.org/type-fest/-/type-fest-0.7.1.tgz. Extracting by manifest.
2103 silly tarball no local data for type-detect@https://registry.npmjs.org/type-detect/-/type-detect-4.0.8.tgz. Extracting by manifest.
2104 silly tarball no local data for toidentifier@https://registry.npmjs.org/toidentifier/-/toidentifier-1.0.1.tgz. Extracting by manifest.
2105 silly tarball no local data for tmpl@https://registry.npmjs.org/tmpl/-/tmpl-1.0.5.tgz. Extracting by manifest.
2106 silly tarball no local data for tr46@https://registry.npmjs.org/tr46/-/tr46-0.0.3.tgz. Extracting by manifest.
2107 silly tarball no local data for tinyglobby@https://registry.npmjs.org/tinyglobby/-/tinyglobby-0.2.15.tgz. Extracting by manifest.
2108 silly tarball no local data for to-regex-range@https://registry.npmjs.org/to-regex-range/-/to-regex-range-5.0.1.tgz. Extracting by manifest.
2109 silly tarball no local data for throat@https://registry.npmjs.org/throat/-/throat-5.0.0.tgz. Extracting by manifest.
2110 silly tarball no local data for test-exclude@https://registry.npmjs.org/test-exclude/-/test-exclude-6.0.0.tgz. Extracting by manifest.
2111 silly tarball no local data for supports-preserve-symlinks-flag@https://registry.npmjs.org/supports-preserve-symlinks-flag/-/supports-preserve-symlinks-flag-1.0.0.tgz. Extracting by manifest.
2112 silly tarball no local data for terser@https://registry.npmjs.org/terser/-/terser-5.46.1.tgz. Extracting by manifest.
2113 silly tarball no local data for styleq@https://registry.npmjs.org/styleq/-/styleq-0.1.3.tgz. Extracting by manifest.
2114 silly tarball no local data for string-width@https://registry.npmjs.org/string-width/-/string-width-4.2.3.tgz. Extracting by manifest.
2115 silly tarball no local data for strict-uri-encode@https://registry.npmjs.org/strict-uri-encode/-/strict-uri-encode-2.0.0.tgz. Extracting by manifest.
2116 silly tarball no local data for stacktrace-parser@https://registry.npmjs.org/stacktrace-parser/-/stacktrace-parser-0.1.11.tgz. Extracting by manifest.
2117 silly tarball no local data for strip-ansi@https://registry.npmjs.org/strip-ansi/-/strip-ansi-6.0.1.tgz. Extracting by manifest.
2118 silly tarball no local data for stackframe@https://registry.npmjs.org/stackframe/-/stackframe-1.3.4.tgz. Extracting by manifest.
2119 silly tarball no local data for statuses@https://registry.npmjs.org/statuses/-/statuses-1.5.0.tgz. Extracting by manifest.
2120 silly tarball no local data for stack-utils@https://registry.npmjs.org/stack-utils/-/stack-utils-2.0.6.tgz. Extracting by manifest.
2121 silly tarball no local data for sprintf-js@https://registry.npmjs.org/sprintf-js/-/sprintf-js-1.0.3.tgz. Extracting by manifest.
2122 silly tarball no local data for source-map-support@https://registry.npmjs.org/source-map-support/-/source-map-support-0.5.21.tgz. Extracting by manifest.
2123 silly tarball no local data for source-map@https://registry.npmjs.org/source-map/-/source-map-0.5.7.tgz. Extracting by manifest.
2124 silly tarball no local data for slash@https://registry.npmjs.org/slash/-/slash-3.0.0.tgz. Extracting by manifest.
2125 silly tarball no local data for simple-swizzle@https://registry.npmjs.org/simple-swizzle/-/simple-swizzle-0.2.4.tgz. Extracting by manifest.
2126 silly tarball no local data for shell-quote@https://registry.npmjs.org/shell-quote/-/shell-quote-1.8.3.tgz. Extracting by manifest.
2127 silly tarball no local data for signal-exit@https://registry.npmjs.org/signal-exit/-/signal-exit-3.0.7.tgz. Extracting by manifest.
2128 silly tarball no local data for setprototypeof@https://registry.npmjs.org/setprototypeof/-/setprototypeof-1.2.0.tgz. Extracting by manifest.
2129 silly tarball no local data for sf-symbols-typescript@https://registry.npmjs.org/sf-symbols-typescript/-/sf-symbols-typescript-2.2.0.tgz. Extracting by manifest.
2130 silly tarball no local data for split-on-first@https://registry.npmjs.org/split-on-first/-/split-on-first-1.1.0.tgz. Extracting by manifest.
2131 silly tarball no local data for serialize-error@https://registry.npmjs.org/serialize-error/-/serialize-error-2.1.0.tgz. Extracting by manifest.
2132 silly tarball no local data for serve-static@https://registry.npmjs.org/serve-static/-/serve-static-1.16.3.tgz. Extracting by manifest.
2133 silly tarball no local data for send@https://registry.npmjs.org/send/-/send-0.19.2.tgz. Extracting by manifest.
2134 silly tarball no local data for semver@https://registry.npmjs.org/semver/-/semver-7.7.4.tgz. Extracting by manifest.
2135 silly tarball no local data for setimmediate@https://registry.npmjs.org/setimmediate/-/setimmediate-1.0.5.tgz. Extracting by manifest.
2136 silly tarball no local data for rimraf@https://registry.npmjs.org/rimraf/-/rimraf-3.0.2.tgz. Extracting by manifest.
2137 silly tarball no local data for scheduler@https://registry.npmjs.org/scheduler/-/scheduler-0.26.0.tgz. Extracting by manifest.
2138 silly tarball no local data for resolve-from@https://registry.npmjs.org/resolve-from/-/resolve-from-5.0.0.tgz. Extracting by manifest.
2139 silly tarball no local data for regjsgen@https://registry.npmjs.org/regjsgen/-/regjsgen-0.8.0.tgz. Extracting by manifest.
2140 silly tarball no local data for regjsparser@https://registry.npmjs.org/regjsparser/-/regjsparser-0.13.0.tgz. Extracting by manifest.
2141 silly tarball no local data for resolve@https://registry.npmjs.org/resolve/-/resolve-1.22.11.tgz. Extracting by manifest.
2142 silly tarball no local data for require-directory@https://registry.npmjs.org/require-directory/-/require-directory-2.1.1.tgz. Extracting by manifest.
2143 silly tarball no local data for regenerator-runtime@https://registry.npmjs.org/regenerator-runtime/-/regenerator-runtime-0.13.11.tgz. Extracting by manifest.
2144 silly tarball no local data for regexpu-core@https://registry.npmjs.org/regexpu-core/-/regexpu-core-6.4.0.tgz. Extracting by manifest.
2145 silly tarball no local data for regenerate@https://registry.npmjs.org/regenerate/-/regenerate-1.4.2.tgz. Extracting by manifest.
2146 silly tarball no local data for react-refresh@https://registry.npmjs.org/react-refresh/-/react-refresh-0.14.2.tgz. Extracting by manifest.
2147 silly tarball no local data for regenerate-unicode-properties@https://registry.npmjs.org/regenerate-unicode-properties/-/regenerate-unicode-properties-10.2.2.tgz. Extracting by manifest.
2148 silly tarball no local data for react-native-worklets@https://registry.npmjs.org/react-native-worklets/-/react-native-worklets-0.8.1.tgz. Extracting by manifest.
2149 silly tarball no local data for react-native-web@https://registry.npmjs.org/react-native-web/-/react-native-web-0.21.2.tgz. Extracting by manifest.
2150 silly tarball no local data for react-native-reanimated@https://registry.npmjs.org/react-native-reanimated/-/react-native-reanimated-4.3.0.tgz. Extracting by manifest.
2151 silly tarball no local data for react-native-screens@https://registry.npmjs.org/react-native-screens/-/react-native-screens-4.16.0.tgz. Extracting by manifest.
2152 silly tarball no local data for react-native-safe-area-context@https://registry.npmjs.org/react-native-safe-area-context/-/react-native-safe-area-context-5.6.2.tgz. Extracting by manifest.
2153 silly tarball no local data for react-native-is-edge-to-edge@https://registry.npmjs.org/react-native-is-edge-to-edge/-/react-native-is-edge-to-edge-1.3.1.tgz. Extracting by manifest.
2154 silly tarball no local data for react-native-gesture-handler@https://registry.npmjs.org/react-native-gesture-handler/-/react-native-gesture-handler-2.28.0.tgz. Extracting by manifest.
2155 silly tarball no local data for react-native-drawer-layout@https://registry.npmjs.org/react-native-drawer-layout/-/react-native-drawer-layout-4.2.2.tgz. Extracting by manifest.
2156 silly tarball no local data for react-devtools-core@https://registry.npmjs.org/react-devtools-core/-/react-devtools-core-6.1.5.tgz. Extracting by manifest.
2157 silly tarball no local data for react-freeze@https://registry.npmjs.org/react-freeze/-/react-freeze-1.0.4.tgz. Extracting by manifest.
2158 silly tarball no local data for react-is@https://registry.npmjs.org/react-is/-/react-is-18.3.1.tgz. Extracting by manifest.
2159 silly tarball no local data for react@https://registry.npmjs.org/react/-/react-19.1.0.tgz. Extracting by manifest.
2160 silly tarball no local data for react-dom@https://registry.npmjs.org/react-dom/-/react-dom-19.1.0.tgz. Extracting by manifest.
2161 silly tarball no local data for queue@https://registry.npmjs.org/queue/-/queue-6.0.2.tgz. Extracting by manifest.
2162 silly tarball no local data for query-string@https://registry.npmjs.org/query-string/-/query-string-7.1.3.tgz. Extracting by manifest.
2163 silly tarball no local data for react-native@https://registry.npmjs.org/react-native/-/react-native-0.81.5.tgz. Extracting by manifest.
2164 silly tarball no local data for punycode@https://registry.npmjs.org/punycode/-/punycode-2.3.1.tgz. Extracting by manifest.
2165 silly tarball no local data for pretty-format@https://registry.npmjs.org/pretty-format/-/pretty-format-29.7.0.tgz. Extracting by manifest.
2166 silly tarball no local data for promise@https://registry.npmjs.org/promise/-/promise-8.3.0.tgz. Extracting by manifest.
2167 silly tarball no local data for pirates@https://registry.npmjs.org/pirates/-/pirates-4.0.7.tgz. Extracting by manifest.
2168 silly tarball no local data for postcss-value-parser@https://registry.npmjs.org/postcss-value-parser/-/postcss-value-parser-4.2.0.tgz. Extracting by manifest.
2169 silly tarball no local data for picomatch@https://registry.npmjs.org/picomatch/-/picomatch-2.3.2.tgz. Extracting by manifest.
2170 silly tarball no local data for picocolors@https://registry.npmjs.org/picocolors/-/picocolors-1.1.1.tgz. Extracting by manifest.
2171 silly tarball no local data for path-parse@https://registry.npmjs.org/path-parse/-/path-parse-1.0.7.tgz. Extracting by manifest.
2172 silly tarball no local data for parseurl@https://registry.npmjs.org/parseurl/-/parseurl-1.3.3.tgz. Extracting by manifest.
2173 silly tarball no local data for path-is-absolute@https://registry.npmjs.org/path-is-absolute/-/path-is-absolute-1.0.1.tgz. Extracting by manifest.
2174 silly tarball no local data for path-exists@https://registry.npmjs.org/path-exists/-/path-exists-4.0.0.tgz. Extracting by manifest.
2175 silly tarball no local data for p-try@https://registry.npmjs.org/p-try/-/p-try-2.2.0.tgz. Extracting by manifest.
2176 silly tarball no local data for p-locate@https://registry.npmjs.org/p-locate/-/p-locate-4.1.0.tgz. Extracting by manifest.
2177 silly tarball no local data for once@https://registry.npmjs.org/once/-/once-1.4.0.tgz. Extracting by manifest.
2178 silly tarball no local data for on-finished@https://registry.npmjs.org/on-finished/-/on-finished-2.3.0.tgz. Extracting by manifest.
2179 silly tarball no local data for open@https://registry.npmjs.org/open/-/open-7.4.2.tgz. Extracting by manifest.
2180 silly tarball no local data for object-assign@https://registry.npmjs.org/object-assign/-/object-assign-4.1.1.tgz. Extracting by manifest.
2181 silly tarball no local data for nullthrows@https://registry.npmjs.org/nullthrows/-/nullthrows-1.1.1.tgz. Extracting by manifest.
2182 silly tarball no local data for normalize-path@https://registry.npmjs.org/normalize-path/-/normalize-path-3.0.0.tgz. Extracting by manifest.
2183 silly tarball no local data for ob1@https://registry.npmjs.org/ob1/-/ob1-0.83.3.tgz. Extracting by manifest.
2184 silly tarball no local data for node-releases@https://registry.npmjs.org/node-releases/-/node-releases-2.0.36.tgz. Extracting by manifest.
2185 silly tarball no local data for node-int64@https://registry.npmjs.org/node-int64/-/node-int64-0.4.0.tgz. Extracting by manifest.
2186 silly tarball no local data for node-fetch@https://registry.npmjs.org/node-fetch/-/node-fetch-2.7.0.tgz. Extracting by manifest.
2187 silly tarball no local data for negotiator@https://registry.npmjs.org/negotiator/-/negotiator-0.6.3.tgz. Extracting by manifest.
2188 silly tarball no local data for mkdirp@https://registry.npmjs.org/mkdirp/-/mkdirp-1.0.4.tgz. Extracting by manifest.
2189 silly tarball no local data for nanoid@https://registry.npmjs.org/nanoid/-/nanoid-3.3.11.tgz. Extracting by manifest.
2190 silly tarball no local data for ms@https://registry.npmjs.org/ms/-/ms-2.1.3.tgz. Extracting by manifest.
2191 silly tarball no local data for mime-types@https://registry.npmjs.org/mime-types/-/mime-types-2.1.35.tgz. Extracting by manifest.
2192 silly tarball no local data for range-parser@https://registry.npmjs.org/range-parser/-/range-parser-1.2.1.tgz. Extracting by manifest.
2193 silly tarball no local data for mime-db@https://registry.npmjs.org/mime-db/-/mime-db-1.52.0.tgz. Extracting by manifest.
2194 silly tarball no local data for metro-transform-worker@https://registry.npmjs.org/metro-transform-worker/-/metro-transform-worker-0.83.3.tgz. Extracting by manifest.
2195 silly tarball no local data for mime@https://registry.npmjs.org/mime/-/mime-1.6.0.tgz. Extracting by manifest.
2196 silly tarball no local data for metro-symbolicate@https://registry.npmjs.org/metro-symbolicate/-/metro-symbolicate-0.83.3.tgz. Extracting by manifest.
2197 silly tarball no local data for micromatch@https://registry.npmjs.org/micromatch/-/micromatch-4.0.8.tgz. Extracting by manifest.
2198 silly tarball no local data for metro-source-map@https://registry.npmjs.org/metro-source-map/-/metro-source-map-0.83.3.tgz. Extracting by manifest.
2199 silly tarball no local data for metro-transform-plugins@https://registry.npmjs.org/metro-transform-plugins/-/metro-transform-plugins-0.83.3.tgz. Extracting by manifest.
2200 silly tarball no local data for metro-core@https://registry.npmjs.org/metro-core/-/metro-core-0.83.3.tgz. Extracting by manifest.
2201 silly tarball no local data for metro-resolver@https://registry.npmjs.org/metro-resolver/-/metro-resolver-0.83.3.tgz. Extracting by manifest.
2202 silly tarball no local data for metro-runtime@https://registry.npmjs.org/metro-runtime/-/metro-runtime-0.83.3.tgz. Extracting by manifest.
2203 silly tarball no local data for metro-minify-terser@https://registry.npmjs.org/metro-minify-terser/-/metro-minify-terser-0.83.3.tgz. Extracting by manifest.
2204 silly tarball no local data for metro-cache-key@https://registry.npmjs.org/metro-cache-key/-/metro-cache-key-0.83.3.tgz. Extracting by manifest.
2205 silly tarball no local data for metro-file-map@https://registry.npmjs.org/metro-file-map/-/metro-file-map-0.83.3.tgz. Extracting by manifest.
2206 silly tarball no local data for metro-config@https://registry.npmjs.org/metro-config/-/metro-config-0.83.3.tgz. Extracting by manifest.
2207 silly tarball no local data for metro-babel-transformer@https://registry.npmjs.org/metro-babel-transformer/-/metro-babel-transformer-0.83.3.tgz. Extracting by manifest.
2208 silly tarball no local data for merge-stream@https://registry.npmjs.org/merge-stream/-/merge-stream-2.0.0.tgz. Extracting by manifest.
2209 silly tarball no local data for metro-cache@https://registry.npmjs.org/metro-cache/-/metro-cache-0.83.3.tgz. Extracting by manifest.
2210 silly tarball no local data for metro@https://registry.npmjs.org/metro/-/metro-0.83.3.tgz. Extracting by manifest.
2211 silly tarball no local data for memoize-one@https://registry.npmjs.org/memoize-one/-/memoize-one-5.2.1.tgz. Extracting by manifest.
2212 silly tarball no local data for marky@https://registry.npmjs.org/marky/-/marky-1.3.0.tgz. Extracting by manifest.
2213 silly tarball no local data for makeerror@https://registry.npmjs.org/makeerror/-/makeerror-1.0.12.tgz. Extracting by manifest.
2214 silly tarball no local data for lru-cache@https://registry.npmjs.org/lru-cache/-/lru-cache-5.1.1.tgz. Extracting by manifest.
2215 silly tarball no local data for lodash.throttle@https://registry.npmjs.org/lodash.throttle/-/lodash.throttle-4.1.1.tgz. Extracting by manifest.
2216 silly tarball no local data for lighthouse-logger@https://registry.npmjs.org/lighthouse-logger/-/lighthouse-logger-1.4.2.tgz. Extracting by manifest.
2217 silly tarball no local data for loose-envify@https://registry.npmjs.org/loose-envify/-/loose-envify-1.4.0.tgz. Extracting by manifest.
2218 silly tarball no local data for lodash.debounce@https://registry.npmjs.org/lodash.debounce/-/lodash.debounce-4.0.8.tgz. Extracting by manifest.
2219 silly tarball no local data for locate-path@https://registry.npmjs.org/locate-path/-/locate-path-5.0.0.tgz. Extracting by manifest.
2220 silly tarball no local data for leven@https://registry.npmjs.org/leven/-/leven-3.1.0.tgz. Extracting by manifest.
2221 silly tarball no local data for jsc-safe-url@https://registry.npmjs.org/jsc-safe-url/-/jsc-safe-url-0.2.4.tgz. Extracting by manifest.
2222 silly tarball no local data for jsesc@https://registry.npmjs.org/jsesc/-/jsesc-3.1.0.tgz. Extracting by manifest.
2223 silly tarball no local data for json5@https://registry.npmjs.org/json5/-/json5-2.2.3.tgz. Extracting by manifest.
2224 silly tarball no local data for js-yaml@https://registry.npmjs.org/js-yaml/-/js-yaml-3.14.2.tgz. Extracting by manifest.
2225 silly tarball no local data for js-tokens@https://registry.npmjs.org/js-tokens/-/js-tokens-4.0.0.tgz. Extracting by manifest.
2226 silly tarball no local data for jest-worker@https://registry.npmjs.org/jest-worker/-/jest-worker-29.7.0.tgz. Extracting by manifest.
2227 silly tarball no local data for jest-validate@https://registry.npmjs.org/jest-validate/-/jest-validate-29.7.0.tgz. Extracting by manifest.
2228 silly tarball no local data for jest-util@https://registry.npmjs.org/jest-util/-/jest-util-29.7.0.tgz. Extracting by manifest.
2229 silly tarball no local data for jest-regex-util@https://registry.npmjs.org/jest-regex-util/-/jest-regex-util-29.6.3.tgz. Extracting by manifest.
2230 silly tarball no local data for jest-mock@https://registry.npmjs.org/jest-mock/-/jest-mock-29.7.0.tgz. Extracting by manifest.
2231 silly tarball no local data for jest-get-type@https://registry.npmjs.org/jest-get-type/-/jest-get-type-29.6.3.tgz. Extracting by manifest.
2232 silly tarball no local data for jest-message-util@https://registry.npmjs.org/jest-message-util/-/jest-message-util-29.7.0.tgz. Extracting by manifest.
2233 silly tarball no local data for istanbul-lib-instrument@https://registry.npmjs.org/istanbul-lib-instrument/-/istanbul-lib-instrument-5.2.1.tgz. Extracting by manifest.
2234 silly tarball no local data for jest-haste-map@https://registry.npmjs.org/jest-haste-map/-/jest-haste-map-29.7.0.tgz. Extracting by manifest.
2235 silly tarball no local data for is-wsl@https://registry.npmjs.org/is-wsl/-/is-wsl-2.2.0.tgz. Extracting by manifest.
2236 silly tarball no local data for istanbul-lib-coverage@https://registry.npmjs.org/istanbul-lib-coverage/-/istanbul-lib-coverage-3.2.2.tgz. Extracting by manifest.
2237 silly tarball no local data for is-fullwidth-code-point@https://registry.npmjs.org/is-fullwidth-code-point/-/is-fullwidth-code-point-3.0.0.tgz. Extracting by manifest.
2238 silly tarball no local data for is-docker@https://registry.npmjs.org/is-docker/-/is-docker-2.2.1.tgz. Extracting by manifest.
2239 silly tarball no local data for is-number@https://registry.npmjs.org/is-number/-/is-number-7.0.0.tgz. Extracting by manifest.
2240 silly tarball no local data for invariant@https://registry.npmjs.org/invariant/-/invariant-2.2.4.tgz. Extracting by manifest.
2241 silly tarball no local data for is-arrayish@https://registry.npmjs.org/is-arrayish/-/is-arrayish-0.3.4.tgz. Extracting by manifest.
2242 silly tarball no local data for jest-environment-node@https://registry.npmjs.org/jest-environment-node/-/jest-environment-node-29.7.0.tgz. Extracting by manifest.
2243 silly tarball no local data for inherits@https://registry.npmjs.org/inherits/-/inherits-2.0.4.tgz. Extracting by manifest.
2244 silly tarball no local data for inflight@https://registry.npmjs.org/inflight/-/inflight-1.0.6.tgz. Extracting by manifest.
2245 silly tarball no local data for inline-style-prefixer@https://registry.npmjs.org/inline-style-prefixer/-/inline-style-prefixer-7.0.1.tgz. Extracting by manifest.
2246 silly tarball no local data for image-size@https://registry.npmjs.org/image-size/-/image-size-1.2.1.tgz. Extracting by manifest.
2247 silly tarball no local data for hyphenate-style-name@https://registry.npmjs.org/hyphenate-style-name/-/hyphenate-style-name-1.1.0.tgz. Extracting by manifest.
2248 silly tarball no local data for https-proxy-agent@https://registry.npmjs.org/https-proxy-agent/-/https-proxy-agent-7.0.6.tgz. Extracting by manifest.
2249 silly tarball no local data for ieee754@https://registry.npmjs.org/ieee754/-/ieee754-1.2.1.tgz. Extracting by manifest.
2250 silly tarball no local data for imurmurhash@https://registry.npmjs.org/imurmurhash/-/imurmurhash-0.1.4.tgz. Extracting by manifest.
2251 silly tarball no local data for hermes-estree@https://registry.npmjs.org/hermes-estree/-/hermes-estree-0.32.0.tgz. Extracting by manifest.
2252 silly tarball no local data for hoist-non-react-statics@https://registry.npmjs.org/hoist-non-react-statics/-/hoist-non-react-statics-3.3.2.tgz. Extracting by manifest.
2253 silly tarball no local data for http-errors@https://registry.npmjs.org/http-errors/-/http-errors-2.0.1.tgz. Extracting by manifest.
2254 silly tarball no local data for hasown@https://registry.npmjs.org/hasown/-/hasown-2.0.2.tgz. Extracting by manifest.
2255 silly tarball no local data for hermes-parser@https://registry.npmjs.org/hermes-parser/-/hermes-parser-0.32.0.tgz. Extracting by manifest.
2256 silly tarball no local data for graceful-fs@https://registry.npmjs.org/graceful-fs/-/graceful-fs-4.2.11.tgz. Extracting by manifest.
2257 silly tarball no local data for get-caller-file@https://registry.npmjs.org/get-caller-file/-/get-caller-file-2.0.5.tgz. Extracting by manifest.
2258 silly tarball no local data for get-package-type@https://registry.npmjs.org/get-package-type/-/get-package-type-0.1.0.tgz. Extracting by manifest.
2259 silly tarball no local data for gensync@https://registry.npmjs.org/gensync/-/gensync-1.0.0-beta.2.tgz. Extracting by manifest.
2260 silly tarball no local data for function-bind@https://registry.npmjs.org/function-bind/-/function-bind-1.1.2.tgz. Extracting by manifest.
2261 silly tarball no local data for fs.realpath@https://registry.npmjs.org/fs.realpath/-/fs.realpath-1.0.0.tgz. Extracting by manifest.
2262 silly tarball no local data for flow-enums-runtime@https://registry.npmjs.org/flow-enums-runtime/-/flow-enums-runtime-0.0.6.tgz. Extracting by manifest.
2263 silly tarball no local data for fresh@https://registry.npmjs.org/fresh/-/fresh-0.5.2.tgz. Extracting by manifest.
2264 silly tarball no local data for fontfaceobserver@https://registry.npmjs.org/fontfaceobserver/-/fontfaceobserver-2.3.0.tgz. Extracting by manifest.
2265 silly tarball no local data for finalhandler@https://registry.npmjs.org/finalhandler/-/finalhandler-1.1.2.tgz. Extracting by manifest.
2266 silly tarball no local data for fill-range@https://registry.npmjs.org/fill-range/-/fill-range-7.1.1.tgz. Extracting by manifest.
2267 silly tarball no local data for filter-obj@https://registry.npmjs.org/filter-obj/-/filter-obj-1.1.0.tgz. Extracting by manifest.
2268 silly tarball no local data for find-up@https://registry.npmjs.org/find-up/-/find-up-4.1.0.tgz. Extracting by manifest.
2269 silly tarball no local data for is-core-module@https://registry.npmjs.org/is-core-module/-/is-core-module-2.16.1.tgz. Extracting by manifest.
2270 silly tarball no local data for fb-watchman@https://registry.npmjs.org/fb-watchman/-/fb-watchman-2.0.2.tgz. Extracting by manifest.
2271 silly tarball no local data for fbjs@https://registry.npmjs.org/fbjs/-/fbjs-3.0.5.tgz. Extracting by manifest.
2272 silly tarball no local data for fbjs-css-vars@https://registry.npmjs.org/fbjs-css-vars/-/fbjs-css-vars-1.0.2.tgz. Extracting by manifest.
2273 silly tarball no local data for expo-status-bar@https://registry.npmjs.org/expo-status-bar/-/expo-status-bar-3.0.9.tgz. Extracting by manifest.
2274 silly tarball no local data for exponential-backoff@https://registry.npmjs.org/exponential-backoff/-/exponential-backoff-3.1.3.tgz. Extracting by manifest.
2275 silly tarball no local data for etag@https://registry.npmjs.org/etag/-/etag-1.8.1.tgz. Extracting by manifest.
2276 silly tarball no local data for fast-deep-equal@https://registry.npmjs.org/fast-deep-equal/-/fast-deep-equal-3.1.3.tgz. Extracting by manifest.
2277 silly tarball no local data for esprima@https://registry.npmjs.org/esprima/-/esprima-4.0.1.tgz. Extracting by manifest.
2278 silly tarball no local data for fast-json-stable-stringify@https://registry.npmjs.org/fast-json-stable-stringify/-/fast-json-stable-stringify-2.1.0.tgz. Extracting by manifest.
2279 silly tarball no local data for event-target-shim@https://registry.npmjs.org/event-target-shim/-/event-target-shim-5.0.1.tgz. Extracting by manifest.
2280 silly tarball no local data for escalade@https://registry.npmjs.org/escalade/-/escalade-3.2.0.tgz. Extracting by manifest.
2281 silly tarball no local data for encodeurl@https://registry.npmjs.org/encodeurl/-/encodeurl-1.0.2.tgz. Extracting by manifest.
2282 silly tarball no local data for escape-html@https://registry.npmjs.org/escape-html/-/escape-html-1.0.3.tgz. Extracting by manifest.
2283 silly tarball no local data for ee-first@https://registry.npmjs.org/ee-first/-/ee-first-1.1.1.tgz. Extracting by manifest.
2284 silly tarball no local data for error-stack-parser@https://registry.npmjs.org/error-stack-parser/-/error-stack-parser-2.1.4.tgz. Extracting by manifest.
2285 silly tarball no local data for electron-to-chromium@https://registry.npmjs.org/electron-to-chromium/-/electron-to-chromium-1.5.328.tgz. Extracting by manifest.
2286 silly tarball no local data for depd@https://registry.npmjs.org/depd/-/depd-2.0.0.tgz. Extracting by manifest.
2287 silly tarball no local data for emoji-regex@https://registry.npmjs.org/emoji-regex/-/emoji-regex-8.0.0.tgz. Extracting by manifest.
2288 silly tarball no local data for debug@https://registry.npmjs.org/debug/-/debug-4.4.3.tgz. Extracting by manifest.
2289 silly tarball no local data for decode-uri-component@https://registry.npmjs.org/decode-uri-component/-/decode-uri-component-0.2.2.tgz. Extracting by manifest.
2290 silly tarball no local data for cross-fetch@https://registry.npmjs.org/cross-fetch/-/cross-fetch-3.2.0.tgz. Extracting by manifest.
2291 silly tarball no local data for convert-source-map@https://registry.npmjs.org/convert-source-map/-/convert-source-map-2.0.0.tgz. Extracting by manifest.
2292 silly tarball no local data for css-in-js-utils@https://registry.npmjs.org/css-in-js-utils/-/css-in-js-utils-3.1.0.tgz. Extracting by manifest.
2293 silly tarball no local data for connect@https://registry.npmjs.org/connect/-/connect-3.7.0.tgz. Extracting by manifest.
2294 silly tarball no local data for concat-map@https://registry.npmjs.org/concat-map/-/concat-map-0.0.1.tgz. Extracting by manifest.
2295 silly tarball no local data for destroy@https://registry.npmjs.org/destroy/-/destroy-1.2.0.tgz. Extracting by manifest.
2296 silly tarball no local data for color@https://registry.npmjs.org/color/-/color-4.2.3.tgz. Extracting by manifest.
2297 silly tarball no local data for color-name@https://registry.npmjs.org/color-name/-/color-name-1.1.3.tgz. Extracting by manifest.
2298 silly tarball no local data for color-string@https://registry.npmjs.org/color-string/-/color-string-1.9.1.tgz. Extracting by manifest.
2299 silly tarball no local data for ci-info@https://registry.npmjs.org/ci-info/-/ci-info-2.0.0.tgz. Extracting by manifest.
2300 silly tarball no local data for chromium-edge-launcher@https://registry.npmjs.org/chromium-edge-launcher/-/chromium-edge-launcher-0.2.0.tgz. Extracting by manifest.
2301 silly tarball no local data for camelcase@https://registry.npmjs.org/camelcase/-/camelcase-6.3.0.tgz. Extracting by manifest.
2302 silly tarball no local data for core-js-compat@https://registry.npmjs.org/core-js-compat/-/core-js-compat-3.49.0.tgz. Extracting by manifest.
2303 silly tarball no local data for chrome-launcher@https://registry.npmjs.org/chrome-launcher/-/chrome-launcher-0.15.2.tgz. Extracting by manifest.
2304 silly tarball no local data for cliui@https://registry.npmjs.org/cliui/-/cliui-8.0.1.tgz. Extracting by manifest.
2305 silly tarball no local data for browserslist@https://registry.npmjs.org/browserslist/-/browserslist-4.28.1.tgz. Extracting by manifest.
2306 silly tarball no local data for buffer@https://registry.npmjs.org/buffer/-/buffer-5.7.1.tgz. Extracting by manifest.
2307 silly tarball no local data for bser@https://registry.npmjs.org/bser/-/bser-2.1.1.tgz. Extracting by manifest.
2308 silly tarball no local data for buffer-from@https://registry.npmjs.org/buffer-from/-/buffer-from-1.1.2.tgz. Extracting by manifest.
2309 silly tarball no local data for braces@https://registry.npmjs.org/braces/-/braces-3.0.3.tgz. Extracting by manifest.
2310 silly tarball no local data for baseline-browser-mapping@https://registry.npmjs.org/baseline-browser-mapping/-/baseline-browser-mapping-2.10.12.tgz. Extracting by manifest.
2311 silly tarball no local data for base64-js@https://registry.npmjs.org/base64-js/-/base64-js-1.5.1.tgz. Extracting by manifest.
2312 silly tarball no local data for balanced-match@https://registry.npmjs.org/balanced-match/-/balanced-match-1.0.2.tgz. Extracting by manifest.
2313 silly tarball no local data for babel-preset-current-node-syntax@https://registry.npmjs.org/babel-preset-current-node-syntax/-/babel-preset-current-node-syntax-1.2.0.tgz. Extracting by manifest.
2314 silly tarball no local data for babel-preset-jest@https://registry.npmjs.org/babel-preset-jest/-/babel-preset-jest-29.6.3.tgz. Extracting by manifest.
2315 silly tarball no local data for babel-plugin-transform-flow-enums@https://registry.npmjs.org/babel-plugin-transform-flow-enums/-/babel-plugin-transform-flow-enums-0.0.2.tgz. Extracting by manifest.
2316 silly tarball no local data for babel-plugin-react-native-web@https://registry.npmjs.org/babel-plugin-react-native-web/-/babel-plugin-react-native-web-0.21.2.tgz. Extracting by manifest.
2317 silly tarball no local data for babel-plugin-syntax-hermes-parser@https://registry.npmjs.org/babel-plugin-syntax-hermes-parser/-/babel-plugin-syntax-hermes-parser-0.29.1.tgz. Extracting by manifest.
2318 silly tarball no local data for babel-plugin-react-compiler@https://registry.npmjs.org/babel-plugin-react-compiler/-/babel-plugin-react-compiler-1.0.0.tgz. Extracting by manifest.
2319 silly tarball no local data for babel-plugin-polyfill-regenerator@https://registry.npmjs.org/babel-plugin-polyfill-regenerator/-/babel-plugin-polyfill-regenerator-0.6.8.tgz. Extracting by manifest.
2320 silly tarball no local data for babel-plugin-polyfill-corejs2@https://registry.npmjs.org/babel-plugin-polyfill-corejs2/-/babel-plugin-polyfill-corejs2-0.4.17.tgz. Extracting by manifest.
2321 silly tarball no local data for babel-plugin-polyfill-corejs3@https://registry.npmjs.org/babel-plugin-polyfill-corejs3/-/babel-plugin-polyfill-corejs3-0.13.0.tgz. Extracting by manifest.
2322 silly tarball no local data for babel-plugin-jest-hoist@https://registry.npmjs.org/babel-plugin-jest-hoist/-/babel-plugin-jest-hoist-29.6.3.tgz. Extracting by manifest.
2323 silly tarball no local data for babel-plugin-istanbul@https://registry.npmjs.org/babel-plugin-istanbul/-/babel-plugin-istanbul-6.1.1.tgz. Extracting by manifest.
2324 silly tarball no local data for babel-jest@https://registry.npmjs.org/babel-jest/-/babel-jest-29.7.0.tgz. Extracting by manifest.
2325 silly tarball no local data for async-limiter@https://registry.npmjs.org/async-limiter/-/async-limiter-1.0.1.tgz. Extracting by manifest.
2326 silly tarball no local data for asap@https://registry.npmjs.org/asap/-/asap-2.0.6.tgz. Extracting by manifest.
2327 silly tarball no local data for anymatch@https://registry.npmjs.org/anymatch/-/anymatch-3.1.3.tgz. Extracting by manifest.
2328 silly tarball no local data for argparse@https://registry.npmjs.org/argparse/-/argparse-1.0.10.tgz. Extracting by manifest.
2329 silly tarball no local data for ansi-regex@https://registry.npmjs.org/ansi-regex/-/ansi-regex-5.0.1.tgz. Extracting by manifest.
2330 silly tarball no local data for agent-base@https://registry.npmjs.org/agent-base/-/agent-base-7.1.4.tgz. Extracting by manifest.
2331 silly tarball no local data for anser@https://registry.npmjs.org/anser/-/anser-1.4.10.tgz. Extracting by manifest.
2332 silly tarball no local data for acorn@https://registry.npmjs.org/acorn/-/acorn-8.16.0.tgz. Extracting by manifest.
2333 silly tarball no local data for abort-controller@https://registry.npmjs.org/abort-controller/-/abort-controller-3.0.0.tgz. Extracting by manifest.
2334 silly tarball no local data for accepts@https://registry.npmjs.org/accepts/-/accepts-1.3.8.tgz. Extracting by manifest.
2335 silly tarball no local data for @ungap/structured-clone@https://registry.npmjs.org/@ungap/structured-clone/-/structured-clone-1.3.0.tgz. Extracting by manifest.
2336 silly tarball no local data for @types/yargs@https://registry.npmjs.org/@types/yargs/-/yargs-17.0.35.tgz. Extracting by manifest.
2337 silly tarball no local data for @types/yargs-parser@https://registry.npmjs.org/@types/yargs-parser/-/yargs-parser-21.0.3.tgz. Extracting by manifest.
2338 silly tarball no local data for @types/node@https://registry.npmjs.org/@types/node/-/node-25.5.0.tgz. Extracting by manifest.
2339 silly tarball no local data for @types/stack-utils@https://registry.npmjs.org/@types/stack-utils/-/stack-utils-2.0.3.tgz. Extracting by manifest.
2340 silly tarball no local data for @types/istanbul-lib-report@https://registry.npmjs.org/@types/istanbul-lib-report/-/istanbul-lib-report-3.0.3.tgz. Extracting by manifest.
2341 silly tarball no local data for @types/istanbul-reports@https://registry.npmjs.org/@types/istanbul-reports/-/istanbul-reports-3.0.4.tgz. Extracting by manifest.
2342 silly tarball no local data for @types/istanbul-lib-coverage@https://registry.npmjs.org/@types/istanbul-lib-coverage/-/istanbul-lib-coverage-2.0.6.tgz. Extracting by manifest.
2343 silly tarball no local data for @types/hammerjs@https://registry.npmjs.org/@types/hammerjs/-/hammerjs-2.0.46.tgz. Extracting by manifest.
2344 silly tarball no local data for @types/graceful-fs@https://registry.npmjs.org/@types/graceful-fs/-/graceful-fs-4.1.9.tgz. Extracting by manifest.
2345 silly tarball no local data for @sinonjs/fake-timers@https://registry.npmjs.org/@sinonjs/fake-timers/-/fake-timers-10.3.0.tgz. Extracting by manifest.
2346 silly tarball no local data for @types/babel__traverse@https://registry.npmjs.org/@types/babel__traverse/-/babel__traverse-7.28.0.tgz. Extracting by manifest.
2347 silly tarball no local data for @types/babel__template@https://registry.npmjs.org/@types/babel__template/-/babel__template-7.4.4.tgz. Extracting by manifest.
2348 silly tarball no local data for @sinonjs/commons@https://registry.npmjs.org/@sinonjs/commons/-/commons-3.0.1.tgz. Extracting by manifest.
2349 silly tarball no local data for @sinclair/typebox@https://registry.npmjs.org/@sinclair/typebox/-/typebox-0.27.10.tgz. Extracting by manifest.
2350 silly tarball no local data for @types/babel__core@https://registry.npmjs.org/@types/babel__core/-/babel__core-7.20.5.tgz. Extracting by manifest.
2351 silly tarball no local data for @react-navigation/routers@https://registry.npmjs.org/@react-navigation/routers/-/routers-7.5.3.tgz. Extracting by manifest.
2352 silly tarball no local data for @types/babel__generator@https://registry.npmjs.org/@types/babel__generator/-/babel__generator-7.27.0.tgz. Extracting by manifest.
2353 silly tarball no local data for @react-navigation/elements@https://registry.npmjs.org/@react-navigation/elements/-/elements-2.9.14.tgz. Extracting by manifest.
2354 silly tarball no local data for @react-navigation/native@https://registry.npmjs.org/@react-navigation/native/-/native-7.2.2.tgz. Extracting by manifest.
2355 silly tarball no local data for @react-native/normalize-colors@https://registry.npmjs.org/@react-native/normalize-colors/-/normalize-colors-0.81.5.tgz. Extracting by manifest.
2356 silly tarball no local data for @react-native/metro-config@https://registry.npmjs.org/@react-native/metro-config/-/metro-config-0.84.1.tgz. Extracting by manifest.
2357 silly tarball no local data for @react-navigation/drawer@https://registry.npmjs.org/@react-navigation/drawer/-/drawer-7.9.8.tgz. Extracting by manifest.
2358 silly tarball no local data for @react-navigation/bottom-tabs@https://registry.npmjs.org/@react-navigation/bottom-tabs/-/bottom-tabs-7.15.9.tgz. Extracting by manifest.
2359 silly tarball no local data for @react-navigation/core@https://registry.npmjs.org/@react-navigation/core/-/core-7.17.2.tgz. Extracting by manifest.
2360 silly tarball no local data for @react-native/metro-babel-transformer@https://registry.npmjs.org/@react-native/metro-babel-transformer/-/metro-babel-transformer-0.84.1.tgz. Extracting by manifest.
2361 silly tarball no local data for @react-native/dev-middleware@https://registry.npmjs.org/@react-native/dev-middleware/-/dev-middleware-0.81.5.tgz. Extracting by manifest.
2362 silly tarball no local data for @react-native/js-polyfills@https://registry.npmjs.org/@react-native/js-polyfills/-/js-polyfills-0.81.5.tgz. Extracting by manifest.
2363 silly tarball no local data for @react-native/debugger-frontend@https://registry.npmjs.org/@react-native/debugger-frontend/-/debugger-frontend-0.81.5.tgz. Extracting by manifest.
2364 silly tarball no local data for @react-native/gradle-plugin@https://registry.npmjs.org/@react-native/gradle-plugin/-/gradle-plugin-0.81.5.tgz. Extracting by manifest.
2365 silly tarball no local data for @react-native/codegen@https://registry.npmjs.org/@react-native/codegen/-/codegen-0.81.5.tgz. Extracting by manifest.
2366 silly tarball no local data for @react-native/community-cli-plugin@https://registry.npmjs.org/@react-native/community-cli-plugin/-/community-cli-plugin-0.81.5.tgz. Extracting by manifest.
2367 silly tarball no local data for @react-native/babel-preset@https://registry.npmjs.org/@react-native/babel-preset/-/babel-preset-0.81.5.tgz. Extracting by manifest.
2368 silly tarball no local data for caniuse-lite@https://registry.npmjs.org/caniuse-lite/-/caniuse-lite-1.0.30001781.tgz. Extracting by manifest.
2369 silly tarball no local data for @react-native-picker/picker@https://registry.npmjs.org/@react-native-picker/picker/-/picker-2.11.1.tgz. Extracting by manifest.
2370 silly tarball no local data for @jridgewell/source-map@https://registry.npmjs.org/@jridgewell/source-map/-/source-map-0.3.11.tgz. Extracting by manifest.
2371 silly tarball no local data for @jridgewell/trace-mapping@https://registry.npmjs.org/@jridgewell/trace-mapping/-/trace-mapping-0.3.31.tgz. Extracting by manifest.
2372 silly tarball no local data for @react-native/assets-registry@https://registry.npmjs.org/@react-native/assets-registry/-/assets-registry-0.81.5.tgz. Extracting by manifest.
2373 silly tarball no local data for @jridgewell/resolve-uri@https://registry.npmjs.org/@jridgewell/resolve-uri/-/resolve-uri-3.1.2.tgz. Extracting by manifest.
2374 silly tarball no local data for @jest/types@https://registry.npmjs.org/@jest/types/-/types-29.6.3.tgz. Extracting by manifest.
2375 silly tarball no local data for @jridgewell/remapping@https://registry.npmjs.org/@jridgewell/remapping/-/remapping-2.3.5.tgz. Extracting by manifest.
2376 silly tarball no local data for @jridgewell/sourcemap-codec@https://registry.npmjs.org/@jridgewell/sourcemap-codec/-/sourcemap-codec-1.5.5.tgz. Extracting by manifest.
2377 silly tarball no local data for @jest/transform@https://registry.npmjs.org/@jest/transform/-/transform-29.7.0.tgz. Extracting by manifest.
2378 silly tarball no local data for @jridgewell/gen-mapping@https://registry.npmjs.org/@jridgewell/gen-mapping/-/gen-mapping-0.3.13.tgz. Extracting by manifest.
2379 silly tarball no local data for @jest/schemas@https://registry.npmjs.org/@jest/schemas/-/schemas-29.6.3.tgz. Extracting by manifest.
2380 silly tarball no local data for @istanbuljs/schema@https://registry.npmjs.org/@istanbuljs/schema/-/schema-0.1.3.tgz. Extracting by manifest.
2381 silly tarball no local data for @jest/create-cache-key-function@https://registry.npmjs.org/@jest/create-cache-key-function/-/create-cache-key-function-29.7.0.tgz. Extracting by manifest.
2382 silly tarball no local data for @jest/fake-timers@https://registry.npmjs.org/@jest/fake-timers/-/fake-timers-29.7.0.tgz. Extracting by manifest.
2383 silly tarball no local data for @jest/environment@https://registry.npmjs.org/@jest/environment/-/environment-29.7.0.tgz. Extracting by manifest.
2384 silly tarball no local data for @istanbuljs/load-nyc-config@https://registry.npmjs.org/@istanbuljs/load-nyc-config/-/load-nyc-config-1.1.0.tgz. Extracting by manifest.
2385 silly tarball no local data for @isaacs/ttlcache@https://registry.npmjs.org/@isaacs/ttlcache/-/ttlcache-1.4.1.tgz. Extracting by manifest.
2386 silly tarball no local data for @expo/metro-runtime@https://registry.npmjs.org/@expo/metro-runtime/-/metro-runtime-6.1.2.tgz. Extracting by manifest.
2387 silly tarball no local data for @babel/types@https://registry.npmjs.org/@babel/types/-/types-7.29.0.tgz. Extracting by manifest.
2388 silly tarball no local data for @expo/devtools@https://registry.npmjs.org/@expo/devtools/-/devtools-0.1.8.tgz. Extracting by manifest.
2389 silly tarball no local data for @egjs/hammerjs@https://registry.npmjs.org/@egjs/hammerjs/-/hammerjs-2.0.17.tgz. Extracting by manifest.
2390 silly tarball no local data for @babel/traverse@https://registry.npmjs.org/@babel/traverse/-/traverse-7.29.0.tgz. Extracting by manifest.
2391 silly tarball no local data for @babel/template@https://registry.npmjs.org/@babel/template/-/template-7.28.6.tgz. Extracting by manifest.
2392 silly tarball no local data for @babel/preset-typescript@https://registry.npmjs.org/@babel/preset-typescript/-/preset-typescript-7.28.5.tgz. Extracting by manifest.
2393 silly tarball no local data for @babel/traverse--for-generate-function-map@https://registry.npmjs.org/@babel/traverse/-/traverse-7.29.0.tgz. Extracting by manifest.
2394 silly tarball no local data for @babel/plugin-transform-typescript@https://registry.npmjs.org/@babel/plugin-transform-typescript/-/plugin-transform-typescript-7.28.6.tgz. Extracting by manifest.
2395 silly tarball no local data for @babel/preset-react@https://registry.npmjs.org/@babel/preset-react/-/preset-react-7.28.5.tgz. Extracting by manifest.
2396 silly tarball no local data for @babel/runtime@https://registry.npmjs.org/@babel/runtime/-/runtime-7.29.2.tgz. Extracting by manifest.
2397 silly tarball no local data for @babel/plugin-transform-template-literals@https://registry.npmjs.org/@babel/plugin-transform-template-literals/-/plugin-transform-template-literals-7.27.1.tgz. Extracting by manifest.
2398 silly tarball no local data for @babel/plugin-transform-spread@https://registry.npmjs.org/@babel/plugin-transform-spread/-/plugin-transform-spread-7.28.6.tgz. Extracting by manifest.
2399 silly tarball no local data for @babel/plugin-transform-shorthand-properties@https://registry.npmjs.org/@babel/plugin-transform-shorthand-properties/-/plugin-transform-shorthand-properties-7.27.1.tgz. Extracting by manifest.
2400 silly tarball no local data for @babel/plugin-transform-unicode-regex@https://registry.npmjs.org/@babel/plugin-transform-unicode-regex/-/plugin-transform-unicode-regex-7.27.1.tgz. Extracting by manifest.
2401 silly tarball no local data for @babel/plugin-transform-sticky-regex@https://registry.npmjs.org/@babel/plugin-transform-sticky-regex/-/plugin-transform-sticky-regex-7.27.1.tgz. Extracting by manifest.
2402 silly tarball no local data for @babel/plugin-transform-runtime@https://registry.npmjs.org/@babel/plugin-transform-runtime/-/plugin-transform-runtime-7.29.0.tgz. Extracting by manifest.
2403 silly tarball no local data for @babel/plugin-transform-react-pure-annotations@https://registry.npmjs.org/@babel/plugin-transform-react-pure-annotations/-/plugin-transform-react-pure-annotations-7.27.1.tgz. Extracting by manifest.
2404 silly tarball no local data for @babel/plugin-transform-react-display-name@https://registry.npmjs.org/@babel/plugin-transform-react-display-name/-/plugin-transform-react-display-name-7.28.0.tgz. Extracting by manifest.
2405 silly tarball no local data for @babel/plugin-transform-regenerator@https://registry.npmjs.org/@babel/plugin-transform-regenerator/-/plugin-transform-regenerator-7.29.0.tgz. Extracting by manifest.
2406 silly tarball no local data for @babel/plugin-transform-react-jsx-source@https://registry.npmjs.org/@babel/plugin-transform-react-jsx-source/-/plugin-transform-react-jsx-source-7.27.1.tgz. Extracting by manifest.
2407 silly tarball no local data for @babel/plugin-transform-react-jsx@https://registry.npmjs.org/@babel/plugin-transform-react-jsx/-/plugin-transform-react-jsx-7.28.6.tgz. Extracting by manifest.
2408 silly tarball no local data for @babel/plugin-transform-react-jsx-self@https://registry.npmjs.org/@babel/plugin-transform-react-jsx-self/-/plugin-transform-react-jsx-self-7.27.1.tgz. Extracting by manifest.
2409 silly tarball no local data for @babel/plugin-transform-react-jsx-development@https://registry.npmjs.org/@babel/plugin-transform-react-jsx-development/-/plugin-transform-react-jsx-development-7.27.1.tgz. Extracting by manifest.
2410 silly tarball no local data for @babel/plugin-transform-private-property-in-object@https://registry.npmjs.org/@babel/plugin-transform-private-property-in-object/-/plugin-transform-private-property-in-object-7.28.6.tgz. Extracting by manifest.
2411 silly tarball no local data for @react-native/babel-plugin-codegen@https://registry.npmjs.org/@react-native/babel-plugin-codegen/-/babel-plugin-codegen-0.81.5.tgz. Extracting by manifest.
2412 silly tarball no local data for @babel/plugin-transform-private-methods@https://registry.npmjs.org/@babel/plugin-transform-private-methods/-/plugin-transform-private-methods-7.28.6.tgz. Extracting by manifest.
2413 silly tarball no local data for @babel/plugin-transform-parameters@https://registry.npmjs.org/@babel/plugin-transform-parameters/-/plugin-transform-parameters-7.27.7.tgz. Extracting by manifest.
2414 silly tarball no local data for @babel/plugin-transform-optional-chaining@https://registry.npmjs.org/@babel/plugin-transform-optional-chaining/-/plugin-transform-optional-chaining-7.28.6.tgz. Extracting by manifest.
2415 silly tarball no local data for @babel/plugin-transform-optional-catch-binding@https://registry.npmjs.org/@babel/plugin-transform-optional-catch-binding/-/plugin-transform-optional-catch-binding-7.28.6.tgz. Extracting by manifest.
2416 silly tarball no local data for @babel/plugin-transform-nullish-coalescing-operator@https://registry.npmjs.org/@babel/plugin-transform-nullish-coalescing-operator/-/plugin-transform-nullish-coalescing-operator-7.28.6.tgz. Extracting by manifest.
2417 silly tarball no local data for @babel/plugin-transform-numeric-separator@https://registry.npmjs.org/@babel/plugin-transform-numeric-separator/-/plugin-transform-numeric-separator-7.28.6.tgz. Extracting by manifest.
2418 silly tarball no local data for @babel/plugin-transform-named-capturing-groups-regex@https://registry.npmjs.org/@babel/plugin-transform-named-capturing-groups-regex/-/plugin-transform-named-capturing-groups-regex-7.29.0.tgz. Extracting by manifest.
2419 silly tarball no local data for @babel/plugin-transform-modules-commonjs@https://registry.npmjs.org/@babel/plugin-transform-modules-commonjs/-/plugin-transform-modules-commonjs-7.28.6.tgz. Extracting by manifest.
2420 silly tarball no local data for @babel/plugin-transform-literals@https://registry.npmjs.org/@babel/plugin-transform-literals/-/plugin-transform-literals-7.27.1.tgz. Extracting by manifest.
2421 silly tarball no local data for @babel/plugin-transform-object-rest-spread@https://registry.npmjs.org/@babel/plugin-transform-object-rest-spread/-/plugin-transform-object-rest-spread-7.28.6.tgz. Extracting by manifest.
2422 silly tarball no local data for @babel/plugin-transform-function-name@https://registry.npmjs.org/@babel/plugin-transform-function-name/-/plugin-transform-function-name-7.27.1.tgz. Extracting by manifest.
2423 silly tarball no local data for @babel/plugin-transform-logical-assignment-operators@https://registry.npmjs.org/@babel/plugin-transform-logical-assignment-operators/-/plugin-transform-logical-assignment-operators-7.28.6.tgz. Extracting by manifest.
2424 silly tarball no local data for @babel/plugin-transform-export-namespace-from@https://registry.npmjs.org/@babel/plugin-transform-export-namespace-from/-/plugin-transform-export-namespace-from-7.27.1.tgz. Extracting by manifest.
2425 silly tarball no local data for @babel/plugin-transform-destructuring@https://registry.npmjs.org/@babel/plugin-transform-destructuring/-/plugin-transform-destructuring-7.28.5.tgz. Extracting by manifest.
2426 silly tarball no local data for @babel/plugin-transform-flow-strip-types@https://registry.npmjs.org/@babel/plugin-transform-flow-strip-types/-/plugin-transform-flow-strip-types-7.27.1.tgz. Extracting by manifest.
2427 silly tarball no local data for @babel/plugin-transform-classes@https://registry.npmjs.org/@babel/plugin-transform-classes/-/plugin-transform-classes-7.28.6.tgz. Extracting by manifest.
2428 silly tarball no local data for @babel/plugin-transform-class-static-block@https://registry.npmjs.org/@babel/plugin-transform-class-static-block/-/plugin-transform-class-static-block-7.28.6.tgz. Extracting by manifest.
2429 silly tarball no local data for @babel/plugin-transform-block-scoping@https://registry.npmjs.org/@babel/plugin-transform-block-scoping/-/plugin-transform-block-scoping-7.28.6.tgz. Extracting by manifest.
2430 silly tarball no local data for @babel/plugin-transform-for-of@https://registry.npmjs.org/@babel/plugin-transform-for-of/-/plugin-transform-for-of-7.27.1.tgz. Extracting by manifest.
2431 silly tarball no local data for @babel/plugin-transform-async-generator-functions@https://registry.npmjs.org/@babel/plugin-transform-async-generator-functions/-/plugin-transform-async-generator-functions-7.29.0.tgz. Extracting by manifest.
2432 silly tarball no local data for @babel/plugin-transform-class-properties@https://registry.npmjs.org/@babel/plugin-transform-class-properties/-/plugin-transform-class-properties-7.28.6.tgz. Extracting by manifest.
2433 silly tarball no local data for @babel/plugin-transform-computed-properties@https://registry.npmjs.org/@babel/plugin-transform-computed-properties/-/plugin-transform-computed-properties-7.28.6.tgz. Extracting by manifest.
2434 silly tarball no local data for @babel/plugin-syntax-typescript@https://registry.npmjs.org/@babel/plugin-syntax-typescript/-/plugin-syntax-typescript-7.28.6.tgz. Extracting by manifest.
2435 silly tarball no local data for @babel/plugin-syntax-private-property-in-object@https://registry.npmjs.org/@babel/plugin-syntax-private-property-in-object/-/plugin-syntax-private-property-in-object-7.14.5.tgz. Extracting by manifest.
2436 silly tarball no local data for @babel/plugin-transform-async-to-generator@https://registry.npmjs.org/@babel/plugin-transform-async-to-generator/-/plugin-transform-async-to-generator-7.28.6.tgz. Extracting by manifest.
2437 silly tarball no local data for @babel/plugin-transform-arrow-functions@https://registry.npmjs.org/@babel/plugin-transform-arrow-functions/-/plugin-transform-arrow-functions-7.27.1.tgz. Extracting by manifest.
2438 silly tarball no local data for @babel/plugin-syntax-optional-chaining@https://registry.npmjs.org/@babel/plugin-syntax-optional-chaining/-/plugin-syntax-optional-chaining-7.8.3.tgz. Extracting by manifest.
2439 silly tarball no local data for @babel/plugin-syntax-numeric-separator@https://registry.npmjs.org/@babel/plugin-syntax-numeric-separator/-/plugin-syntax-numeric-separator-7.10.4.tgz. Extracting by manifest.
2440 silly tarball no local data for @babel/plugin-syntax-optional-catch-binding@https://registry.npmjs.org/@babel/plugin-syntax-optional-catch-binding/-/plugin-syntax-optional-catch-binding-7.8.3.tgz. Extracting by manifest.
2441 silly tarball no local data for @babel/plugin-syntax-nullish-coalescing-operator@https://registry.npmjs.org/@babel/plugin-syntax-nullish-coalescing-operator/-/plugin-syntax-nullish-coalescing-operator-7.8.3.tgz. Extracting by manifest.
2442 silly tarball no local data for @babel/plugin-syntax-object-rest-spread@https://registry.npmjs.org/@babel/plugin-syntax-object-rest-spread/-/plugin-syntax-object-rest-spread-7.8.3.tgz. Extracting by manifest.
2443 silly tarball no local data for @babel/plugin-syntax-json-strings@https://registry.npmjs.org/@babel/plugin-syntax-json-strings/-/plugin-syntax-json-strings-7.8.3.tgz. Extracting by manifest.
2444 silly tarball no local data for @babel/plugin-syntax-import-meta@https://registry.npmjs.org/@babel/plugin-syntax-import-meta/-/plugin-syntax-import-meta-7.10.4.tgz. Extracting by manifest.
2445 silly tarball no local data for @babel/plugin-syntax-logical-assignment-operators@https://registry.npmjs.org/@babel/plugin-syntax-logical-assignment-operators/-/plugin-syntax-logical-assignment-operators-7.10.4.tgz. Extracting by manifest.
2446 silly tarball no local data for @babel/plugin-syntax-import-attributes@https://registry.npmjs.org/@babel/plugin-syntax-import-attributes/-/plugin-syntax-import-attributes-7.28.6.tgz. Extracting by manifest.
2447 silly tarball no local data for @babel/plugin-syntax-export-default-from@https://registry.npmjs.org/@babel/plugin-syntax-export-default-from/-/plugin-syntax-export-default-from-7.28.6.tgz. Extracting by manifest.
2448 silly tarball no local data for @babel/plugin-syntax-jsx@https://registry.npmjs.org/@babel/plugin-syntax-jsx/-/plugin-syntax-jsx-7.28.6.tgz. Extracting by manifest.
2449 silly tarball no local data for @babel/plugin-syntax-decorators@https://registry.npmjs.org/@babel/plugin-syntax-decorators/-/plugin-syntax-decorators-7.28.6.tgz. Extracting by manifest.
2450 silly tarball no local data for @babel/plugin-syntax-flow@https://registry.npmjs.org/@babel/plugin-syntax-flow/-/plugin-syntax-flow-7.28.6.tgz. Extracting by manifest.
2451 silly tarball no local data for @babel/plugin-syntax-class-static-block@https://registry.npmjs.org/@babel/plugin-syntax-class-static-block/-/plugin-syntax-class-static-block-7.14.5.tgz. Extracting by manifest.
2452 silly tarball no local data for @babel/plugin-proposal-export-default-from@https://registry.npmjs.org/@babel/plugin-proposal-export-default-from/-/plugin-proposal-export-default-from-7.27.1.tgz. Extracting by manifest.
2453 silly tarball no local data for @babel/plugin-syntax-dynamic-import@https://registry.npmjs.org/@babel/plugin-syntax-dynamic-import/-/plugin-syntax-dynamic-import-7.8.3.tgz. Extracting by manifest.
2454 silly tarball no local data for @babel/plugin-syntax-async-generators@https://registry.npmjs.org/@babel/plugin-syntax-async-generators/-/plugin-syntax-async-generators-7.8.4.tgz. Extracting by manifest.
2455 silly tarball no local data for @babel/plugin-syntax-class-properties@https://registry.npmjs.org/@babel/plugin-syntax-class-properties/-/plugin-syntax-class-properties-7.12.13.tgz. Extracting by manifest.
2456 silly tarball no local data for @babel/plugin-proposal-decorators@https://registry.npmjs.org/@babel/plugin-proposal-decorators/-/plugin-proposal-decorators-7.29.0.tgz. Extracting by manifest.
2457 silly tarball no local data for @babel/helpers@https://registry.npmjs.org/@babel/helpers/-/helpers-7.29.2.tgz. Extracting by manifest.
2458 silly tarball no local data for @babel/plugin-syntax-top-level-await@https://registry.npmjs.org/@babel/plugin-syntax-top-level-await/-/plugin-syntax-top-level-await-7.14.5.tgz. Extracting by manifest.
2459 silly tarball no local data for @babel/plugin-syntax-bigint@https://registry.npmjs.org/@babel/plugin-syntax-bigint/-/plugin-syntax-bigint-7.8.3.tgz. Extracting by manifest.
2460 silly tarball no local data for @babel/parser@https://registry.npmjs.org/@babel/parser/-/parser-7.29.2.tgz. Extracting by manifest.
2461 silly tarball no local data for @babel/helper-validator-option@https://registry.npmjs.org/@babel/helper-validator-option/-/helper-validator-option-7.27.1.tgz. Extracting by manifest.
2462 silly tarball no local data for @babel/helper-wrap-function@https://registry.npmjs.org/@babel/helper-wrap-function/-/helper-wrap-function-7.28.6.tgz. Extracting by manifest.
2463 silly tarball no local data for @babel/helper-validator-identifier@https://registry.npmjs.org/@babel/helper-validator-identifier/-/helper-validator-identifier-7.28.5.tgz. Extracting by manifest.
2464 silly tarball no local data for @babel/helper-skip-transparent-expression-wrappers@https://registry.npmjs.org/@babel/helper-skip-transparent-expression-wrappers/-/helper-skip-transparent-expression-wrappers-7.27.1.tgz. Extracting by manifest.
2465 silly tarball no local data for @babel/helper-replace-supers@https://registry.npmjs.org/@babel/helper-replace-supers/-/helper-replace-supers-7.28.6.tgz. Extracting by manifest.
2466 silly tarball no local data for @babel/helper-string-parser@https://registry.npmjs.org/@babel/helper-string-parser/-/helper-string-parser-7.27.1.tgz. Extracting by manifest.
2467 silly tarball no local data for @babel/helper-remap-async-to-generator@https://registry.npmjs.org/@babel/helper-remap-async-to-generator/-/helper-remap-async-to-generator-7.27.1.tgz. Extracting by manifest.
2468 silly tarball no local data for @babel/helper-plugin-utils@https://registry.npmjs.org/@babel/helper-plugin-utils/-/helper-plugin-utils-7.28.6.tgz. Extracting by manifest.
2469 silly tarball no local data for @babel/helper-optimise-call-expression@https://registry.npmjs.org/@babel/helper-optimise-call-expression/-/helper-optimise-call-expression-7.27.1.tgz. Extracting by manifest.
2470 http fetch POST 200 https://registry.npmjs.org/-/npm/v1/security/advisories/bulk 2023ms
2471 silly audit report {
2471 silly audit report   postcss: [
2471 silly audit report     {
2471 silly audit report       id: 1117015,
2471 silly audit report       url: 'https://github.com/advisories/GHSA-qx2v-qp2m-jg93',
2471 silly audit report       title: 'PostCSS has XSS via Unescaped </style> in its CSS Stringify Output',
2471 silly audit report       severity: 'moderate',
2471 silly audit report       vulnerable_versions: '<8.5.10',
2471 silly audit report       cwe: [Array],
2471 silly audit report       cvss: [Object]
2471 silly audit report     }
2471 silly audit report   ],
2471 silly audit report   uuid: [
2471 silly audit report     {
2471 silly audit report       id: 1116970,
2471 silly audit report       url: 'https://github.com/advisories/GHSA-w5hq-g745-h8pq',
2471 silly audit report       title: 'uuid: Missing buffer bounds check in v3/v5/v6 when buf is provided',
2471 silly audit report       severity: 'moderate',
2471 silly audit report       vulnerable_versions: '<14.0.0',
2471 silly audit report       cwe: [Array],
2471 silly audit report       cvss: [Object]
2471 silly audit report     }
2471 silly audit report   ]
2471 silly audit report }
2472 silly packumentCache corgi:https://registry.npmjs.org/postcss cache-miss
2473 silly packumentCache corgi:https://registry.npmjs.org/uuid cache-miss
2474 silly tarball no local data for @babel/helper-module-transforms@https://registry.npmjs.org/@babel/helper-module-transforms/-/helper-module-transforms-7.28.6.tgz. Extracting by manifest.
2475 silly tarball no local data for @babel/helper-module-imports@https://registry.npmjs.org/@babel/helper-module-imports/-/helper-module-imports-7.28.6.tgz. Extracting by manifest.
2476 silly tarball no local data for @babel/helper-member-expression-to-functions@https://registry.npmjs.org/@babel/helper-member-expression-to-functions/-/helper-member-expression-to-functions-7.28.5.tgz. Extracting by manifest.
2477 silly tarball no local data for @babel/helper-globals@https://registry.npmjs.org/@babel/helper-globals/-/helper-globals-7.28.0.tgz. Extracting by manifest.
2478 silly tarball no local data for @babel/helper-define-polyfill-provider@https://registry.npmjs.org/@babel/helper-define-polyfill-provider/-/helper-define-polyfill-provider-0.6.8.tgz. Extracting by manifest.
2479 silly tarball no local data for @babel/helper-create-regexp-features-plugin@https://registry.npmjs.org/@babel/helper-create-regexp-features-plugin/-/helper-create-regexp-features-plugin-7.28.5.tgz. Extracting by manifest.
2480 silly tarball no local data for @babel/helper-create-class-features-plugin@https://registry.npmjs.org/@babel/helper-create-class-features-plugin/-/helper-create-class-features-plugin-7.28.6.tgz. Extracting by manifest.
2481 silly tarball no local data for @babel/helper-compilation-targets@https://registry.npmjs.org/@babel/helper-compilation-targets/-/helper-compilation-targets-7.28.6.tgz. Extracting by manifest.
2482 silly tarball no local data for @babel/helper-annotate-as-pure@https://registry.npmjs.org/@babel/helper-annotate-as-pure/-/helper-annotate-as-pure-7.27.3.tgz. Extracting by manifest.
2483 silly tarball no local data for @babel/generator@https://registry.npmjs.org/@babel/generator/-/generator-7.29.1.tgz. Extracting by manifest.
2484 silly tarball no local data for has-flag@https://registry.npmjs.org/has-flag/-/has-flag-4.0.0.tgz. Extracting by manifest.
2485 silly tarball no local data for @babel/core@https://registry.npmjs.org/@babel/core/-/core-7.29.0.tgz. Extracting by manifest.
2486 silly tarball no local data for supports-color@https://registry.npmjs.org/supports-color/-/supports-color-7.2.0.tgz. Extracting by manifest.
2487 silly tarball no local data for @babel/compat-data@https://registry.npmjs.org/@babel/compat-data/-/compat-data-7.29.0.tgz. Extracting by manifest.
2488 silly tarball no local data for yallist@https://registry.npmjs.org/yallist/-/yallist-5.0.0.tgz. Extracting by manifest.
2489 silly tarball no local data for lru-cache@https://registry.npmjs.org/lru-cache/-/lru-cache-10.4.3.tgz. Extracting by manifest.
2490 silly tarball no local data for resolve@https://registry.npmjs.org/resolve/-/resolve-1.7.1.tgz. Extracting by manifest.
2491 silly tarball no local data for debug@https://registry.npmjs.org/debug/-/debug-2.6.9.tgz. Extracting by manifest.
2492 silly tarball no local data for ms@https://registry.npmjs.org/ms/-/ms-2.0.0.tgz. Extracting by manifest.
2493 silly tarball no local data for open@https://registry.npmjs.org/open/-/open-8.4.2.tgz. Extracting by manifest.
2494 silly tarball no local data for negotiator@https://registry.npmjs.org/negotiator/-/negotiator-0.6.4.tgz. Extracting by manifest.
2495 silly tarball no local data for argparse@https://registry.npmjs.org/argparse/-/argparse-2.0.1.tgz. Extracting by manifest.
2496 silly tarball no local data for strip-ansi@https://registry.npmjs.org/strip-ansi/-/strip-ansi-5.2.0.tgz. Extracting by manifest.
2497 silly tarball no local data for has-flag@https://registry.npmjs.org/has-flag/-/has-flag-4.0.0.tgz. Extracting by manifest.
2498 silly tarball no local data for color-name@https://registry.npmjs.org/color-name/-/color-name-1.1.4.tgz. Extracting by manifest.
2499 silly tarball no local data for ansi-regex@https://registry.npmjs.org/ansi-regex/-/ansi-regex-4.1.1.tgz. Extracting by manifest.
2500 silly tarball no local data for ansi-styles@https://registry.npmjs.org/ansi-styles/-/ansi-styles-4.3.0.tgz. Extracting by manifest.
2501 silly tarball no local data for supports-color@https://registry.npmjs.org/supports-color/-/supports-color-7.2.0.tgz. Extracting by manifest.
2502 silly tarball no local data for chalk@https://registry.npmjs.org/chalk/-/chalk-4.1.2.tgz. Extracting by manifest.
2503 silly tarball no local data for has-flag@https://registry.npmjs.org/has-flag/-/has-flag-4.0.0.tgz. Extracting by manifest.
2504 silly tarball no local data for @babel/code-frame@https://registry.npmjs.org/@babel/code-frame/-/code-frame-7.29.0.tgz. Extracting by manifest.
2505 silly tarball no local data for js-yaml@https://registry.npmjs.org/js-yaml/-/js-yaml-4.1.1.tgz. Extracting by manifest.
2506 silly tarball no local data for color-name@https://registry.npmjs.org/color-name/-/color-name-1.1.4.tgz. Extracting by manifest.
2507 silly tarball no local data for supports-color@https://registry.npmjs.org/supports-color/-/supports-color-7.2.0.tgz. Extracting by manifest.
2508 silly tarball no local data for color-convert@https://registry.npmjs.org/color-convert/-/color-convert-2.0.1.tgz. Extracting by manifest.
2509 silly tarball no local data for ansi-styles@https://registry.npmjs.org/ansi-styles/-/ansi-styles-4.3.0.tgz. Extracting by manifest.
2510 silly tarball no local data for debug@https://registry.npmjs.org/debug/-/debug-3.2.7.tgz. Extracting by manifest.
2511 silly tarball no local data for color-convert@https://registry.npmjs.org/color-convert/-/color-convert-2.0.1.tgz. Extracting by manifest.
2512 silly tarball no local data for type-fest@https://registry.npmjs.org/type-fest/-/type-fest-0.21.3.tgz. Extracting by manifest.
2513 silly tarball no local data for balanced-match@https://registry.npmjs.org/balanced-match/-/balanced-match-4.0.4.tgz. Extracting by manifest.
2514 silly tarball no local data for lru-cache@https://registry.npmjs.org/lru-cache/-/lru-cache-11.3.6.tgz. Extracting by manifest.
2515 silly tarball no local data for chalk@https://registry.npmjs.org/chalk/-/chalk-4.1.2.tgz. Extracting by manifest.
2516 silly tarball no local data for @babel/code-frame@https://registry.npmjs.org/@babel/code-frame/-/code-frame-7.29.0.tgz. Extracting by manifest.
2517 silly tarball no local data for color-convert@https://registry.npmjs.org/color-convert/-/color-convert-2.0.1.tgz. Extracting by manifest.
2518 silly tarball no local data for has-flag@https://registry.npmjs.org/has-flag/-/has-flag-4.0.0.tgz. Extracting by manifest.
2519 silly tarball no local data for supports-color@https://registry.npmjs.org/supports-color/-/supports-color-7.2.0.tgz. Extracting by manifest.
2520 silly tarball no local data for has-flag@https://registry.npmjs.org/has-flag/-/has-flag-4.0.0.tgz. Extracting by manifest.
2521 silly tarball no local data for color-convert@https://registry.npmjs.org/color-convert/-/color-convert-2.0.1.tgz. Extracting by manifest.
2522 silly tarball no local data for color-name@https://registry.npmjs.org/color-name/-/color-name-1.1.4.tgz. Extracting by manifest.
2523 silly tarball no local data for @xmldom/xmldom@https://registry.npmjs.org/@xmldom/xmldom/-/xmldom-0.9.10.tgz. Extracting by manifest.
2524 silly tarball no local data for supports-color@https://registry.npmjs.org/supports-color/-/supports-color-7.2.0.tgz. Extracting by manifest.
2525 silly tarball no local data for ansi-styles@https://registry.npmjs.org/ansi-styles/-/ansi-styles-4.3.0.tgz. Extracting by manifest.
2526 silly tarball no local data for color-name@https://registry.npmjs.org/color-name/-/color-name-1.1.4.tgz. Extracting by manifest.
2527 silly tarball no local data for chalk@https://registry.npmjs.org/chalk/-/chalk-4.1.2.tgz. Extracting by manifest.
2528 silly tarball no local data for ansi-styles@https://registry.npmjs.org/ansi-styles/-/ansi-styles-4.3.0.tgz. Extracting by manifest.
2529 silly tarball no local data for @babel/code-frame@https://registry.npmjs.org/@babel/code-frame/-/code-frame-7.29.0.tgz. Extracting by manifest.
2530 silly tarball no local data for chalk@https://registry.npmjs.org/chalk/-/chalk-4.1.2.tgz. Extracting by manifest.
2531 silly tarball no local data for commander@https://registry.npmjs.org/commander/-/commander-4.1.1.tgz. Extracting by manifest.
2532 silly tarball no local data for has-flag@https://registry.npmjs.org/has-flag/-/has-flag-4.0.0.tgz. Extracting by manifest.
2533 silly tarball no local data for color-name@https://registry.npmjs.org/color-name/-/color-name-1.1.4.tgz. Extracting by manifest.
2534 silly tarball no local data for supports-color@https://registry.npmjs.org/supports-color/-/supports-color-7.2.0.tgz. Extracting by manifest.
2535 silly tarball no local data for color-convert@https://registry.npmjs.org/color-convert/-/color-convert-2.0.1.tgz. Extracting by manifest.
2536 silly tarball no local data for hermes-estree@https://registry.npmjs.org/hermes-estree/-/hermes-estree-0.29.1.tgz. Extracting by manifest.
2537 silly tarball no local data for has-flag@https://registry.npmjs.org/has-flag/-/has-flag-4.0.0.tgz. Extracting by manifest.
2538 silly tarball no local data for ansi-styles@https://registry.npmjs.org/ansi-styles/-/ansi-styles-4.3.0.tgz. Extracting by manifest.
2539 silly tarball no local data for chalk@https://registry.npmjs.org/chalk/-/chalk-4.1.2.tgz. Extracting by manifest.
2540 silly tarball no local data for color-convert@https://registry.npmjs.org/color-convert/-/color-convert-2.0.1.tgz. Extracting by manifest.
2541 silly tarball no local data for picomatch@https://registry.npmjs.org/picomatch/-/picomatch-4.0.4.tgz. Extracting by manifest.
2542 silly tarball no local data for color-name@https://registry.npmjs.org/color-name/-/color-name-1.1.4.tgz. Extracting by manifest.
2543 silly tarball no local data for ansi-styles@https://registry.npmjs.org/ansi-styles/-/ansi-styles-4.3.0.tgz. Extracting by manifest.
2544 silly tarball no local data for chalk@https://registry.npmjs.org/chalk/-/chalk-4.1.2.tgz. Extracting by manifest.
2545 silly tarball no local data for supports-color@https://registry.npmjs.org/supports-color/-/supports-color-7.2.0.tgz. Extracting by manifest.
2546 silly tarball no local data for hermes-parser@https://registry.npmjs.org/hermes-parser/-/hermes-parser-0.29.1.tgz. Extracting by manifest.
2547 silly tarball no local data for @babel/code-frame@https://registry.npmjs.org/@babel/code-frame/-/code-frame-7.29.0.tgz. Extracting by manifest.
2548 silly tarball no local data for has-flag@https://registry.npmjs.org/has-flag/-/has-flag-4.0.0.tgz. Extracting by manifest.
2549 silly tarball no local data for color-name@https://registry.npmjs.org/color-name/-/color-name-1.1.4.tgz. Extracting by manifest.
2550 silly tarball no local data for supports-color@https://registry.npmjs.org/supports-color/-/supports-color-7.2.0.tgz. Extracting by manifest.
2551 silly tarball no local data for color-convert@https://registry.npmjs.org/color-convert/-/color-convert-2.0.1.tgz. Extracting by manifest.
2552 silly tarball no local data for color-name@https://registry.npmjs.org/color-name/-/color-name-1.1.4.tgz. Extracting by manifest.
2553 silly tarball no local data for xmlbuilder@https://registry.npmjs.org/xmlbuilder/-/xmlbuilder-11.0.1.tgz. Extracting by manifest.
2554 silly tarball no local data for has-flag@https://registry.npmjs.org/has-flag/-/has-flag-4.0.0.tgz. Extracting by manifest.
2555 silly tarball no local data for chalk@https://registry.npmjs.org/chalk/-/chalk-4.1.2.tgz. Extracting by manifest.
2556 silly tarball no local data for ansi-styles@https://registry.npmjs.org/ansi-styles/-/ansi-styles-4.3.0.tgz. Extracting by manifest.
2557 silly tarball no local data for ansi-styles@https://registry.npmjs.org/ansi-styles/-/ansi-styles-4.3.0.tgz. Extracting by manifest.
2558 silly tarball no local data for chalk@https://registry.npmjs.org/chalk/-/chalk-4.1.2.tgz. Extracting by manifest.
2559 silly tarball no local data for supports-color@https://registry.npmjs.org/supports-color/-/supports-color-7.2.0.tgz. Extracting by manifest.
2560 silly tarball no local data for brace-expansion@https://registry.npmjs.org/brace-expansion/-/brace-expansion-2.1.0.tgz. Extracting by manifest.
2561 silly tarball no local data for color-convert@https://registry.npmjs.org/color-convert/-/color-convert-2.0.1.tgz. Extracting by manifest.
2562 silly tarball no local data for supports-color@https://registry.npmjs.org/supports-color/-/supports-color-7.2.0.tgz. Extracting by manifest.
2563 silly tarball no local data for has-flag@https://registry.npmjs.org/has-flag/-/has-flag-4.0.0.tgz. Extracting by manifest.
2564 silly tarball no local data for color-name@https://registry.npmjs.org/color-name/-/color-name-1.1.4.tgz. Extracting by manifest.
2565 silly tarball no local data for ansi-styles@https://registry.npmjs.org/ansi-styles/-/ansi-styles-4.3.0.tgz. Extracting by manifest.
2566 silly tarball no local data for ws@https://registry.npmjs.org/ws/-/ws-8.20.0.tgz. Extracting by manifest.
2567 silly tarball no local data for minimatch@https://registry.npmjs.org/minimatch/-/minimatch-9.0.9.tgz. Extracting by manifest.
2568 silly tarball no local data for color-convert@https://registry.npmjs.org/color-convert/-/color-convert-2.0.1.tgz. Extracting by manifest.
2569 silly tarball no local data for ci-info@https://registry.npmjs.org/ci-info/-/ci-info-3.9.0.tgz. Extracting by manifest.
2570 silly tarball no local data for @expo/cli@https://registry.npmjs.org/@expo/cli/-/cli-54.0.24.tgz. Extracting by manifest.
2571 silly tarball no local data for color-name@https://registry.npmjs.org/color-name/-/color-name-1.1.4.tgz. Extracting by manifest.
2572 silly tarball no local data for expo-keep-awake@https://registry.npmjs.org/expo-keep-awake/-/expo-keep-awake-15.0.8.tgz. Extracting by manifest.
2573 silly tarball no local data for picomatch@https://registry.npmjs.org/picomatch/-/picomatch-4.0.4.tgz. Extracting by manifest.
2574 silly tarball no local data for @expo/vector-icons@https://registry.npmjs.org/@expo/vector-icons/-/vector-icons-15.1.1.tgz. Extracting by manifest.
2575 silly tarball no local data for chalk@https://registry.npmjs.org/chalk/-/chalk-4.1.2.tgz. Extracting by manifest.
2576 silly tarball no local data for expo-font@https://registry.npmjs.org/expo-font/-/expo-font-14.0.11.tgz. Extracting by manifest.
2577 silly tarball no local data for color-convert@https://registry.npmjs.org/color-convert/-/color-convert-2.0.1.tgz. Extracting by manifest.
2578 silly tarball no local data for ansi-styles@https://registry.npmjs.org/ansi-styles/-/ansi-styles-4.3.0.tgz. Extracting by manifest.
2579 silly tarball no local data for picomatch@https://registry.npmjs.org/picomatch/-/picomatch-4.0.4.tgz. Extracting by manifest.
2580 silly tarball no local data for babel-preset-expo@https://registry.npmjs.org/babel-preset-expo/-/babel-preset-expo-54.0.10.tgz. Extracting by manifest.
2581 silly tarball no local data for minimatch@https://registry.npmjs.org/minimatch/-/minimatch-3.1.5.tgz. Extracting by manifest.
2582 silly tarball no local data for fdir@https://registry.npmjs.org/fdir/-/fdir-6.5.0.tgz. Extracting by manifest.
2583 silly tarball no local data for commander@https://registry.npmjs.org/commander/-/commander-2.20.3.tgz. Extracting by manifest.
2584 silly tarball no local data for brace-expansion@https://registry.npmjs.org/brace-expansion/-/brace-expansion-1.1.13.tgz. Extracting by manifest.
2585 silly tarball no local data for escape-string-regexp@https://registry.npmjs.org/escape-string-regexp/-/escape-string-regexp-2.0.0.tgz. Extracting by manifest.
2586 silly tarball no local data for glob@https://registry.npmjs.org/glob/-/glob-7.2.3.tgz. Extracting by manifest.
2587 silly tarball no local data for source-map@https://registry.npmjs.org/source-map/-/source-map-0.6.1.tgz. Extracting by manifest.
2588 silly tarball no local data for statuses@https://registry.npmjs.org/statuses/-/statuses-2.0.2.tgz. Extracting by manifest.
2589 silly tarball no local data for encodeurl@https://registry.npmjs.org/encodeurl/-/encodeurl-2.0.0.tgz. Extracting by manifest.
2590 silly tarball no local data for on-finished@https://registry.npmjs.org/on-finished/-/on-finished-2.4.1.tgz. Extracting by manifest.
2591 silly tarball no local data for webidl-conversions@https://registry.npmjs.org/webidl-conversions/-/webidl-conversions-3.0.1.tgz. Extracting by manifest.
2592 silly tarball no local data for ms@https://registry.npmjs.org/ms/-/ms-2.0.0.tgz. Extracting by manifest.
2593 silly tarball no local data for encodeurl@https://registry.npmjs.org/encodeurl/-/encodeurl-2.0.0.tgz. Extracting by manifest.
2594 silly tarball no local data for glob@https://registry.npmjs.org/glob/-/glob-7.2.3.tgz. Extracting by manifest.
2595 silly tarball no local data for debug@https://registry.npmjs.org/debug/-/debug-2.6.9.tgz. Extracting by manifest.
2596 silly tarball no local data for memoize-one@https://registry.npmjs.org/memoize-one/-/memoize-one-6.0.0.tgz. Extracting by manifest.
2597 silly tarball no local data for brace-expansion@https://registry.npmjs.org/brace-expansion/-/brace-expansion-1.1.13.tgz. Extracting by manifest.
2598 silly tarball no local data for commander@https://registry.npmjs.org/commander/-/commander-12.1.0.tgz. Extracting by manifest.
2599 silly tarball no local data for @react-native/normalize-colors@https://registry.npmjs.org/@react-native/normalize-colors/-/normalize-colors-0.74.89.tgz. Extracting by manifest.
2600 silly tarball no local data for ws@https://registry.npmjs.org/ws/-/ws-6.2.3.tgz. Extracting by manifest.
2601 silly tarball no local data for glob@https://registry.npmjs.org/glob/-/glob-7.2.3.tgz. Extracting by manifest.
2602 silly tarball no local data for minimatch@https://registry.npmjs.org/minimatch/-/minimatch-3.1.5.tgz. Extracting by manifest.
2603 silly tarball no local data for minimatch@https://registry.npmjs.org/minimatch/-/minimatch-3.1.5.tgz. Extracting by manifest.
2604 silly tarball no local data for ansi-styles@https://registry.npmjs.org/ansi-styles/-/ansi-styles-5.2.0.tgz. Extracting by manifest.
2605 silly tarball no local data for @react-native/virtualized-lists@https://registry.npmjs.org/@react-native/virtualized-lists/-/virtualized-lists-0.81.5.tgz. Extracting by manifest.
2606 silly tarball no local data for brace-expansion@https://registry.npmjs.org/brace-expansion/-/brace-expansion-1.1.13.tgz. Extracting by manifest.
2607 silly tarball no local data for has-flag@https://registry.npmjs.org/has-flag/-/has-flag-4.0.0.tgz. Extracting by manifest.
2608 silly tarball no local data for p-limit@https://registry.npmjs.org/p-limit/-/p-limit-2.3.0.tgz. Extracting by manifest.
2609 silly tarball no local data for color-name@https://registry.npmjs.org/color-name/-/color-name-1.1.4.tgz. Extracting by manifest.
2610 silly tarball no local data for color-convert@https://registry.npmjs.org/color-convert/-/color-convert-2.0.1.tgz. Extracting by manifest.
2611 silly tarball no local data for supports-color@https://registry.npmjs.org/supports-color/-/supports-color-7.2.0.tgz. Extracting by manifest.
2612 silly tarball no local data for ansi-styles@https://registry.npmjs.org/ansi-styles/-/ansi-styles-4.3.0.tgz. Extracting by manifest.
2613 silly tarball no local data for debug@https://registry.npmjs.org/debug/-/debug-2.6.9.tgz. Extracting by manifest.
2614 silly tarball no local data for chalk@https://registry.npmjs.org/chalk/-/chalk-4.1.2.tgz. Extracting by manifest.
2615 silly tarball no local data for @babel/code-frame@https://registry.npmjs.org/@babel/code-frame/-/code-frame-7.29.0.tgz. Extracting by manifest.
2616 silly tarball no local data for ms@https://registry.npmjs.org/ms/-/ms-2.0.0.tgz. Extracting by manifest.
2617 silly tarball no local data for color-name@https://registry.npmjs.org/color-name/-/color-name-1.1.4.tgz. Extracting by manifest.
2618 silly tarball no local data for supports-color@https://registry.npmjs.org/supports-color/-/supports-color-8.1.1.tgz. Extracting by manifest.
2619 silly tarball no local data for chalk@https://registry.npmjs.org/chalk/-/chalk-4.1.2.tgz. Extracting by manifest.
2620 silly tarball no local data for has-flag@https://registry.npmjs.org/has-flag/-/has-flag-4.0.0.tgz. Extracting by manifest.
2621 silly tarball no local data for color-convert@https://registry.npmjs.org/color-convert/-/color-convert-2.0.1.tgz. Extracting by manifest.
2622 silly tarball no local data for supports-color@https://registry.npmjs.org/supports-color/-/supports-color-7.2.0.tgz. Extracting by manifest.
2623 silly tarball no local data for has-flag@https://registry.npmjs.org/has-flag/-/has-flag-4.0.0.tgz. Extracting by manifest.
2624 silly tarball no local data for has-flag@https://registry.npmjs.org/has-flag/-/has-flag-4.0.0.tgz. Extracting by manifest.
2625 silly tarball no local data for ansi-styles@https://registry.npmjs.org/ansi-styles/-/ansi-styles-4.3.0.tgz. Extracting by manifest.
2626 silly tarball no local data for color-convert@https://registry.npmjs.org/color-convert/-/color-convert-2.0.1.tgz. Extracting by manifest.
2627 silly tarball no local data for color-name@https://registry.npmjs.org/color-name/-/color-name-1.1.4.tgz. Extracting by manifest.
2628 silly tarball no local data for supports-color@https://registry.npmjs.org/supports-color/-/supports-color-7.2.0.tgz. Extracting by manifest.
2629 silly tarball no local data for has-flag@https://registry.npmjs.org/has-flag/-/has-flag-4.0.0.tgz. Extracting by manifest.
2630 silly tarball no local data for ansi-styles@https://registry.npmjs.org/ansi-styles/-/ansi-styles-4.3.0.tgz. Extracting by manifest.
2631 silly tarball no local data for ci-info@https://registry.npmjs.org/ci-info/-/ci-info-3.9.0.tgz. Extracting by manifest.
2632 silly tarball no local data for chalk@https://registry.npmjs.org/chalk/-/chalk-4.1.2.tgz. Extracting by manifest.
2633 silly tarball no local data for color-convert@https://registry.npmjs.org/color-convert/-/color-convert-2.0.1.tgz. Extracting by manifest.
2634 silly tarball no local data for color-name@https://registry.npmjs.org/color-name/-/color-name-1.1.4.tgz. Extracting by manifest.
2635 silly tarball no local data for supports-color@https://registry.npmjs.org/supports-color/-/supports-color-7.2.0.tgz. Extracting by manifest.
2636 silly tarball no local data for ansi-styles@https://registry.npmjs.org/ansi-styles/-/ansi-styles-4.3.0.tgz. Extracting by manifest.
2637 silly tarball no local data for semver@https://registry.npmjs.org/semver/-/semver-6.3.1.tgz. Extracting by manifest.
2638 silly tarball no local data for react-is@https://registry.npmjs.org/react-is/-/react-is-16.13.1.tgz. Extracting by manifest.
2639 silly tarball no local data for chalk@https://registry.npmjs.org/chalk/-/chalk-4.1.2.tgz. Extracting by manifest.
2640 silly tarball no local data for @babel/code-frame@https://registry.npmjs.org/@babel/code-frame/-/code-frame-7.29.0.tgz. Extracting by manifest.
2641 silly tarball no local data for statuses@https://registry.npmjs.org/statuses/-/statuses-2.0.2.tgz. Extracting by manifest.
2642 silly tarball no local data for promise@https://registry.npmjs.org/promise/-/promise-7.3.1.tgz. Extracting by manifest.
2643 silly tarball no local data for ms@https://registry.npmjs.org/ms/-/ms-2.0.0.tgz. Extracting by manifest.
2644 silly tarball no local data for ms@https://registry.npmjs.org/ms/-/ms-2.0.0.tgz. Extracting by manifest.
2645 silly tarball no local data for color-name@https://registry.npmjs.org/color-name/-/color-name-1.1.4.tgz. Extracting by manifest.
2646 silly tarball no local data for debug@https://registry.npmjs.org/debug/-/debug-2.6.9.tgz. Extracting by manifest.
2647 silly tarball no local data for color-convert@https://registry.npmjs.org/color-convert/-/color-convert-2.0.1.tgz. Extracting by manifest.
2648 silly tarball no local data for escape-string-regexp@https://registry.npmjs.org/escape-string-regexp/-/escape-string-regexp-4.0.0.tgz. Extracting by manifest.
2649 silly tarball no local data for debug@https://registry.npmjs.org/debug/-/debug-2.6.9.tgz. Extracting by manifest.
2650 silly tarball no local data for semver@https://registry.npmjs.org/semver/-/semver-6.3.1.tgz. Extracting by manifest.
2651 silly tarball no local data for escape-string-regexp@https://registry.npmjs.org/escape-string-regexp/-/escape-string-regexp-4.0.0.tgz. Extracting by manifest.
2652 silly tarball no local data for hermes-estree@https://registry.npmjs.org/hermes-estree/-/hermes-estree-0.29.1.tgz. Extracting by manifest.
2653 silly tarball no local data for hermes-parser@https://registry.npmjs.org/hermes-parser/-/hermes-parser-0.29.1.tgz. Extracting by manifest.
2654 silly tarball no local data for color-convert@https://registry.npmjs.org/color-convert/-/color-convert-2.0.1.tgz. Extracting by manifest.
2655 silly tarball no local data for has-flag@https://registry.npmjs.org/has-flag/-/has-flag-4.0.0.tgz. Extracting by manifest.
2656 silly tarball no local data for supports-color@https://registry.npmjs.org/supports-color/-/supports-color-7.2.0.tgz. Extracting by manifest.
2657 silly tarball no local data for color-name@https://registry.npmjs.org/color-name/-/color-name-1.1.4.tgz. Extracting by manifest.
2658 silly tarball no local data for escape-string-regexp@https://registry.npmjs.org/escape-string-regexp/-/escape-string-regexp-4.0.0.tgz. Extracting by manifest.
2659 silly tarball no local data for react-is@https://registry.npmjs.org/react-is/-/react-is-19.2.4.tgz. Extracting by manifest.
2660 silly tarball no local data for escape-string-regexp@https://registry.npmjs.org/escape-string-regexp/-/escape-string-regexp-4.0.0.tgz. Extracting by manifest.
2661 silly tarball no local data for chalk@https://registry.npmjs.org/chalk/-/chalk-4.1.2.tgz. Extracting by manifest.
2662 silly tarball no local data for ansi-styles@https://registry.npmjs.org/ansi-styles/-/ansi-styles-4.3.0.tgz. Extracting by manifest.
2663 silly tarball no local data for @react-native/js-polyfills@https://registry.npmjs.org/@react-native/js-polyfills/-/js-polyfills-0.84.1.tgz. Extracting by manifest.
2664 silly tarball no local data for @react-native/codegen@https://registry.npmjs.org/@react-native/codegen/-/codegen-0.84.1.tgz. Extracting by manifest.
2665 silly tarball no local data for ws@https://registry.npmjs.org/ws/-/ws-6.2.3.tgz. Extracting by manifest.
2666 silly tarball no local data for babel-plugin-syntax-hermes-parser@https://registry.npmjs.org/babel-plugin-syntax-hermes-parser/-/babel-plugin-syntax-hermes-parser-0.32.0.tgz. Extracting by manifest.
2667 silly tarball no local data for @react-native/babel-plugin-codegen@https://registry.npmjs.org/@react-native/babel-plugin-codegen/-/babel-plugin-codegen-0.84.1.tgz. Extracting by manifest.
2668 silly tarball no local data for @react-native/babel-preset@https://registry.npmjs.org/@react-native/babel-preset/-/babel-preset-0.84.1.tgz. Extracting by manifest.
2669 silly tarball no local data for hermes-parser@https://registry.npmjs.org/hermes-parser/-/hermes-parser-0.29.1.tgz. Extracting by manifest.
2670 silly tarball no local data for hermes-estree@https://registry.npmjs.org/hermes-estree/-/hermes-estree-0.29.1.tgz. Extracting by manifest.
2671 silly tarball no local data for minimatch@https://registry.npmjs.org/minimatch/-/minimatch-3.1.5.tgz. Extracting by manifest.
2672 silly tarball no local data for brace-expansion@https://registry.npmjs.org/brace-expansion/-/brace-expansion-1.1.13.tgz. Extracting by manifest.
2673 silly tarball no local data for color-name@https://registry.npmjs.org/color-name/-/color-name-1.1.4.tgz. Extracting by manifest.
2674 silly tarball no local data for glob@https://registry.npmjs.org/glob/-/glob-7.2.3.tgz. Extracting by manifest.
2675 silly tarball no local data for supports-color@https://registry.npmjs.org/supports-color/-/supports-color-7.2.0.tgz. Extracting by manifest.
2676 silly tarball no local data for has-flag@https://registry.npmjs.org/has-flag/-/has-flag-4.0.0.tgz. Extracting by manifest.
2677 silly tarball no local data for chalk@https://registry.npmjs.org/chalk/-/chalk-4.1.2.tgz. Extracting by manifest.
2678 silly tarball no local data for ansi-styles@https://registry.npmjs.org/ansi-styles/-/ansi-styles-4.3.0.tgz. Extracting by manifest.
2679 silly tarball no local data for has-flag@https://registry.npmjs.org/has-flag/-/has-flag-4.0.0.tgz. Extracting by manifest.
2680 silly tarball no local data for color-convert@https://registry.npmjs.org/color-convert/-/color-convert-2.0.1.tgz. Extracting by manifest.
2681 silly tarball no local data for supports-color@https://registry.npmjs.org/supports-color/-/supports-color-7.2.0.tgz. Extracting by manifest.
2682 silly tarball no local data for camelcase@https://registry.npmjs.org/camelcase/-/camelcase-5.3.1.tgz. Extracting by manifest.
2683 silly tarball no local data for chalk@https://registry.npmjs.org/chalk/-/chalk-4.1.2.tgz. Extracting by manifest.
2684 silly tarball no local data for has-flag@https://registry.npmjs.org/has-flag/-/has-flag-4.0.0.tgz. Extracting by manifest.
2685 silly tarball no local data for color-name@https://registry.npmjs.org/color-name/-/color-name-1.1.4.tgz. Extracting by manifest.
2686 silly tarball no local data for supports-color@https://registry.npmjs.org/supports-color/-/supports-color-7.2.0.tgz. Extracting by manifest.
2687 silly tarball no local data for color-convert@https://registry.npmjs.org/color-convert/-/color-convert-2.0.1.tgz. Extracting by manifest.
2688 silly tarball no local data for ansi-styles@https://registry.npmjs.org/ansi-styles/-/ansi-styles-4.3.0.tgz. Extracting by manifest.
2689 silly tarball no local data for color-name@https://registry.npmjs.org/color-name/-/color-name-1.1.4.tgz. Extracting by manifest.
2690 silly tarball no local data for @babel/code-frame@https://registry.npmjs.org/@babel/code-frame/-/code-frame-7.29.0.tgz. Extracting by manifest.
2691 silly tarball no local data for @babel/code-frame@https://registry.npmjs.org/@babel/code-frame/-/code-frame-7.29.0.tgz. Extracting by manifest.
2692 silly tarball no local data for color-convert@https://registry.npmjs.org/color-convert/-/color-convert-2.0.1.tgz. Extracting by manifest.
2693 silly tarball no local data for chalk@https://registry.npmjs.org/chalk/-/chalk-4.1.2.tgz. Extracting by manifest.
2694 silly tarball no local data for ansi-styles@https://registry.npmjs.org/ansi-styles/-/ansi-styles-4.3.0.tgz. Extracting by manifest.
2695 silly tarball no local data for @babel/code-frame@https://registry.npmjs.org/@babel/code-frame/-/code-frame-7.29.0.tgz. Extracting by manifest.
2696 silly tarball no local data for semver@https://registry.npmjs.org/semver/-/semver-6.3.1.tgz. Extracting by manifest.
2697 silly tarball no local data for semver@https://registry.npmjs.org/semver/-/semver-6.3.1.tgz. Extracting by manifest.
2698 silly tarball no local data for semver@https://registry.npmjs.org/semver/-/semver-6.3.1.tgz. Extracting by manifest.
2699 silly tarball no local data for semver@https://registry.npmjs.org/semver/-/semver-6.3.1.tgz. Extracting by manifest.
2700 silly tarball no local data for semver@https://registry.npmjs.org/semver/-/semver-6.3.1.tgz. Extracting by manifest.
2701 silly tarball no local data for @babel/code-frame@https://registry.npmjs.org/@babel/code-frame/-/code-frame-7.29.0.tgz. Extracting by manifest.
2702 http fetch GET 200 https://registry.npmjs.org/log-symbols/-/log-symbols-2.2.0.tgz 2918ms (cache miss)
2703 http fetch GET 200 https://registry.npmjs.org/rc/-/rc-1.2.8.tgz 2925ms (cache miss)
2704 http fetch GET 200 https://registry.npmjs.org/ansi-escapes/-/ansi-escapes-4.3.2.tgz 2963ms (cache miss)
2705 http fetch GET 200 https://registry.npmjs.org/supports-hyperlinks/-/supports-hyperlinks-2.3.0.tgz 2974ms (cache miss)
2706 http fetch GET 200 https://registry.npmjs.org/define-lazy-prop/-/define-lazy-prop-2.0.0.tgz 2982ms (cache miss)
2707 http fetch GET 200 https://registry.npmjs.org/cli-spinners/-/cli-spinners-2.9.2.tgz 2938ms (cache miss)
2708 http fetch GET 200 https://registry.npmjs.org/defaults/-/defaults-1.0.4.tgz 2975ms (cache miss)
2709 http fetch GET 200 https://registry.npmjs.org/cli-cursor/-/cli-cursor-2.1.0.tgz 2940ms (cache miss)
2710 http fetch GET 200 https://registry.npmjs.org/kleur/-/kleur-3.0.3.tgz 2986ms (cache miss)
2711 http fetch GET 200 https://registry.npmjs.org/clone/-/clone-1.0.4.tgz 3070ms (cache miss)
2712 http fetch GET 200 https://registry.npmjs.org/chownr/-/chownr-3.0.0.tgz 3061ms (cache miss)
2713 http fetch GET 200 https://registry.npmjs.org/compressible/-/compressible-2.0.18.tgz 3017ms (cache miss)
2714 http fetch GET 200 https://registry.npmjs.org/proc-log/-/proc-log-4.2.0.tgz 3078ms (cache miss)
2715 http fetch GET 200 https://registry.npmjs.org/restore-cursor/-/restore-cursor-2.0.0.tgz 3088ms (cache miss)
2716 http fetch GET 200 https://registry.npmjs.org/sisteransi/-/sisteransi-1.0.5.tgz 3093ms (cache miss)
2717 http fetch GET 200 https://registry.npmjs.org/validate-npm-package-name/-/validate-npm-package-name-5.0.1.tgz 3078ms (cache miss)
2718 http fetch GET 200 https://registry.npmjs.org/vary/-/vary-1.1.2.tgz 3190ms (cache miss)
2719 http fetch GET 200 https://registry.npmjs.org/bytes/-/bytes-3.1.2.tgz 3178ms (cache miss)
2720 http fetch GET 200 https://registry.npmjs.org/safe-buffer/-/safe-buffer-5.2.1.tgz 3190ms (cache miss)
2721 http fetch GET 200 https://registry.npmjs.org/progress/-/progress-2.0.3.tgz 3258ms (cache miss)
2722 http fetch GET 200 https://registry.npmjs.org/terminal-link/-/terminal-link-2.1.1.tgz 3268ms (cache miss)
2723 http fetch GET 200 https://registry.npmjs.org/onetime/-/onetime-2.0.1.tgz 3317ms (cache miss)
2724 http fetch GET 200 https://registry.npmjs.org/resolve.exports/-/resolve.exports-2.0.3.tgz 3299ms (cache miss)
2725 http fetch GET 200 https://registry.npmjs.org/on-headers/-/on-headers-1.1.0.tgz 3313ms (cache miss)
2726 http fetch GET 200 https://registry.npmjs.org/env-editor/-/env-editor-0.4.2.tgz 3284ms (cache miss)
2727 http fetch GET 200 https://registry.npmjs.org/ini/-/ini-1.3.8.tgz 3375ms (cache miss)
2728 http fetch GET 200 https://registry.npmjs.org/strip-json-comments/-/strip-json-comments-2.0.1.tgz 3385ms (cache miss)
2729 http fetch GET 200 https://registry.npmjs.org/pretty-bytes/-/pretty-bytes-5.6.0.tgz 3365ms (cache miss)
2730 http fetch GET 200 https://registry.npmjs.org/npm-package-arg/-/npm-package-arg-11.0.3.tgz 3362ms (cache miss)
2731 http fetch GET 200 https://registry.npmjs.org/mimic-fn/-/mimic-fn-1.2.0.tgz 3435ms (cache miss)
2732 http fetch GET 200 https://registry.npmjs.org/@expo/osascript/-/osascript-2.4.2.tgz 3430ms (cache miss)
2733 http fetch GET 200 https://registry.npmjs.org/thenify/-/thenify-3.3.1.tgz 3409ms (cache miss)
2734 http fetch GET 200 https://registry.npmjs.org/@expo/code-signing-certificates/-/code-signing-certificates-0.0.6.tgz 3468ms (cache miss)
2735 http fetch GET 200 https://registry.npmjs.org/thenify-all/-/thenify-all-1.6.0.tgz 3443ms (cache miss)
2736 http fetch GET 200 https://registry.npmjs.org/lines-and-columns/-/lines-and-columns-1.2.4.tgz 3440ms (cache miss)
2737 http fetch GET 200 https://registry.npmjs.org/sax/-/sax-1.6.0.tgz 3466ms (cache miss)
2738 http fetch GET 200 https://registry.npmjs.org/nested-error-stacks/-/nested-error-stacks-2.0.1.tgz 3583ms (cache miss)
2739 http fetch GET 200 https://registry.npmjs.org/simple-plist/-/simple-plist-1.3.1.tgz 3487ms (cache miss)
2740 http fetch GET 200 https://registry.npmjs.org/shebang-regex/-/shebang-regex-3.0.0.tgz 3470ms (cache miss)
2741 http fetch GET 200 https://registry.npmjs.org/has-flag/-/has-flag-3.0.0.tgz 3482ms (cache miss)
2742 http fetch GET 200 https://registry.npmjs.org/compression/-/compression-1.8.1.tgz 3529ms (cache miss)
2743 http fetch GET 200 https://registry.npmjs.org/brace-expansion/-/brace-expansion-5.0.5.tgz 3499ms (cache miss)
2744 http fetch GET 200 https://registry.npmjs.org/detect-libc/-/detect-libc-2.1.2.tgz 3499ms (cache miss)
2745 http fetch GET 200 https://registry.npmjs.org/ora/-/ora-3.4.0.tgz 3579ms (cache miss)
2746 http fetch GET 200 https://registry.npmjs.org/freeport-async/-/freeport-async-2.0.0.tgz 3587ms (cache miss)
2747 http fetch GET 200 https://registry.npmjs.org/deep-extend/-/deep-extend-0.6.0.tgz 3687ms (cache miss)
2748 http fetch GET 200 https://registry.npmjs.org/yocto-queue/-/yocto-queue-0.1.0.tgz 3564ms (cache miss)
2749 http fetch GET 200 https://registry.npmjs.org/supports-color/-/supports-color-5.5.0.tgz 3559ms (cache miss)
2750 http fetch GET 200 https://registry.npmjs.org/path-key/-/path-key-3.1.1.tgz 3567ms (cache miss)
2751 http fetch GET 200 https://registry.npmjs.org/@expo/sudo-prompt/-/sudo-prompt-9.3.2.tgz 3677ms (cache miss)
2752 http fetch GET 200 https://registry.npmjs.org/wcwidth/-/wcwidth-1.0.1.tgz 3738ms (cache miss)
2753 http fetch GET 200 https://registry.npmjs.org/parse-png/-/parse-png-2.1.0.tgz 3620ms (cache miss)
2754 http fetch GET 200 https://registry.npmjs.org/shebang-command/-/shebang-command-2.0.0.tgz 3620ms (cache miss)
2755 http fetch GET 200 https://registry.npmjs.org/which/-/which-2.0.2.tgz 3608ms (cache miss)
2756 http fetch GET 200 https://registry.npmjs.org/escape-string-regexp/-/escape-string-regexp-1.0.5.tgz 3607ms (cache miss)
2757 http fetch GET 200 https://registry.npmjs.org/ignore/-/ignore-5.3.2.tgz 3647ms (cache miss)
2758 http fetch GET 200 https://registry.npmjs.org/xml2js/-/xml2js-0.6.0.tgz 3687ms (cache miss)
2759 http fetch GET 200 https://registry.npmjs.org/hosted-git-info/-/hosted-git-info-7.0.2.tgz 3893ms (cache miss)
2760 http fetch GET 200 https://registry.npmjs.org/ansi-styles/-/ansi-styles-3.2.1.tgz 3769ms (cache miss)
2761 http fetch GET 200 https://registry.npmjs.org/@expo/config-types/-/config-types-54.0.10.tgz 3765ms (cache miss)
2762 http fetch GET 200 https://registry.npmjs.org/bplist-parser/-/bplist-parser-0.3.1.tgz 3927ms (cache miss)
2763 http fetch GET 200 https://registry.npmjs.org/arg/-/arg-5.0.2.tgz 3850ms (cache miss)
2764 http fetch GET 200 https://registry.npmjs.org/require-from-string/-/require-from-string-2.0.2.tgz 3828ms (cache miss)
2765 http fetch GET 200 https://registry.npmjs.org/@babel/code-frame/-/code-frame-7.10.4.tgz 3864ms (cache miss)
2766 http fetch GET 200 https://registry.npmjs.org/getenv/-/getenv-2.0.0.tgz 3872ms (cache miss)
2767 http fetch GET 200 https://registry.npmjs.org/slugify/-/slugify-1.6.9.tgz 3876ms (cache miss)
2768 http fetch GET 200 https://registry.npmjs.org/@expo/sdk-runtime-versions/-/sdk-runtime-versions-1.0.0.tgz 3897ms (cache miss)
2769 http fetch GET 200 https://registry.npmjs.org/@babel/highlight/-/highlight-7.25.9.tgz 3928ms (cache miss)
2770 http fetch GET 200 https://registry.npmjs.org/@expo/json-file/-/json-file-10.0.13.tgz 3940ms (cache miss)
2771 http fetch GET 200 https://registry.npmjs.org/isexe/-/isexe-2.0.0.tgz 4133ms (cache miss)
2772 http fetch GET 200 https://registry.npmjs.org/color-convert/-/color-convert-1.9.3.tgz 4085ms (cache miss)
2773 http fetch GET 200 https://registry.npmjs.org/p-limit/-/p-limit-3.1.0.tgz 4081ms (cache miss)
2774 http fetch GET 200 https://registry.npmjs.org/whatwg-fetch/-/whatwg-fetch-3.6.20.tgz 4158ms (cache miss)
2775 http fetch GET 200 https://registry.npmjs.org/yallist/-/yallist-3.1.1.tgz 4230ms (cache miss)
2776 http fetch GET 200 https://registry.npmjs.org/resolve-workspace-root/-/resolve-workspace-root-2.0.1.tgz 4272ms (cache miss)
2777 http fetch GET 200 https://registry.npmjs.org/unicode-property-aliases-ecmascript/-/unicode-property-aliases-ecmascript-2.2.0.tgz 4220ms (cache miss)
2778 http fetch GET 200 https://registry.npmjs.org/unpipe/-/unpipe-1.0.0.tgz 4223ms (cache miss)
2779 http fetch GET 200 https://registry.npmjs.org/@expo/env/-/env-2.0.11.tgz 4328ms (cache miss)
2780 http fetch GET 200 https://registry.npmjs.org/chalk/-/chalk-2.4.2.tgz 4306ms (cache miss)
2781 http fetch GET 200 https://registry.npmjs.org/whatwg-url/-/whatwg-url-5.0.0.tgz 4256ms (cache miss)
2782 http fetch GET 200 https://registry.npmjs.org/wrappy/-/wrappy-1.0.2.tgz 4256ms (cache miss)
2783 http fetch GET 200 https://registry.npmjs.org/webidl-conversions/-/webidl-conversions-5.0.0.tgz 4260ms (cache miss)
2784 http fetch GET 200 https://registry.npmjs.org/warn-once/-/warn-once-0.1.1.tgz 4258ms (cache miss)
2785 http fetch GET 200 https://registry.npmjs.org/write-file-atomic/-/write-file-atomic-4.0.2.tgz 4271ms (cache miss)
2786 http fetch GET 200 https://registry.npmjs.org/use-latest-callback/-/use-latest-callback-0.2.6.tgz 4254ms (cache miss)
2787 http fetch GET 200 https://registry.npmjs.org/unicode-match-property-ecmascript/-/unicode-match-property-ecmascript-2.0.0.tgz 4256ms (cache miss)
2788 http fetch GET 200 https://registry.npmjs.org/unicode-match-property-value-ecmascript/-/unicode-match-property-value-ecmascript-2.2.1.tgz 4255ms (cache miss)
2789 http fetch GET 200 https://registry.npmjs.org/@expo/spawn-async/-/spawn-async-1.7.2.tgz 4357ms (cache miss)
2790 http fetch GET 200 https://registry.npmjs.org/vlq/-/vlq-1.0.1.tgz 4287ms (cache miss)
2791 http fetch GET 200 https://registry.npmjs.org/toidentifier/-/toidentifier-1.0.1.tgz 4270ms (cache miss)
2792 http fetch GET 200 https://registry.npmjs.org/utils-merge/-/utils-merge-1.0.1.tgz 4292ms (cache miss)
2793 http fetch GET 200 https://registry.npmjs.org/tinyglobby/-/tinyglobby-0.2.15.tgz 4270ms (cache miss)
2794 http fetch GET 200 https://registry.npmjs.org/use-sync-external-store/-/use-sync-external-store-1.6.0.tgz 4296ms (cache miss)
2795 http fetch GET 200 https://registry.npmjs.org/throat/-/throat-5.0.0.tgz 4276ms (cache miss)
2796 http fetch GET 200 https://registry.npmjs.org/y18n/-/y18n-5.0.8.tgz 4333ms (cache miss)
2797 http fetch GET 200 https://registry.npmjs.org/update-browserslist-db/-/update-browserslist-db-1.2.3.tgz 4330ms (cache miss)
2798 http fetch GET 200 https://registry.npmjs.org/walker/-/walker-1.0.8.tgz 4343ms (cache miss)
2799 http fetch GET 200 https://registry.npmjs.org/type-fest/-/type-fest-0.7.1.tgz 4324ms (cache miss)
2800 http fetch GET 200 https://registry.npmjs.org/type-detect/-/type-detect-4.0.8.tgz 4324ms (cache miss)
2801 http fetch GET 200 https://registry.npmjs.org/styleq/-/styleq-0.1.3.tgz 4307ms (cache miss)
2802 http fetch GET 200 https://registry.npmjs.org/strip-ansi/-/strip-ansi-6.0.1.tgz 4300ms (cache miss)
2803 http fetch GET 200 https://registry.npmjs.org/string-width/-/string-width-4.2.3.tgz 4307ms (cache miss)
2804 http fetch GET 200 https://registry.npmjs.org/strict-uri-encode/-/strict-uri-encode-2.0.0.tgz 4307ms (cache miss)
2805 http fetch GET 200 https://registry.npmjs.org/stackframe/-/stackframe-1.3.4.tgz 4300ms (cache miss)
2806 http fetch GET 200 https://registry.npmjs.org/wrap-ansi/-/wrap-ansi-7.0.0.tgz 4387ms (cache miss)
2807 http fetch GET 200 https://registry.npmjs.org/tmpl/-/tmpl-1.0.5.tgz 4354ms (cache miss)
2808 http fetch GET 200 https://registry.npmjs.org/to-regex-range/-/to-regex-range-5.0.1.tgz 4349ms (cache miss)
2809 http fetch GET 200 https://registry.npmjs.org/supports-preserve-symlinks-flag/-/supports-preserve-symlinks-flag-1.0.0.tgz 4342ms (cache miss)
2810 http fetch GET 200 https://registry.npmjs.org/statuses/-/statuses-1.5.0.tgz 4329ms (cache miss)
2811 http fetch GET 200 https://registry.npmjs.org/stack-utils/-/stack-utils-2.0.6.tgz 4327ms (cache miss)
2812 http fetch GET 200 https://registry.npmjs.org/slash/-/slash-3.0.0.tgz 4323ms (cache miss)
2813 http fetch GET 200 https://registry.npmjs.org/unicode-canonical-property-names-ecmascript/-/unicode-canonical-property-names-ecmascript-2.0.1.tgz 4401ms (cache miss)
2814 http fetch GET 200 https://registry.npmjs.org/stacktrace-parser/-/stacktrace-parser-0.1.11.tgz 4372ms (cache miss)
2815 http fetch GET 200 https://registry.npmjs.org/signal-exit/-/signal-exit-3.0.7.tgz 4355ms (cache miss)
2816 http fetch GET 200 https://registry.npmjs.org/shell-quote/-/shell-quote-1.8.3.tgz 4357ms (cache miss)
2817 http fetch GET 200 https://registry.npmjs.org/split-on-first/-/split-on-first-1.1.0.tgz 4350ms (cache miss)
2818 http fetch GET 200 https://registry.npmjs.org/test-exclude/-/test-exclude-6.0.0.tgz 4421ms (cache miss)
2819 http fetch GET 200 https://registry.npmjs.org/simple-swizzle/-/simple-swizzle-0.2.4.tgz 4395ms (cache miss)
2820 http fetch GET 200 https://registry.npmjs.org/sprintf-js/-/sprintf-js-1.0.3.tgz 4402ms (cache miss)
2821 http fetch GET 200 https://registry.npmjs.org/setimmediate/-/setimmediate-1.0.5.tgz 4378ms (cache miss)
2822 http fetch GET 200 https://registry.npmjs.org/resolve-from/-/resolve-from-5.0.0.tgz 4375ms (cache miss)
2823 http fetch GET 200 https://registry.npmjs.org/send/-/send-0.19.2.tgz 4406ms (cache miss)
2824 http fetch GET 200 https://registry.npmjs.org/serialize-error/-/serialize-error-2.1.0.tgz 4411ms (cache miss)
2825 http fetch GET 200 https://registry.npmjs.org/serve-static/-/serve-static-1.16.3.tgz 4413ms (cache miss)
2826 http fetch GET 200 https://registry.npmjs.org/regenerate/-/regenerate-1.4.2.tgz 4387ms (cache miss)
2827 http fetch GET 200 https://registry.npmjs.org/mz/-/mz-2.7.0.tgz 4628ms (cache miss)
2828 http fetch GET 200 https://registry.npmjs.org/regjsgen/-/regjsgen-0.8.0.tgz 4418ms (cache miss)
2829 http fetch GET 200 https://registry.npmjs.org/dotenv-expand/-/dotenv-expand-11.0.7.tgz 4600ms (cache miss)
2830 http fetch GET 200 https://registry.npmjs.org/commander/-/commander-7.2.0.tgz 4648ms (cache miss)
2831 http fetch GET 200 https://registry.npmjs.org/setprototypeof/-/setprototypeof-1.2.0.tgz 4481ms (cache miss)
2832 http fetch GET 200 https://registry.npmjs.org/react-refresh/-/react-refresh-0.14.2.tgz 4492ms (cache miss)
2833 http fetch GET 200 https://registry.npmjs.org/queue/-/queue-6.0.2.tgz 4500ms (cache miss)
2834 http fetch GET 200 https://registry.npmjs.org/regenerator-runtime/-/regenerator-runtime-0.13.11.tgz 4535ms (cache miss)
2835 http fetch GET 200 https://registry.npmjs.org/@0no-co/graphql.web/-/graphql.web-1.2.0.tgz 4849ms (cache miss)
2836 http fetch GET 200 https://registry.npmjs.org/react-is/-/react-is-18.3.1.tgz 4601ms (cache miss)
2837 http fetch GET 200 https://registry.npmjs.org/jimp-compact/-/jimp-compact-0.16.1.tgz 4836ms (cache miss)
2838 http fetch GET 200 https://registry.npmjs.org/rimraf/-/rimraf-3.0.2.tgz 4643ms (cache miss)
2839 http fetch GET 200 https://registry.npmjs.org/pretty-format/-/pretty-format-29.7.0.tgz 4590ms (cache miss)
2840 http fetch GET 200 https://registry.npmjs.org/punycode/-/punycode-2.3.1.tgz 4594ms (cache miss)
2841 http fetch GET 200 https://registry.npmjs.org/postcss-value-parser/-/postcss-value-parser-4.2.0.tgz 4628ms (cache miss)
2842 http fetch GET 200 https://registry.npmjs.org/pirates/-/pirates-4.0.7.tgz 4657ms (cache miss)
2843 http fetch GET 200 https://registry.npmjs.org/cross-spawn/-/cross-spawn-7.0.6.tgz 4910ms (cache miss)
2844 http fetch GET 200 https://registry.npmjs.org/picocolors/-/picocolors-1.1.1.tgz 4680ms (cache miss)
2845 warn deprecated rimraf@3.0.2: Rimraf versions prior to v4 are no longer supported
2846 http fetch GET 200 https://registry.npmjs.org/@urql/exchange-retry/-/exchange-retry-1.3.2.tgz 5024ms (cache miss)
2847 http fetch GET 200 https://registry.npmjs.org/path-parse/-/path-parse-1.0.7.tgz 4700ms (cache miss)
2848 http fetch GET 200 https://registry.npmjs.org/query-string/-/query-string-7.1.3.tgz 4725ms (cache miss)
2849 http fetch GET 200 https://registry.npmjs.org/ts-interface-checker/-/ts-interface-checker-0.1.13.tgz 5021ms (cache miss)
2850 http fetch GET 200 https://registry.npmjs.org/path-exists/-/path-exists-4.0.0.tgz 4790ms (cache miss)
2851 http fetch GET 200 https://registry.npmjs.org/require-directory/-/require-directory-2.1.1.tgz 4887ms (cache miss)
2852 http fetch GET 200 https://registry.npmjs.org/regjsparser/-/regjsparser-0.13.0.tgz 4895ms (cache miss)
2853 http fetch GET 200 https://registry.npmjs.org/on-finished/-/on-finished-2.3.0.tgz 4826ms (cache miss)
2854 http fetch GET 200 https://registry.npmjs.org/open/-/open-7.4.2.tgz 4824ms (cache miss)
2855 http fetch GET 200 https://registry.npmjs.org/path-is-absolute/-/path-is-absolute-1.0.1.tgz 4838ms (cache miss)
2856 http fetch GET 200 https://registry.npmjs.org/object-assign/-/object-assign-4.1.1.tgz 4823ms (cache miss)
2857 http fetch GET 200 https://registry.npmjs.org/source-map-support/-/source-map-support-0.5.21.tgz 4970ms (cache miss)
2858 http fetch GET 200 https://registry.npmjs.org/requireg/-/requireg-0.2.2.tgz 5237ms (cache miss)
2859 http fetch GET 200 https://registry.npmjs.org/p-try/-/p-try-2.2.0.tgz 4885ms (cache miss)
2860 http fetch GET 200 https://registry.npmjs.org/normalize-path/-/normalize-path-3.0.0.tgz 4869ms (cache miss)
2861 http fetch GET 200 https://registry.npmjs.org/ob1/-/ob1-0.83.3.tgz 4868ms (cache miss)
2862 http fetch GET 200 https://registry.npmjs.org/once/-/once-1.4.0.tgz 4885ms (cache miss)
2863 http fetch GET 200 https://registry.npmjs.org/node-int64/-/node-int64-0.4.0.tgz 4913ms (cache miss)
2864 http fetch GET 200 https://registry.npmjs.org/node-releases/-/node-releases-2.0.36.tgz 4917ms (cache miss)
2865 http fetch GET 200 https://registry.npmjs.org/parseurl/-/parseurl-1.3.3.tgz 4946ms (cache miss)
2866 http fetch GET 200 https://registry.npmjs.org/dotenv/-/dotenv-16.4.7.tgz 5204ms (cache miss)
2867 http fetch GET 200 https://registry.npmjs.org/nullthrows/-/nullthrows-1.1.1.tgz 4963ms (cache miss)
2868 http fetch GET 200 https://registry.npmjs.org/ms/-/ms-2.1.3.tgz 4970ms (cache miss)
2869 http fetch GET 200 https://registry.npmjs.org/range-parser/-/range-parser-1.2.1.tgz 4970ms (cache miss)
2870 http fetch GET 200 https://registry.npmjs.org/p-locate/-/p-locate-4.1.0.tgz 5013ms (cache miss)
2871 http fetch GET 200 https://registry.npmjs.org/nanoid/-/nanoid-3.3.11.tgz 5000ms (cache miss)
2872 http fetch GET 200 https://registry.npmjs.org/mime-types/-/mime-types-2.1.35.tgz 5028ms (cache miss)
2873 http fetch GET 200 https://registry.npmjs.org/deepmerge/-/deepmerge-4.3.1.tgz 5298ms (cache miss)
2874 http fetch GET 200 https://registry.npmjs.org/big-integer/-/big-integer-1.6.52.tgz 5415ms (cache miss)
2875 http fetch GET 200 https://registry.npmjs.org/metro-cache-key/-/metro-cache-key-0.83.3.tgz 5035ms (cache miss)
2876 http fetch GET 200 https://registry.npmjs.org/metro-babel-transformer/-/metro-babel-transformer-0.83.3.tgz 5072ms (cache miss)
2877 http fetch GET 200 https://registry.npmjs.org/metro-minify-terser/-/metro-minify-terser-0.83.3.tgz 5109ms (cache miss)
2878 http fetch GET 200 https://registry.npmjs.org/makeerror/-/makeerror-1.0.12.tgz 5092ms (cache miss)
2879 http fetch GET 200 https://registry.npmjs.org/marky/-/marky-1.3.0.tgz 5096ms (cache miss)
2880 http fetch GET 200 https://registry.npmjs.org/metro-transform-worker/-/metro-transform-worker-0.83.3.tgz 5161ms (cache miss)
2881 http fetch GET 200 https://registry.npmjs.org/merge-stream/-/merge-stream-2.0.0.tgz 5145ms (cache miss)
2882 http fetch GET 200 https://registry.npmjs.org/lodash.throttle/-/lodash.throttle-4.1.1.tgz 5133ms (cache miss)
2883 http fetch GET 200 https://registry.npmjs.org/micromatch/-/micromatch-4.0.8.tgz 5167ms (cache miss)
2884 http fetch GET 200 https://registry.npmjs.org/lighthouse-logger/-/lighthouse-logger-1.4.2.tgz 5133ms (cache miss)
2885 http fetch GET 200 https://registry.npmjs.org/loose-envify/-/loose-envify-1.4.0.tgz 5132ms (cache miss)
2886 http fetch GET 200 https://registry.npmjs.org/lodash.debounce/-/lodash.debounce-4.0.8.tgz 5131ms (cache miss)
2887 http fetch GET 200 https://registry.npmjs.org/locate-path/-/locate-path-5.0.0.tgz 5130ms (cache miss)
2888 http fetch GET 200 https://registry.npmjs.org/sf-symbols-typescript/-/sf-symbols-typescript-2.2.0.tgz 5350ms (cache miss)
2889 http fetch GET 200 https://registry.npmjs.org/jsc-safe-url/-/jsc-safe-url-0.2.4.tgz 5169ms (cache miss)
2890 http fetch GET 200 https://registry.npmjs.org/leven/-/leven-3.1.0.tgz 5174ms (cache miss)
2891 http fetch GET 200 https://registry.npmjs.org/lru-cache/-/lru-cache-5.1.1.tgz 5189ms (cache miss)
2892 http fetch GET 200 https://registry.npmjs.org/memoize-one/-/memoize-one-5.2.1.tgz 5196ms (cache miss)
2893 http fetch GET 200 https://registry.npmjs.org/ua-parser-js/-/ua-parser-js-1.0.41.tgz 5519ms (cache miss)
2894 http fetch GET 200 https://registry.npmjs.org/tr46/-/tr46-0.0.3.tgz 5569ms (cache miss)
2895 http fetch GET 200 https://registry.npmjs.org/jest-validate/-/jest-validate-29.7.0.tgz 5372ms (cache miss)
2896 http fetch GET 200 https://registry.npmjs.org/jest-get-type/-/jest-get-type-29.6.3.tgz 5413ms (cache miss)
2897 http fetch GET 200 https://registry.npmjs.org/is-wsl/-/is-wsl-2.2.0.tgz 5408ms (cache miss)
2898 http fetch GET 200 https://registry.npmjs.org/js-tokens/-/js-tokens-4.0.0.tgz 5437ms (cache miss)
2899 http fetch GET 200 https://registry.npmjs.org/is-docker/-/is-docker-2.2.1.tgz 5452ms (cache miss)
2900 http fetch GET 200 https://registry.npmjs.org/jest-regex-util/-/jest-regex-util-29.6.3.tgz 5470ms (cache miss)
2901 http fetch GET 200 https://registry.npmjs.org/is-fullwidth-code-point/-/is-fullwidth-code-point-3.0.0.tgz 5456ms (cache miss)
2902 http fetch GET 200 https://registry.npmjs.org/invariant/-/invariant-2.2.4.tgz 5451ms (cache miss)
2903 http fetch GET 200 https://registry.npmjs.org/bplist-creator/-/bplist-creator-0.1.0.tgz 5890ms (cache miss)
2904 http fetch GET 200 https://registry.npmjs.org/jest-environment-node/-/jest-environment-node-29.7.0.tgz 5499ms (cache miss)
2905 http fetch GET 200 https://registry.npmjs.org/https-proxy-agent/-/https-proxy-agent-7.0.6.tgz 5490ms (cache miss)
2906 http fetch GET 200 https://registry.npmjs.org/is-arrayish/-/is-arrayish-0.3.4.tgz 5543ms (cache miss)
2907 http fetch GET 200 https://registry.npmjs.org/is-number/-/is-number-7.0.0.tgz 5547ms (cache miss)
2908 http fetch GET 200 https://registry.npmjs.org/imurmurhash/-/imurmurhash-0.1.4.tgz 5528ms (cache miss)
2909 http fetch GET 200 https://registry.npmjs.org/@expo/plist/-/plist-0.4.8.tgz 5900ms (cache miss)
2910 http fetch GET 200 https://registry.npmjs.org/hoist-non-react-statics/-/hoist-non-react-statics-3.3.2.tgz 5531ms (cache miss)
2911 http fetch GET 200 https://registry.npmjs.org/http-errors/-/http-errors-2.0.1.tgz 5531ms (cache miss)
2912 http fetch GET 200 https://registry.npmjs.org/hyphenate-style-name/-/hyphenate-style-name-1.1.0.tgz 5579ms (cache miss)
2913 http fetch GET 200 https://registry.npmjs.org/inherits/-/inherits-2.0.4.tgz 5588ms (cache miss)
2914 http fetch GET 200 https://registry.npmjs.org/get-caller-file/-/get-caller-file-2.0.5.tgz 5567ms (cache miss)
2915 http fetch GET 200 https://registry.npmjs.org/inflight/-/inflight-1.0.6.tgz 5638ms (cache miss)
2916 warn deprecated inflight@1.0.6: This module is not supported, and leaks memory. Do not use it. Check out lru-cache if you want a good and tested way to coalesce async requests by a key value, which is much more comprehensive and powerful.
2917 http fetch GET 200 https://registry.npmjs.org/ieee754/-/ieee754-1.2.1.tgz 5633ms (cache miss)
2918 http fetch GET 200 https://registry.npmjs.org/hasown/-/hasown-2.0.2.tgz 5632ms (cache miss)
2919 http fetch GET 200 https://registry.npmjs.org/function-bind/-/function-bind-1.1.2.tgz 5666ms (cache miss)
2920 http fetch GET 200 https://registry.npmjs.org/lan-network/-/lan-network-0.2.1.tgz 6245ms (cache miss)
2921 http fetch GET 200 https://registry.npmjs.org/fresh/-/fresh-0.5.2.tgz 5723ms (cache miss)
2922 http fetch GET 200 https://registry.npmjs.org/get-package-type/-/get-package-type-0.1.0.tgz 5736ms (cache miss)
2923 http fetch GET 200 https://registry.npmjs.org/better-opn/-/better-opn-3.0.2.tgz 6245ms (cache miss)
2924 http fetch GET 200 https://registry.npmjs.org/react-freeze/-/react-freeze-1.0.4.tgz 5941ms (cache miss)
2925 http fetch GET 200 https://registry.npmjs.org/jsesc/-/jsesc-3.1.0.tgz 5810ms (cache miss)
2926 http fetch GET 200 https://registry.npmjs.org/fs.realpath/-/fs.realpath-1.0.0.tgz 5737ms (cache miss)
2927 http fetch GET 200 https://registry.npmjs.org/fontfaceobserver/-/fontfaceobserver-2.3.0.tgz 5731ms (cache miss)
2928 http fetch GET 200 https://registry.npmjs.org/finalhandler/-/finalhandler-1.1.2.tgz 5731ms (cache miss)
2929 http fetch GET 200 https://registry.npmjs.org/find-up/-/find-up-4.1.0.tgz 5729ms (cache miss)
2930 http fetch GET 200 https://registry.npmjs.org/gensync/-/gensync-1.0.0-beta.2.tgz 5781ms (cache miss)
2931 http fetch GET 200 https://registry.npmjs.org/jest-message-util/-/jest-message-util-29.7.0.tgz 5869ms (cache miss)
2932 http fetch GET 200 https://registry.npmjs.org/expo-status-bar/-/expo-status-bar-3.0.9.tgz 5804ms (cache miss)
2933 http fetch GET 200 https://registry.npmjs.org/filter-obj/-/filter-obj-1.1.0.tgz 5817ms (cache miss)
2934 http fetch GET 200 https://registry.npmjs.org/etag/-/etag-1.8.1.tgz 5803ms (cache miss)
2935 http fetch GET 200 https://registry.npmjs.org/flow-enums-runtime/-/flow-enums-runtime-0.0.6.tgz 5841ms (cache miss)
2936 http fetch GET 200 https://registry.npmjs.org/jest-mock/-/jest-mock-29.7.0.tgz 5907ms (cache miss)
2937 http fetch GET 200 https://registry.npmjs.org/mime-db/-/mime-db-1.52.0.tgz 5981ms (cache miss)
2938 http fetch GET 200 https://registry.npmjs.org/@xmldom/xmldom/-/xmldom-0.8.13.tgz 6280ms (cache miss)
2939 http fetch GET 200 https://registry.npmjs.org/fill-range/-/fill-range-7.1.1.tgz 5844ms (cache miss)
2940 http fetch GET 200 https://registry.npmjs.org/fb-watchman/-/fb-watchman-2.0.2.tgz 5838ms (cache miss)
2941 http fetch GET 200 https://registry.npmjs.org/fast-json-stable-stringify/-/fast-json-stable-stringify-2.1.0.tgz 5828ms (cache miss)
2942 http fetch GET 200 https://registry.npmjs.org/fbjs-css-vars/-/fbjs-css-vars-1.0.2.tgz 5882ms (cache miss)
2943 http fetch GET 200 https://registry.npmjs.org/ee-first/-/ee-first-1.1.1.tgz 5865ms (cache miss)
2944 http fetch GET 200 https://registry.npmjs.org/depd/-/depd-2.0.0.tgz 5860ms (cache miss)
2945 http fetch GET 200 https://registry.npmjs.org/encodeurl/-/encodeurl-1.0.2.tgz 5870ms (cache miss)
2946 http fetch GET 200 https://registry.npmjs.org/escape-html/-/escape-html-1.0.3.tgz 5868ms (cache miss)
2947 http fetch GET 200 https://registry.npmjs.org/emoji-regex/-/emoji-regex-8.0.0.tgz 5859ms (cache miss)
2948 http fetch GET 200 https://registry.npmjs.org/fast-deep-equal/-/fast-deep-equal-3.1.3.tgz 5908ms (cache miss)
2949 http fetch GET 200 https://registry.npmjs.org/decode-uri-component/-/decode-uri-component-0.2.2.tgz 5888ms (cache miss)
2950 http fetch GET 200 https://registry.npmjs.org/destroy/-/destroy-1.2.0.tgz 5877ms (cache miss)
2951 http fetch GET 200 https://registry.npmjs.org/concat-map/-/concat-map-0.0.1.tgz 5881ms (cache miss)
2952 http fetch GET 200 https://registry.npmjs.org/color-name/-/color-name-1.1.3.tgz 5876ms (cache miss)
2953 http fetch GET 200 https://registry.npmjs.org/color/-/color-4.2.3.tgz 5883ms (cache miss)
2954 http fetch GET 200 https://registry.npmjs.org/regexpu-core/-/regexpu-core-6.4.0.tgz 6205ms (cache miss)
2955 http fetch GET 200 https://registry.npmjs.org/color-string/-/color-string-1.9.1.tgz 5916ms (cache miss)
2956 http fetch GET 200 https://registry.npmjs.org/ci-info/-/ci-info-2.0.0.tgz 5918ms (cache miss)
2957 http fetch GET 200 https://registry.npmjs.org/camelcase/-/camelcase-6.3.0.tgz 5914ms (cache miss)
2958 http fetch GET 200 https://registry.npmjs.org/convert-source-map/-/convert-source-map-2.0.0.tgz 5938ms (cache miss)
2959 http fetch GET 200 https://registry.npmjs.org/node-fetch/-/node-fetch-2.7.0.tgz 6193ms (cache miss)
2960 http fetch GET 200 https://registry.npmjs.org/braces/-/braces-3.0.3.tgz 5965ms (cache miss)
2961 http fetch GET 200 https://registry.npmjs.org/bser/-/bser-2.1.1.tgz 5992ms (cache miss)
2962 http fetch GET 200 https://registry.npmjs.org/graceful-fs/-/graceful-fs-4.2.11.tgz 6162ms (cache miss)
2963 http fetch GET 200 https://registry.npmjs.org/base64-js/-/base64-js-1.5.1.tgz 6066ms (cache miss)
2964 http fetch GET 200 https://registry.npmjs.org/babel-preset-current-node-syntax/-/babel-preset-current-node-syntax-1.2.0.tgz 6062ms (cache miss)
2965 http fetch GET 200 https://registry.npmjs.org/balanced-match/-/balanced-match-1.0.2.tgz 6065ms (cache miss)
2966 http fetch GET 200 https://registry.npmjs.org/babel-plugin-transform-flow-enums/-/babel-plugin-transform-flow-enums-0.0.2.tgz 6060ms (cache miss)
2967 http fetch GET 200 https://registry.npmjs.org/babel-plugin-react-native-web/-/babel-plugin-react-native-web-0.21.2.tgz 6060ms (cache miss)
2968 http fetch GET 200 https://registry.npmjs.org/negotiator/-/negotiator-0.6.3.tgz 6410ms (cache miss)
2969 http fetch GET 200 https://registry.npmjs.org/cliui/-/cliui-8.0.1.tgz 6192ms (cache miss)
2970 http fetch GET 200 https://registry.npmjs.org/buffer-from/-/buffer-from-1.1.2.tgz 6185ms (cache miss)
2971 http fetch GET 200 https://registry.npmjs.org/babel-plugin-syntax-hermes-parser/-/babel-plugin-syntax-hermes-parser-0.29.1.tgz 6164ms (cache miss)
2972 http fetch GET 200 https://registry.npmjs.org/babel-jest/-/babel-jest-29.7.0.tgz 6151ms (cache miss)
2973 http fetch GET 200 https://registry.npmjs.org/babel-plugin-polyfill-regenerator/-/babel-plugin-polyfill-regenerator-0.6.8.tgz 6163ms (cache miss)
2974 http fetch GET 200 https://registry.npmjs.org/picomatch/-/picomatch-2.3.2.tgz 6596ms (cache miss)
2975 http fetch GET 200 https://registry.npmjs.org/babel-preset-jest/-/babel-preset-jest-29.6.3.tgz 6320ms (cache miss)
2976 http fetch GET 200 https://registry.npmjs.org/@expo/schema-utils/-/schema-utils-0.1.8.tgz 6973ms (cache miss)
2977 http fetch GET 200 https://registry.npmjs.org/xcode/-/xcode-3.0.1.tgz 6871ms (cache miss)
2978 http fetch GET 200 https://registry.npmjs.org/ansi-regex/-/ansi-regex-5.0.1.tgz 6356ms (cache miss)
2979 http fetch GET 200 https://registry.npmjs.org/agent-base/-/agent-base-7.1.4.tgz 6355ms (cache miss)
2980 http fetch GET 200 https://registry.npmjs.org/async-limiter/-/async-limiter-1.0.1.tgz 6367ms (cache miss)
2981 http fetch GET 200 https://registry.npmjs.org/mime/-/mime-1.6.0.tgz 6644ms (cache miss)
2982 http fetch GET 200 https://registry.npmjs.org/@types/yargs-parser/-/yargs-parser-21.0.3.tgz 6395ms (cache miss)
2983 http fetch GET 200 https://registry.npmjs.org/accepts/-/accepts-1.3.8.tgz 6405ms (cache miss)
2984 http fetch GET 200 https://registry.npmjs.org/@isaacs/fs-minipass/-/fs-minipass-4.0.1.tgz 7147ms (cache miss)
2985 http fetch GET 200 https://registry.npmjs.org/babel-plugin-jest-hoist/-/babel-plugin-jest-hoist-29.6.3.tgz 6437ms (cache miss)
2986 http fetch GET 200 https://registry.npmjs.org/whatwg-url-without-unicode/-/whatwg-url-without-unicode-8.0.0-3.tgz 6920ms (cache miss)
2987 http fetch GET 200 https://registry.npmjs.org/anymatch/-/anymatch-3.1.3.tgz 6455ms (cache miss)
2988 http fetch GET 200 https://registry.npmjs.org/@types/istanbul-lib-coverage/-/istanbul-lib-coverage-2.0.6.tgz 6432ms (cache miss)
2989 http fetch GET 200 https://registry.npmjs.org/@types/istanbul-reports/-/istanbul-reports-3.0.4.tgz 6436ms (cache miss)
2990 http fetch GET 200 https://registry.npmjs.org/@types/stack-utils/-/stack-utils-2.0.3.tgz 6441ms (cache miss)
2991 http fetch GET 200 https://registry.npmjs.org/@types/babel__template/-/babel__template-7.4.4.tgz 6422ms (cache miss)
2992 http fetch GET 200 https://registry.npmjs.org/@types/istanbul-lib-report/-/istanbul-lib-report-3.0.3.tgz 6439ms (cache miss)
2993 http fetch GET 200 https://registry.npmjs.org/@types/graceful-fs/-/graceful-fs-4.1.9.tgz 6430ms (cache miss)
2994 http fetch GET 200 https://registry.npmjs.org/@sinonjs/commons/-/commons-3.0.1.tgz 6447ms (cache miss)
2995 http fetch GET 200 https://registry.npmjs.org/yargs-parser/-/yargs-parser-21.1.1.tgz 6991ms (cache miss)
2996 http fetch GET 200 https://registry.npmjs.org/@types/hammerjs/-/hammerjs-2.0.46.tgz 6487ms (cache miss)
2997 http fetch GET 200 https://registry.npmjs.org/@types/babel__generator/-/babel__generator-7.27.0.tgz 6469ms (cache miss)
2998 http fetch GET 200 https://registry.npmjs.org/@types/babel__core/-/babel__core-7.20.5.tgz 6474ms (cache miss)
2999 http fetch GET 200 https://registry.npmjs.org/connect/-/connect-3.7.0.tgz 6630ms (cache miss)
3000 http fetch GET 200 https://registry.npmjs.org/@react-native/babel-preset/-/babel-preset-0.81.5.tgz 6481ms (cache miss)
3001 http fetch GET 200 https://registry.npmjs.org/@types/babel__traverse/-/babel__traverse-7.28.0.tgz 6580ms (cache miss)
3002 http fetch GET 200 https://registry.npmjs.org/anser/-/anser-1.4.10.tgz 6614ms (cache miss)
3003 http fetch GET 200 https://registry.npmjs.org/@sinonjs/fake-timers/-/fake-timers-10.3.0.tgz 6584ms (cache miss)
3004 http fetch GET 200 https://registry.npmjs.org/buffer/-/buffer-5.7.1.tgz 6674ms (cache miss)
3005 http fetch GET 200 https://registry.npmjs.org/@react-native/metro-config/-/metro-config-0.84.1.tgz 6553ms (cache miss)
3006 http fetch GET 200 https://registry.npmjs.org/@react-native/normalize-colors/-/normalize-colors-0.81.5.tgz 6555ms (cache miss)
3007 http fetch GET 200 https://registry.npmjs.org/@react-native/metro-babel-transformer/-/metro-babel-transformer-0.84.1.tgz 6547ms (cache miss)
3008 http fetch GET 200 https://registry.npmjs.org/react-native-is-edge-to-edge/-/react-native-is-edge-to-edge-1.3.1.tgz 7001ms (cache miss)
3009 http fetch GET 200 https://registry.npmjs.org/babel-plugin-istanbul/-/babel-plugin-istanbul-6.1.1.tgz 6667ms (cache miss)
3010 http fetch GET 200 https://registry.npmjs.org/is-core-module/-/is-core-module-2.16.1.tgz 6796ms (cache miss)
3011 http fetch GET 200 https://registry.npmjs.org/@react-native/assets-registry/-/assets-registry-0.81.5.tgz 6566ms (cache miss)
3012 http fetch GET 200 https://registry.npmjs.org/@react-native/js-polyfills/-/js-polyfills-0.81.5.tgz 6591ms (cache miss)
3013 http fetch GET 200 https://registry.npmjs.org/@jridgewell/remapping/-/remapping-2.3.5.tgz 6564ms (cache miss)
3014 http fetch GET 200 https://registry.npmjs.org/@jest/schemas/-/schemas-29.6.3.tgz 6556ms (cache miss)
3015 http fetch GET 200 https://registry.npmjs.org/mkdirp/-/mkdirp-1.0.4.tgz 6983ms (cache miss)
3016 http fetch GET 200 https://registry.npmjs.org/debug/-/debug-4.4.3.tgz 6798ms (cache miss)
3017 http fetch GET 200 https://registry.npmjs.org/@istanbuljs/schema/-/schema-0.1.3.tgz 6592ms (cache miss)
3018 http fetch GET 200 https://registry.npmjs.org/@jest/environment/-/environment-29.7.0.tgz 6588ms (cache miss)
3019 http fetch GET 200 https://registry.npmjs.org/source-map-js/-/source-map-js-1.2.1.tgz 7341ms (cache miss)
3020 http fetch GET 200 https://registry.npmjs.org/@jridgewell/resolve-uri/-/resolve-uri-3.1.2.tgz 6635ms (cache miss)
3021 http fetch GET 200 https://registry.npmjs.org/@jest/create-cache-key-function/-/create-cache-key-function-29.7.0.tgz 6642ms (cache miss)
3022 http fetch GET 200 https://registry.npmjs.org/@babel/preset-typescript/-/preset-typescript-7.28.5.tgz 6638ms (cache miss)
3023 http fetch GET 200 https://registry.npmjs.org/istanbul-lib-coverage/-/istanbul-lib-coverage-3.2.2.tgz 6969ms (cache miss)
3024 http fetch GET 200 https://registry.npmjs.org/error-stack-parser/-/error-stack-parser-2.1.4.tgz 6885ms (cache miss)
3025 http fetch GET 200 https://registry.npmjs.org/@babel/preset-react/-/preset-react-7.28.5.tgz 6661ms (cache miss)
3026 http fetch GET 200 https://registry.npmjs.org/@isaacs/ttlcache/-/ttlcache-1.4.1.tgz 6677ms (cache miss)
3027 http fetch GET 200 https://registry.npmjs.org/@babel/plugin-transform-template-literals/-/plugin-transform-template-literals-7.27.1.tgz 6659ms (cache miss)
3028 http fetch GET 200 https://registry.npmjs.org/asap/-/asap-2.0.6.tgz 6820ms (cache miss)
3029 http fetch GET 200 https://registry.npmjs.org/scheduler/-/scheduler-0.26.0.tgz 7196ms (cache miss)
3030 http fetch GET 200 https://registry.npmjs.org/@babel/plugin-transform-spread/-/plugin-transform-spread-7.28.6.tgz 6683ms (cache miss)
3031 http fetch GET 200 https://registry.npmjs.org/@babel/plugin-transform-unicode-regex/-/plugin-transform-unicode-regex-7.27.1.tgz 6680ms (cache miss)
3032 http fetch GET 200 https://registry.npmjs.org/@babel/plugin-transform-shorthand-properties/-/plugin-transform-shorthand-properties-7.27.1.tgz 6683ms (cache miss)
3033 http fetch GET 200 https://registry.npmjs.org/@babel/plugin-transform-react-pure-annotations/-/plugin-transform-react-pure-annotations-7.27.1.tgz 6729ms (cache miss)
3034 http fetch GET 200 https://registry.npmjs.org/@babel/plugin-transform-sticky-regex/-/plugin-transform-sticky-regex-7.27.1.tgz 6730ms (cache miss)
3035 http fetch GET 200 https://registry.npmjs.org/@babel/plugin-transform-react-display-name/-/plugin-transform-react-display-name-7.28.0.tgz 6728ms (cache miss)
3036 http fetch GET 200 https://registry.npmjs.org/@babel/plugin-transform-react-jsx-self/-/plugin-transform-react-jsx-self-7.27.1.tgz 6742ms (cache miss)
3037 http fetch GET 200 https://registry.npmjs.org/istanbul-lib-instrument/-/istanbul-lib-instrument-5.2.1.tgz 7109ms (cache miss)
3038 http fetch GET 200 https://registry.npmjs.org/@istanbuljs/load-nyc-config/-/load-nyc-config-1.1.0.tgz 6795ms (cache miss)
3039 http fetch GET 200 https://registry.npmjs.org/@babel/plugin-transform-runtime/-/plugin-transform-runtime-7.29.0.tgz 6770ms (cache miss)
3040 http fetch GET 200 https://registry.npmjs.org/@babel/plugin-transform-private-methods/-/plugin-transform-private-methods-7.28.6.tgz 6756ms (cache miss)
3041 http fetch GET 200 https://registry.npmjs.org/@react-native/babel-plugin-codegen/-/babel-plugin-codegen-0.81.5.tgz 6759ms (cache miss)
3042 http fetch GET 200 https://registry.npmjs.org/@types/yargs/-/yargs-17.0.35.tgz 6925ms (cache miss)
3043 http fetch GET 200 https://registry.npmjs.org/@babel/plugin-transform-react-jsx-source/-/plugin-transform-react-jsx-source-7.27.1.tgz 6790ms (cache miss)
3044 http fetch GET 200 https://registry.npmjs.org/@babel/plugin-transform-private-property-in-object/-/plugin-transform-private-property-in-object-7.28.6.tgz 6799ms (cache miss)
3045 http fetch GET 200 https://registry.npmjs.org/@babel/plugin-transform-optional-catch-binding/-/plugin-transform-optional-catch-binding-7.28.6.tgz 6788ms (cache miss)
3046 http fetch GET 200 https://registry.npmjs.org/@babel/plugin-transform-nullish-coalescing-operator/-/plugin-transform-nullish-coalescing-operator-7.28.6.tgz 6810ms (cache miss)
3047 http fetch GET 200 https://registry.npmjs.org/@babel/plugin-transform-named-capturing-groups-regex/-/plugin-transform-named-capturing-groups-regex-7.29.0.tgz 6821ms (cache miss)
3048 http fetch GET 200 https://registry.npmjs.org/@babel/plugin-transform-literals/-/plugin-transform-literals-7.27.1.tgz 6823ms (cache miss)
3049 http fetch GET 200 https://registry.npmjs.org/@babel/plugin-transform-modules-commonjs/-/plugin-transform-modules-commonjs-7.28.6.tgz 6826ms (cache miss)
3050 http fetch GET 200 https://registry.npmjs.org/@babel/plugin-transform-optional-chaining/-/plugin-transform-optional-chaining-7.28.6.tgz 6843ms (cache miss)
3051 http fetch GET 200 https://registry.npmjs.org/@babel/plugin-transform-logical-assignment-operators/-/plugin-transform-logical-assignment-operators-7.28.6.tgz 6839ms (cache miss)
3052 http fetch GET 200 https://registry.npmjs.org/@babel/plugin-transform-numeric-separator/-/plugin-transform-numeric-separator-7.28.6.tgz 6861ms (cache miss)
3053 http fetch GET 200 https://registry.npmjs.org/@babel/plugin-transform-flow-strip-types/-/plugin-transform-flow-strip-types-7.27.1.tgz 6849ms (cache miss)
3054 http fetch GET 200 https://registry.npmjs.org/@babel/plugin-transform-function-name/-/plugin-transform-function-name-7.27.1.tgz 6862ms (cache miss)
3055 http fetch GET 200 https://registry.npmjs.org/ws/-/ws-7.5.10.tgz 7560ms (cache miss)
3056 http fetch GET 200 https://registry.npmjs.org/browserslist/-/browserslist-4.28.1.tgz 7142ms (cache miss)
3057 http fetch GET 200 https://registry.npmjs.org/@babel/plugin-transform-class-static-block/-/plugin-transform-class-static-block-7.28.6.tgz 6883ms (cache miss)
3058 http fetch GET 200 https://registry.npmjs.org/@babel/plugin-transform-export-namespace-from/-/plugin-transform-export-namespace-from-7.27.1.tgz 6896ms (cache miss)
3059 http fetch GET 200 https://registry.npmjs.org/@babel/plugin-transform-class-properties/-/plugin-transform-class-properties-7.28.6.tgz 6903ms (cache miss)
3060 http fetch GET 200 https://registry.npmjs.org/@babel/plugin-transform-async-generator-functions/-/plugin-transform-async-generator-functions-7.29.0.tgz 6904ms (cache miss)
3061 http fetch GET 200 https://registry.npmjs.org/@babel/plugin-transform-computed-properties/-/plugin-transform-computed-properties-7.28.6.tgz 6902ms (cache miss)
3062 http fetch GET 200 https://registry.npmjs.org/@babel/plugin-transform-for-of/-/plugin-transform-for-of-7.27.1.tgz 6908ms (cache miss)
3063 http fetch GET 200 https://registry.npmjs.org/@babel/plugin-syntax-private-property-in-object/-/plugin-syntax-private-property-in-object-7.14.5.tgz 6900ms (cache miss)
3064 http fetch GET 200 https://registry.npmjs.org/esprima/-/esprima-4.0.1.tgz 7229ms (cache miss)
3065 http fetch GET 200 https://registry.npmjs.org/@babel/plugin-transform-react-jsx-development/-/plugin-transform-react-jsx-development-7.27.1.tgz 6980ms (cache miss)
3066 http fetch GET 200 https://registry.npmjs.org/@babel/plugin-syntax-optional-chaining/-/plugin-syntax-optional-chaining-7.8.3.tgz 6919ms (cache miss)
3067 http fetch GET 200 https://registry.npmjs.org/@babel/plugin-transform-async-to-generator/-/plugin-transform-async-to-generator-7.28.6.tgz 6927ms (cache miss)
3068 http fetch GET 200 https://registry.npmjs.org/@jest/fake-timers/-/fake-timers-29.7.0.tgz 7040ms (cache miss)
3069 http fetch GET 200 https://registry.npmjs.org/@babel/plugin-syntax-typescript/-/plugin-syntax-typescript-7.28.6.tgz 6952ms (cache miss)
3070 http fetch GET 200 https://registry.npmjs.org/@babel/plugin-syntax-object-rest-spread/-/plugin-syntax-object-rest-spread-7.8.3.tgz 6929ms (cache miss)
3071 http fetch GET 200 https://registry.npmjs.org/@babel/plugin-syntax-numeric-separator/-/plugin-syntax-numeric-separator-7.10.4.tgz 6939ms (cache miss)
3072 http fetch GET 200 https://registry.npmjs.org/@babel/plugin-syntax-optional-catch-binding/-/plugin-syntax-optional-catch-binding-7.8.3.tgz 6938ms (cache miss)
3073 http fetch GET 200 https://registry.npmjs.org/@babel/plugin-syntax-nullish-coalescing-operator/-/plugin-syntax-nullish-coalescing-operator-7.8.3.tgz 6936ms (cache miss)
3074 http fetch GET 200 https://registry.npmjs.org/escalade/-/escalade-3.2.0.tgz 7290ms (cache miss)
3075 http fetch GET 200 https://registry.npmjs.org/@babel/plugin-syntax-import-attributes/-/plugin-syntax-import-attributes-7.28.6.tgz 6943ms (cache miss)
3076 http fetch GET 200 https://registry.npmjs.org/@babel/plugin-syntax-export-default-from/-/plugin-syntax-export-default-from-7.28.6.tgz 6942ms (cache miss)
3077 http fetch GET 200 https://registry.npmjs.org/@babel/plugin-syntax-jsx/-/plugin-syntax-jsx-7.28.6.tgz 6942ms (cache miss)
3078 http fetch GET 200 https://registry.npmjs.org/@babel/plugin-syntax-import-meta/-/plugin-syntax-import-meta-7.10.4.tgz 6949ms (cache miss)
3079 http fetch GET 200 https://registry.npmjs.org/@babel/plugin-syntax-decorators/-/plugin-syntax-decorators-7.28.6.tgz 6941ms (cache miss)
3080 http fetch GET 200 https://registry.npmjs.org/@babel/plugin-transform-arrow-functions/-/plugin-transform-arrow-functions-7.27.1.tgz 6970ms (cache miss)
3081 http fetch GET 200 https://registry.npmjs.org/@babel/plugin-syntax-flow/-/plugin-syntax-flow-7.28.6.tgz 6965ms (cache miss)
3082 http fetch GET 200 https://registry.npmjs.org/@babel/plugin-syntax-class-static-block/-/plugin-syntax-class-static-block-7.14.5.tgz 6965ms (cache miss)
3083 http fetch GET 200 https://registry.npmjs.org/@babel/plugin-proposal-export-default-from/-/plugin-proposal-export-default-from-7.27.1.tgz 6964ms (cache miss)
3084 http fetch GET 200 https://registry.npmjs.org/lightningcss/-/lightningcss-1.32.0.tgz 7782ms (cache miss)
3085 http fetch GET 200 https://registry.npmjs.org/@babel/plugin-syntax-json-strings/-/plugin-syntax-json-strings-7.8.3.tgz 6984ms (cache miss)
3086 http fetch GET 200 https://registry.npmjs.org/@babel/plugin-syntax-logical-assignment-operators/-/plugin-syntax-logical-assignment-operators-7.10.4.tgz 6980ms (cache miss)
3087 http fetch GET 200 https://registry.npmjs.org/@babel/plugin-syntax-class-properties/-/plugin-syntax-class-properties-7.12.13.tgz 6988ms (cache miss)
3088 http fetch GET 200 https://registry.npmjs.org/@babel/plugin-syntax-dynamic-import/-/plugin-syntax-dynamic-import-7.8.3.tgz 6991ms (cache miss)
3089 http fetch GET 200 https://registry.npmjs.org/@babel/plugin-syntax-top-level-await/-/plugin-syntax-top-level-await-7.14.5.tgz 6983ms (cache miss)
3090 http fetch GET 200 https://registry.npmjs.org/babel-plugin-polyfill-corejs2/-/babel-plugin-polyfill-corejs2-0.4.17.tgz 7272ms (cache miss)
3091 http fetch GET 200 https://registry.npmjs.org/baseline-browser-mapping/-/baseline-browser-mapping-2.10.12.tgz 7298ms (cache miss)
3092 http fetch GET 200 https://registry.npmjs.org/@babel/plugin-syntax-bigint/-/plugin-syntax-bigint-7.8.3.tgz 7004ms (cache miss)
3093 http fetch GET 200 https://registry.npmjs.org/@babel/plugin-proposal-decorators/-/plugin-proposal-decorators-7.29.0.tgz 7011ms (cache miss)
3094 http fetch GET 200 https://registry.npmjs.org/@babel/plugin-syntax-async-generators/-/plugin-syntax-async-generators-7.8.4.tgz 7036ms (cache miss)
3095 http fetch GET 200 https://registry.npmjs.org/@babel/helper-validator-option/-/helper-validator-option-7.27.1.tgz 7027ms (cache miss)
3096 http fetch GET 200 https://registry.npmjs.org/@babel/helper-validator-identifier/-/helper-validator-identifier-7.28.5.tgz 7031ms (cache miss)
3097 http fetch GET 200 https://registry.npmjs.org/@babel/helper-wrap-function/-/helper-wrap-function-7.28.6.tgz 7077ms (cache miss)
3098 http fetch GET 200 https://registry.npmjs.org/@urql/core/-/core-5.2.0.tgz 8016ms (cache miss)
3099 http fetch GET 200 https://registry.npmjs.org/@babel/helper-replace-supers/-/helper-replace-supers-7.28.6.tgz 7105ms (cache miss)
3100 http fetch GET 200 https://registry.npmjs.org/@babel/plugin-transform-object-rest-spread/-/plugin-transform-object-rest-spread-7.28.6.tgz 7191ms (cache miss)
3101 http fetch GET 200 https://registry.npmjs.org/@expo/require-utils/-/require-utils-55.0.4.tgz 7989ms (cache miss)
3102 http fetch GET 200 https://registry.npmjs.org/electron-to-chromium/-/electron-to-chromium-1.5.328.tgz 7506ms (cache miss)
3103 http fetch GET 200 https://registry.npmjs.org/@babel/helper-remap-async-to-generator/-/helper-remap-async-to-generator-7.27.1.tgz 7134ms (cache miss)
3104 http fetch GET 200 https://registry.npmjs.org/@babel/helper-optimise-call-expression/-/helper-optimise-call-expression-7.27.1.tgz 7132ms (cache miss)
3105 http fetch GET 200 https://registry.npmjs.org/@babel/helper-module-imports/-/helper-module-imports-7.28.6.tgz 7115ms (cache miss)
3106 http fetch GET 200 https://registry.npmjs.org/@babel/helper-skip-transparent-expression-wrappers/-/helper-skip-transparent-expression-wrappers-7.27.1.tgz 7160ms (cache miss)
3107 http fetch GET 200 https://registry.npmjs.org/@babel/helper-member-expression-to-functions/-/helper-member-expression-to-functions-7.28.5.tgz 7132ms (cache miss)
3108 http fetch GET 200 https://registry.npmjs.org/@babel/helper-globals/-/helper-globals-7.28.0.tgz 7131ms (cache miss)
3109 http fetch GET 200 https://registry.npmjs.org/@babel/plugin-transform-destructuring/-/plugin-transform-destructuring-7.28.5.tgz 7249ms (cache miss)
3110 http fetch GET 200 https://registry.npmjs.org/metro-symbolicate/-/metro-symbolicate-0.83.3.tgz 7711ms (cache miss)
3111 http fetch GET 200 https://registry.npmjs.org/minipass/-/minipass-7.1.3.tgz 8036ms (cache miss)
3112 http fetch GET 200 https://registry.npmjs.org/@babel/helper-annotate-as-pure/-/helper-annotate-as-pure-7.27.3.tgz 7136ms (cache miss)
3113 http fetch GET 200 https://registry.npmjs.org/@babel/helper-plugin-utils/-/helper-plugin-utils-7.28.6.tgz 7171ms (cache miss)
3114 http fetch GET 200 https://registry.npmjs.org/event-target-shim/-/event-target-shim-5.0.1.tgz 7592ms (cache miss)
3115 http fetch GET 200 https://registry.npmjs.org/supports-color/-/supports-color-7.2.0.tgz 7164ms (cache miss)
3116 http fetch GET 200 https://registry.npmjs.org/@babel/helper-create-regexp-features-plugin/-/helper-create-regexp-features-plugin-7.28.5.tgz 7178ms (cache miss)
3117 http fetch GET 200 https://registry.npmjs.org/@babel/helper-compilation-targets/-/helper-compilation-targets-7.28.6.tgz 7175ms (cache miss)
3118 http fetch GET 200 https://registry.npmjs.org/has-flag/-/has-flag-4.0.0.tgz 7170ms (cache miss)
3119 http fetch GET 200 https://registry.npmjs.org/yallist/-/yallist-5.0.0.tgz 7185ms (cache miss)
3120 http fetch GET 200 https://registry.npmjs.org/resolve/-/resolve-1.7.1.tgz 7183ms (cache miss)
3121 http fetch GET 200 https://registry.npmjs.org/ms/-/ms-2.0.0.tgz 7212ms (cache miss)
3122 http fetch GET 200 https://registry.npmjs.org/minimist/-/minimist-1.2.8.tgz 8288ms (cache miss)
3123 http fetch GET 200 https://registry.npmjs.org/@babel/compat-data/-/compat-data-7.29.0.tgz 7248ms (cache miss)
3124 http fetch GET 200 https://registry.npmjs.org/negotiator/-/negotiator-0.6.4.tgz 7238ms (cache miss)
3125 http fetch GET 200 https://registry.npmjs.org/color-name/-/color-name-1.1.4.tgz 7233ms (cache miss)
3126 http fetch GET 200 https://registry.npmjs.org/strip-ansi/-/strip-ansi-5.2.0.tgz 7236ms (cache miss)
3127 http fetch GET 200 https://registry.npmjs.org/@expo/ws-tunnel/-/ws-tunnel-1.0.6.tgz 8232ms (cache miss)
3128 http fetch GET 200 https://registry.npmjs.org/qrcode-terminal/-/qrcode-terminal-0.11.0.tgz 8252ms (cache miss)
3129 http fetch GET 200 https://registry.npmjs.org/supports-color/-/supports-color-7.2.0.tgz 7242ms (cache miss)
3130 http fetch GET 200 https://registry.npmjs.org/supports-color/-/supports-color-7.2.0.tgz 7252ms (cache miss)
3131 http fetch GET 200 https://registry.npmjs.org/has-flag/-/has-flag-4.0.0.tgz 7249ms (cache miss)
3132 http fetch GET 200 https://registry.npmjs.org/has-flag/-/has-flag-4.0.0.tgz 7258ms (cache miss)
3133 http fetch GET 200 https://registry.npmjs.org/ansi-regex/-/ansi-regex-4.1.1.tgz 7256ms (cache miss)
3134 http fetch GET 200 https://registry.npmjs.org/chalk/-/chalk-4.1.2.tgz 7255ms (cache miss)
3135 http fetch GET 200 https://registry.npmjs.org/@babel/helper-string-parser/-/helper-string-parser-7.27.1.tgz 7349ms (cache miss)
3136 http fetch GET 200 https://registry.npmjs.org/ansi-styles/-/ansi-styles-4.3.0.tgz 7287ms (cache miss)
3137 http fetch GET 200 https://registry.npmjs.org/color-convert/-/color-convert-2.0.1.tgz 7289ms (cache miss)
3138 http fetch GET 200 https://registry.npmjs.org/color-name/-/color-name-1.1.4.tgz 7291ms (cache miss)
3139 http fetch GET 200 https://registry.npmjs.org/color-name/-/color-name-1.1.4.tgz 7317ms (cache miss)
3140 http fetch GET 200 https://registry.npmjs.org/argparse/-/argparse-2.0.1.tgz 7333ms (cache miss)
3141 http fetch GET 200 https://registry.npmjs.org/ansi-styles/-/ansi-styles-4.3.0.tgz 7312ms (cache miss)
3142 http fetch GET 200 https://registry.npmjs.org/balanced-match/-/balanced-match-4.0.4.tgz 7308ms (cache miss)
3143 http fetch GET 200 https://registry.npmjs.org/@jest/transform/-/transform-29.7.0.tgz 7566ms (cache miss)
3144 http fetch GET 200 https://registry.npmjs.org/has-flag/-/has-flag-4.0.0.tgz 7320ms (cache miss)
3145 http fetch GET 200 https://registry.npmjs.org/has-flag/-/has-flag-4.0.0.tgz 7317ms (cache miss)
3146 http fetch GET 200 https://registry.npmjs.org/supports-color/-/supports-color-7.2.0.tgz 7321ms (cache miss)
3147 http fetch GET 200 https://registry.npmjs.org/supports-color/-/supports-color-7.2.0.tgz 7312ms (cache miss)
3148 http fetch GET 200 https://registry.npmjs.org/@babel/code-frame/-/code-frame-7.29.0.tgz 7342ms (cache miss)
3149 http fetch GET 200 https://registry.npmjs.org/@babel/code-frame/-/code-frame-7.29.0.tgz 7368ms (cache miss)
3150 http fetch GET 200 https://registry.npmjs.org/color-convert/-/color-convert-2.0.1.tgz 7379ms (cache miss)
3151 http fetch GET 200 https://registry.npmjs.org/ansi-styles/-/ansi-styles-4.3.0.tgz 7347ms (cache miss)
3152 http fetch GET 200 https://registry.npmjs.org/color-name/-/color-name-1.1.4.tgz 7351ms (cache miss)
3153 http fetch GET 200 https://registry.npmjs.org/color-name/-/color-name-1.1.4.tgz 7337ms (cache miss)
3154 http fetch GET 200 https://registry.npmjs.org/chalk/-/chalk-4.1.2.tgz 7366ms (cache miss)
3155 http fetch GET 200 https://registry.npmjs.org/chalk/-/chalk-4.1.2.tgz 7346ms (cache miss)
3156 http fetch GET 200 https://registry.npmjs.org/has-flag/-/has-flag-4.0.0.tgz 7358ms (cache miss)
3157 http fetch GET 200 https://registry.npmjs.org/has-flag/-/has-flag-4.0.0.tgz 7350ms (cache miss)
3158 http fetch GET 200 https://registry.npmjs.org/supports-color/-/supports-color-7.2.0.tgz 7355ms (cache miss)
3159 http fetch GET 200 https://registry.npmjs.org/@jest/types/-/types-29.6.3.tgz 7649ms (cache miss)
3160 http fetch GET 200 https://registry.npmjs.org/cross-fetch/-/cross-fetch-3.2.0.tgz 7861ms (cache miss)
3161 http fetch GET 200 https://registry.npmjs.org/@babel/code-frame/-/code-frame-7.29.0.tgz 7445ms (cache miss)
3162 http fetch GET 200 https://registry.npmjs.org/ansi-styles/-/ansi-styles-4.3.0.tgz 7413ms (cache miss)
3163 http fetch GET 200 https://registry.npmjs.org/ansi-styles/-/ansi-styles-4.3.0.tgz 7391ms (cache miss)
3164 http fetch GET 200 https://registry.npmjs.org/ansi-styles/-/ansi-styles-4.3.0.tgz 7382ms (cache miss)
3165 http fetch GET 200 https://registry.npmjs.org/ansi-styles/-/ansi-styles-4.3.0.tgz 7368ms (cache miss)
3166 http fetch GET 200 https://registry.npmjs.org/minizlib/-/minizlib-3.1.0.tgz 8538ms (cache miss)
3167 http fetch GET 200 https://registry.npmjs.org/path-scurry/-/path-scurry-2.0.2.tgz 8392ms (cache miss)
3168 http fetch GET 200 https://registry.npmjs.org/open/-/open-8.4.2.tgz 7483ms (cache miss)
3169 http fetch GET 200 https://registry.npmjs.org/supports-color/-/supports-color-7.2.0.tgz 7401ms (cache miss)
3170 http fetch GET 200 https://registry.npmjs.org/supports-color/-/supports-color-7.2.0.tgz 7396ms (cache miss)
3171 http fetch GET 200 https://registry.npmjs.org/color-name/-/color-name-1.1.4.tgz 7407ms (cache miss)
3172 http fetch GET 200 https://registry.npmjs.org/color-name/-/color-name-1.1.4.tgz 7397ms (cache miss)
3173 http fetch GET 200 https://registry.npmjs.org/color-name/-/color-name-1.1.4.tgz 7395ms (cache miss)
3174 http fetch GET 200 https://registry.npmjs.org/chalk/-/chalk-4.1.2.tgz 7405ms (cache miss)
3175 http fetch GET 200 https://registry.npmjs.org/has-flag/-/has-flag-4.0.0.tgz 7399ms (cache miss)
3176 http fetch GET 200 https://registry.npmjs.org/has-flag/-/has-flag-4.0.0.tgz 7396ms (cache miss)
3177 http fetch GET 200 https://registry.npmjs.org/@babel/plugin-transform-react-jsx/-/plugin-transform-react-jsx-7.28.6.tgz 7676ms (cache miss)
3178 http fetch GET 200 https://registry.npmjs.org/color-convert/-/color-convert-2.0.1.tgz 7416ms (cache miss)
3179 http fetch GET 200 https://registry.npmjs.org/@babel/code-frame/-/code-frame-7.29.0.tgz 7422ms (cache miss)
3180 http fetch GET 200 https://registry.npmjs.org/abort-controller/-/abort-controller-3.0.0.tgz 7850ms (cache miss)
3181 http fetch GET 200 https://registry.npmjs.org/ansi-styles/-/ansi-styles-4.3.0.tgz 7428ms (cache miss)
3182 http fetch GET 200 https://registry.npmjs.org/chalk/-/chalk-4.1.2.tgz 7517ms (cache miss)
3183 http fetch GET 200 https://registry.npmjs.org/chalk/-/chalk-4.1.2.tgz 7513ms (cache miss)
3184 http fetch GET 200 https://registry.npmjs.org/plist/-/plist-3.1.1.tgz 8572ms (cache miss)
3185 http fetch GET 200 https://registry.npmjs.org/color-convert/-/color-convert-2.0.1.tgz 7509ms (cache miss)
3186 http fetch GET 200 https://registry.npmjs.org/supports-color/-/supports-color-7.2.0.tgz 7528ms (cache miss)
3187 http fetch GET 200 https://registry.npmjs.org/supports-color/-/supports-color-7.2.0.tgz 7522ms (cache miss)
3188 http fetch GET 200 https://registry.npmjs.org/has-flag/-/has-flag-4.0.0.tgz 7521ms (cache miss)
3189 http fetch GET 200 https://registry.npmjs.org/@jridgewell/source-map/-/source-map-0.3.11.tgz 7865ms (cache miss)
3190 http fetch GET 200 https://registry.npmjs.org/ansi-styles/-/ansi-styles-4.3.0.tgz 7542ms (cache miss)
3191 http fetch GET 200 https://registry.npmjs.org/color-name/-/color-name-1.1.4.tgz 7545ms (cache miss)
3192 http fetch GET 200 https://registry.npmjs.org/color-name/-/color-name-1.1.4.tgz 7534ms (cache miss)
3193 http fetch GET 200 https://registry.npmjs.org/@babel/plugin-transform-classes/-/plugin-transform-classes-7.28.6.tgz 7794ms (cache miss)
3194 http fetch GET 200 https://registry.npmjs.org/color-convert/-/color-convert-2.0.1.tgz 7642ms (cache miss)
3195 http fetch GET 200 https://registry.npmjs.org/color-convert/-/color-convert-2.0.1.tgz 7658ms (cache miss)
3196 http fetch GET 200 https://registry.npmjs.org/brace-expansion/-/brace-expansion-2.1.0.tgz 7609ms (cache miss)
3197 http fetch GET 200 https://registry.npmjs.org/color-convert/-/color-convert-2.0.1.tgz 7709ms (cache miss)
3198 http fetch GET 200 https://registry.npmjs.org/metro-transform-plugins/-/metro-transform-plugins-0.83.3.tgz 8372ms (cache miss)
3199 http fetch GET 200 https://registry.npmjs.org/chalk/-/chalk-4.1.2.tgz 7654ms (cache miss)
3200 http fetch GET 200 https://registry.npmjs.org/ansi-styles/-/ansi-styles-4.3.0.tgz 7674ms (cache miss)
3201 http fetch GET 200 https://registry.npmjs.org/commander/-/commander-4.1.1.tgz 7764ms (cache miss)
3202 http fetch GET 200 https://registry.npmjs.org/stream-buffers/-/stream-buffers-2.2.0.tgz 8790ms (cache miss)
3203 http fetch GET 200 https://registry.npmjs.org/minimatch/-/minimatch-3.1.5.tgz 7693ms (cache miss)
3204 http fetch GET 200 https://registry.npmjs.org/color-convert/-/color-convert-2.0.1.tgz 7778ms (cache miss)
3205 http fetch GET 200 https://registry.npmjs.org/chalk/-/chalk-4.1.2.tgz 7824ms (cache miss)
3206 http fetch GET 200 https://registry.npmjs.org/structured-headers/-/structured-headers-0.4.1.tgz 8873ms (cache miss)
3207 http fetch GET 200 https://registry.npmjs.org/@babel/plugin-transform-parameters/-/plugin-transform-parameters-7.27.7.tgz 8045ms (cache miss)
3208 http fetch GET 200 https://registry.npmjs.org/escape-string-regexp/-/escape-string-regexp-2.0.0.tgz 7744ms (cache miss)
3209 http fetch GET 200 https://registry.npmjs.org/brace-expansion/-/brace-expansion-1.1.13.tgz 7747ms (cache miss)
3210 http fetch GET 200 https://registry.npmjs.org/chalk/-/chalk-4.1.2.tgz 7876ms (cache miss)
3211 http fetch GET 200 https://registry.npmjs.org/color-convert/-/color-convert-2.0.1.tgz 7835ms (cache miss)
3212 http fetch GET 200 https://registry.npmjs.org/statuses/-/statuses-2.0.2.tgz 7793ms (cache miss)
3213 http fetch GET 200 https://registry.npmjs.org/encodeurl/-/encodeurl-2.0.0.tgz 7826ms (cache miss)
3214 http fetch GET 200 https://registry.npmjs.org/on-finished/-/on-finished-2.4.1.tgz 7826ms (cache miss)
3215 http fetch GET 200 https://registry.npmjs.org/ms/-/ms-2.0.0.tgz 7824ms (cache miss)
3216 http fetch GET 200 https://registry.npmjs.org/webidl-conversions/-/webidl-conversions-3.0.1.tgz 7826ms (cache miss)
3217 http fetch GET 200 https://registry.npmjs.org/memoize-one/-/memoize-one-6.0.0.tgz 7819ms (cache miss)
3218 http fetch GET 200 https://registry.npmjs.org/@ungap/structured-clone/-/structured-clone-1.3.0.tgz 8325ms (cache miss)
3219 http fetch GET 200 https://registry.npmjs.org/acorn/-/acorn-8.16.0.tgz 8332ms (cache miss)
3220 http fetch GET 200 https://registry.npmjs.org/ci-info/-/ci-info-3.9.0.tgz 7884ms (cache miss)
3221 http fetch GET 200 https://registry.npmjs.org/brace-expansion/-/brace-expansion-1.1.13.tgz 7841ms (cache miss)
3222 http fetch GET 200 https://registry.npmjs.org/brace-expansion/-/brace-expansion-1.1.13.tgz 7828ms (cache miss)
3223 http fetch GET 200 https://registry.npmjs.org/minimatch/-/minimatch-3.1.5.tgz 7879ms (cache miss)
3224 http fetch GET 200 https://registry.npmjs.org/@react-native/normalize-colors/-/normalize-colors-0.74.89.tgz 7887ms (cache miss)
3225 http fetch GET 200 https://registry.npmjs.org/has-flag/-/has-flag-4.0.0.tgz 7897ms (cache miss)
3226 http fetch GET 200 https://registry.npmjs.org/color-name/-/color-name-1.1.4.tgz 7893ms (cache miss)
3227 http fetch GET 200 https://registry.npmjs.org/color-convert/-/color-convert-2.0.1.tgz 7892ms (cache miss)
3228 http fetch GET 200 https://registry.npmjs.org/color-name/-/color-name-1.1.4.tgz 7879ms (cache miss)
3229 http fetch GET 200 https://registry.npmjs.org/supports-color/-/supports-color-7.2.0.tgz 7890ms (cache miss)
3230 http fetch GET 200 https://registry.npmjs.org/minimatch/-/minimatch-3.1.5.tgz 7909ms (cache miss)
3231 http fetch GET 200 https://registry.npmjs.org/@babel/plugin-transform-block-scoping/-/plugin-transform-block-scoping-7.28.6.tgz 8218ms (cache miss)
3232 http fetch GET 200 https://registry.npmjs.org/encodeurl/-/encodeurl-2.0.0.tgz 7941ms (cache miss)
3233 http fetch GET 200 https://registry.npmjs.org/p-limit/-/p-limit-2.3.0.tgz 7930ms (cache miss)
3234 http fetch GET 200 https://registry.npmjs.org/debug/-/debug-3.2.7.tgz 8095ms (cache miss)
3235 http fetch GET 200 https://registry.npmjs.org/metro-runtime/-/metro-runtime-0.83.3.tgz 8704ms (cache miss)
3236 http fetch GET 200 https://registry.npmjs.org/jest-worker/-/jest-worker-29.7.0.tgz 8660ms (cache miss)
3237 http fetch GET 200 https://registry.npmjs.org/color-convert/-/color-convert-2.0.1.tgz 7992ms (cache miss)
3238 http fetch GET 200 https://registry.npmjs.org/babel-plugin-polyfill-corejs3/-/babel-plugin-polyfill-corejs3-0.13.0.tgz 8482ms (cache miss)
3239 http fetch GET 200 https://registry.npmjs.org/ms/-/ms-2.0.0.tgz 7934ms (cache miss)
3240 http fetch GET 200 https://registry.npmjs.org/ansi-styles/-/ansi-styles-4.3.0.tgz 7951ms (cache miss)
3241 http fetch GET 200 https://registry.npmjs.org/chalk/-/chalk-4.1.2.tgz 7952ms (cache miss)
3242 http fetch GET 200 https://registry.npmjs.org/ansi-styles/-/ansi-styles-5.2.0.tgz 7982ms (cache miss)
3243 http fetch GET 200 https://registry.npmjs.org/has-flag/-/has-flag-4.0.0.tgz 7956ms (cache miss)
3244 http fetch GET 200 https://registry.npmjs.org/@babel/code-frame/-/code-frame-7.29.0.tgz 7966ms (cache miss)
3245 http fetch GET 200 https://registry.npmjs.org/has-flag/-/has-flag-4.0.0.tgz 7953ms (cache miss)
3246 http fetch GET 200 https://registry.npmjs.org/has-flag/-/has-flag-4.0.0.tgz 7955ms (cache miss)
3247 http fetch GET 200 https://registry.npmjs.org/color-convert/-/color-convert-2.0.1.tgz 7957ms (cache miss)
3248 http fetch GET 200 https://registry.npmjs.org/supports-color/-/supports-color-7.2.0.tgz 7946ms (cache miss)
3249 http fetch GET 200 https://registry.npmjs.org/supports-color/-/supports-color-7.2.0.tgz 7956ms (cache miss)
3250 http fetch GET 200 https://registry.npmjs.org/@babel/plugin-transform-typescript/-/plugin-transform-typescript-7.28.6.tgz 8351ms (cache miss)
3251 http fetch GET 200 https://registry.npmjs.org/glob/-/glob-7.2.3.tgz 8071ms (cache miss)
3252 http fetch GET 200 https://registry.npmjs.org/color-name/-/color-name-1.1.4.tgz 8006ms (cache miss)
3253 http fetch GET 200 https://registry.npmjs.org/color-name/-/color-name-1.1.4.tgz 7994ms (cache miss)
3254 http fetch GET 200 https://registry.npmjs.org/ansi-styles/-/ansi-styles-4.3.0.tgz 8032ms (cache miss)
3255 http fetch GET 200 https://registry.npmjs.org/ansi-styles/-/ansi-styles-4.3.0.tgz 8024ms (cache miss)
3256 warn deprecated glob@7.2.3: Old versions of glob are not supported, and contain widely publicized security vulnerabilities, which have been fixed in the current version. Please update. Support for old versions may be purchased (at exorbitant rates) by contacting i@izs.me
3257 http fetch GET 200 https://registry.npmjs.org/has-flag/-/has-flag-4.0.0.tgz 8063ms (cache miss)
3258 http fetch GET 200 https://registry.npmjs.org/supports-color/-/supports-color-8.1.1.tgz 8082ms (cache miss)
3259 http fetch GET 200 https://registry.npmjs.org/ci-info/-/ci-info-3.9.0.tgz 8061ms (cache miss)
3260 http fetch GET 200 https://registry.npmjs.org/glob/-/glob-7.2.3.tgz 8143ms (cache miss)
3261 http fetch GET 200 https://registry.npmjs.org/commander/-/commander-2.20.3.tgz 8179ms (cache miss)
3262 http fetch GET 200 https://registry.npmjs.org/supports-color/-/supports-color-7.2.0.tgz 8094ms (cache miss)
3263 http fetch GET 200 https://registry.npmjs.org/chalk/-/chalk-4.1.2.tgz 8100ms (cache miss)
3264 http fetch GET 200 https://registry.npmjs.org/color-convert/-/color-convert-2.0.1.tgz 8098ms (cache miss)
3265 http fetch GET 200 https://registry.npmjs.org/chalk/-/chalk-4.1.2.tgz 8093ms (cache miss)
3266 http fetch GET 200 https://registry.npmjs.org/ansi-styles/-/ansi-styles-4.3.0.tgz 8135ms (cache miss)
3267 http fetch GET 200 https://registry.npmjs.org/ms/-/ms-2.0.0.tgz 8109ms (cache miss)
3268 http fetch GET 200 https://registry.npmjs.org/ms/-/ms-2.0.0.tgz 8107ms (cache miss)
3269 http fetch GET 200 https://registry.npmjs.org/statuses/-/statuses-2.0.2.tgz 8111ms (cache miss)
3270 http fetch GET 200 https://registry.npmjs.org/color-name/-/color-name-1.1.4.tgz 8107ms (cache miss)
3271 http fetch GET 200 https://registry.npmjs.org/react-is/-/react-is-16.13.1.tgz 8116ms (cache miss)
3272 warn deprecated glob@7.2.3: Old versions of glob are not supported, and contain widely publicized security vulnerabilities, which have been fixed in the current version. Please update. Support for old versions may be purchased (at exorbitant rates) by contacting i@izs.me
3273 http fetch GET 200 https://registry.npmjs.org/glob/-/glob-7.2.3.tgz 8204ms (cache miss)
3274 http fetch GET 200 https://registry.npmjs.org/escape-string-regexp/-/escape-string-regexp-4.0.0.tgz 8151ms (cache miss)
3275 warn deprecated glob@7.2.3: Old versions of glob are not supported, and contain widely publicized security vulnerabilities, which have been fixed in the current version. Please update. Support for old versions may be purchased (at exorbitant rates) by contacting i@izs.me
3276 http fetch GET 200 https://registry.npmjs.org/any-promise/-/any-promise-1.3.0.tgz 9361ms (cache miss)
3277 http fetch GET 200 https://registry.npmjs.org/json5/-/json5-2.2.3.tgz 8966ms (cache miss)
3278 http fetch GET 200 https://registry.npmjs.org/has-flag/-/has-flag-4.0.0.tgz 8143ms (cache miss)
3279 http fetch GET 200 https://registry.npmjs.org/has-flag/-/has-flag-4.0.0.tgz 8178ms (cache miss)
3280 http fetch GET 200 https://registry.npmjs.org/supports-color/-/supports-color-7.2.0.tgz 8177ms (cache miss)
3281 http fetch GET 200 https://registry.npmjs.org/supports-color/-/supports-color-7.2.0.tgz 8146ms (cache miss)
3282 http fetch GET 200 https://registry.npmjs.org/color-name/-/color-name-1.1.4.tgz 8148ms (cache miss)
3283 http fetch GET 200 https://registry.npmjs.org/color-name/-/color-name-1.1.4.tgz 8174ms (cache miss)
3284 http fetch GET 200 https://registry.npmjs.org/chalk/-/chalk-4.1.2.tgz 8143ms (cache miss)
3285 http fetch GET 200 https://registry.npmjs.org/chalk/-/chalk-4.1.2.tgz 8164ms (cache miss)
3286 http fetch GET 200 https://registry.npmjs.org/ansi-styles/-/ansi-styles-4.3.0.tgz 8163ms (cache miss)
3287 http fetch GET 200 https://registry.npmjs.org/react-is/-/react-is-19.2.4.tgz 8169ms (cache miss)
3288 http fetch GET 200 https://registry.npmjs.org/source-map/-/source-map-0.5.7.tgz 9176ms (cache miss)
3289 http fetch GET 200 https://registry.npmjs.org/fdir/-/fdir-6.5.0.tgz 8298ms (cache miss)
3290 http fetch GET 200 https://registry.npmjs.org/escape-string-regexp/-/escape-string-regexp-4.0.0.tgz 8194ms (cache miss)
3291 http fetch GET 200 https://registry.npmjs.org/escape-string-regexp/-/escape-string-regexp-4.0.0.tgz 8211ms (cache miss)
3292 http fetch GET 200 https://registry.npmjs.org/escape-string-regexp/-/escape-string-regexp-4.0.0.tgz 8193ms (cache miss)
3293 http fetch GET 200 https://registry.npmjs.org/brace-expansion/-/brace-expansion-1.1.13.tgz 8182ms (cache miss)
3294 http fetch GET 200 https://registry.npmjs.org/babel-plugin-syntax-hermes-parser/-/babel-plugin-syntax-hermes-parser-0.32.0.tgz 8191ms (cache miss)
3295 http fetch GET 200 https://registry.npmjs.org/has-flag/-/has-flag-4.0.0.tgz 8203ms (cache miss)
3296 http fetch GET 200 https://registry.npmjs.org/has-flag/-/has-flag-4.0.0.tgz 8208ms (cache miss)
3297 http fetch GET 200 https://registry.npmjs.org/ansi-styles/-/ansi-styles-4.3.0.tgz 8210ms (cache miss)
3298 http fetch GET 200 https://registry.npmjs.org/@babel/code-frame/-/code-frame-7.29.0.tgz 8280ms (cache miss)
3299 http fetch GET 200 https://registry.npmjs.org/picomatch/-/picomatch-4.0.4.tgz 8443ms (cache miss)
3300 http fetch GET 200 https://registry.npmjs.org/supports-color/-/supports-color-7.2.0.tgz 8231ms (cache miss)
3301 http fetch GET 200 https://registry.npmjs.org/supports-color/-/supports-color-7.2.0.tgz 8227ms (cache miss)
3302 http fetch GET 200 https://registry.npmjs.org/color-convert/-/color-convert-2.0.1.tgz 8326ms (cache miss)
3303 http fetch GET 200 https://registry.npmjs.org/react/-/react-19.1.0.tgz 9215ms (cache miss)
3304 http fetch GET 200 https://registry.npmjs.org/color-convert/-/color-convert-2.0.1.tgz 8263ms (cache miss)
3305 http fetch GET 200 https://registry.npmjs.org/color-convert/-/color-convert-2.0.1.tgz 8245ms (cache miss)
3306 http fetch GET 200 https://registry.npmjs.org/minimatch/-/minimatch-3.1.5.tgz 8276ms (cache miss)
3307 http fetch GET 200 https://registry.npmjs.org/color-name/-/color-name-1.1.4.tgz 8251ms (cache miss)
3308 http fetch GET 200 https://registry.npmjs.org/color-name/-/color-name-1.1.4.tgz 8260ms (cache miss)
3309 http fetch GET 200 https://registry.npmjs.org/chalk/-/chalk-4.1.2.tgz 8263ms (cache miss)
3310 http fetch GET 200 https://registry.npmjs.org/@babel/code-frame/-/code-frame-7.29.0.tgz 8263ms (cache miss)
3311 http fetch GET 200 https://registry.npmjs.org/@babel/code-frame/-/code-frame-7.29.0.tgz 8266ms (cache miss)
3312 http fetch GET 200 https://registry.npmjs.org/@babel/code-frame/-/code-frame-7.29.0.tgz 8255ms (cache miss)
3313 http fetch GET 200 https://registry.npmjs.org/ansi-styles/-/ansi-styles-4.3.0.tgz 8258ms (cache miss)
3314 http fetch GET 200 https://registry.npmjs.org/ansi-styles/-/ansi-styles-4.3.0.tgz 8271ms (cache miss)
3315 http fetch GET 200 https://registry.npmjs.org/camelcase/-/camelcase-5.3.1.tgz 8280ms (cache miss)
3316 http fetch GET 200 https://registry.npmjs.org/@react-native/js-polyfills/-/js-polyfills-0.84.1.tgz 8314ms (cache miss)
3317 http fetch GET 200 https://registry.npmjs.org/@react-native/babel-plugin-codegen/-/babel-plugin-codegen-0.84.1.tgz 8312ms (cache miss)
3318 http fetch GET 200 https://registry.npmjs.org/chalk/-/chalk-4.1.2.tgz 8400ms (cache miss)
3319 http fetch GET 200 https://registry.npmjs.org/semver/-/semver-6.3.1.tgz 8364ms (cache miss)
3320 http fetch GET 200 https://registry.npmjs.org/wonka/-/wonka-6.3.6.tgz 9621ms (cache miss)
3321 http fetch GET 200 https://registry.npmjs.org/color-convert/-/color-convert-2.0.1.tgz 8367ms (cache miss)
3322 http fetch GET 200 https://registry.npmjs.org/core-js-compat/-/core-js-compat-3.49.0.tgz 9008ms (cache miss)
3323 http fetch GET 200 https://registry.npmjs.org/semver/-/semver-6.3.1.tgz 8378ms (cache miss)
3324 http fetch GET 200 https://registry.npmjs.org/color-convert/-/color-convert-2.0.1.tgz 8382ms (cache miss)
3325 http fetch GET 200 https://registry.npmjs.org/metro-core/-/metro-core-0.83.3.tgz 9223ms (cache miss)
3326 http fetch GET 200 https://registry.npmjs.org/picomatch/-/picomatch-4.0.4.tgz 8519ms (cache miss)
3327 http fetch GET 200 https://registry.npmjs.org/glob/-/glob-7.2.3.tgz 8366ms (cache miss)
3328 http fetch GET 200 https://registry.npmjs.org/uuid 8708ms (cache miss)
3329 silly packumentCache corgi:https://registry.npmjs.org/uuid set size:undefined disposed:false
3330 warn deprecated glob@7.2.3: Old versions of glob are not supported, and contain widely publicized security vulnerabilities, which have been fixed in the current version. Please update. Support for old versions may be purchased (at exorbitant rates) by contacting i@izs.me
3331 http fetch GET 200 https://registry.npmjs.org/picomatch/-/picomatch-4.0.4.tgz 8553ms (cache miss)
3332 http fetch GET 200 https://registry.npmjs.org/pngjs/-/pngjs-3.4.0.tgz 9637ms (cache miss)
3333 http fetch GET 200 https://registry.npmjs.org/@babel/code-frame/-/code-frame-7.29.0.tgz 8374ms (cache miss)
3334 http fetch GET 200 https://registry.npmjs.org/debug/-/debug-2.6.9.tgz 8713ms (cache miss)
3335 http fetch GET 200 https://registry.npmjs.org/color-convert/-/color-convert-2.0.1.tgz 8413ms (cache miss)
3336 http fetch GET 200 https://registry.npmjs.org/semver/-/semver-6.3.1.tgz 8410ms (cache miss)
3337 http fetch GET 200 https://registry.npmjs.org/semver/-/semver-6.3.1.tgz 8409ms (cache miss)
3338 http fetch GET 200 https://registry.npmjs.org/semver/-/semver-6.3.1.tgz 8406ms (cache miss)
3339 http fetch GET 200 https://registry.npmjs.org/@babel/template/-/template-7.28.6.tgz 8928ms (cache miss)
3340 http fetch GET 200 https://registry.npmjs.org/semver/-/semver-6.3.1.tgz 8415ms (cache miss)
3341 http fetch GET 200 https://registry.npmjs.org/chromium-edge-launcher/-/chromium-edge-launcher-0.2.0.tgz 9143ms (cache miss)
3342 http fetch GET 200 https://registry.npmjs.org/semver/-/semver-6.3.1.tgz 8417ms (cache miss)
3343 http fetch GET 200 https://registry.npmjs.org/@expo/image-utils/-/image-utils-0.8.13.tgz 9665ms (cache miss)
3344 http fetch GET 200 https://registry.npmjs.org/chalk/-/chalk-4.1.2.tgz 8460ms (cache miss)
3345 http fetch GET 200 https://registry.npmjs.org/hermes-estree/-/hermes-estree-0.32.0.tgz 9294ms (cache miss)
3346 http fetch GET 200 https://registry.npmjs.org/undici-types/-/undici-types-7.18.2.tgz 9608ms (cache miss)
3347 http fetch GET 200 https://registry.npmjs.org/jest-util/-/jest-util-29.7.0.tgz 9362ms (cache miss)
3348 http fetch GET 200 https://registry.npmjs.org/postcss 8902ms (cache miss)
3349 silly packumentCache corgi:https://registry.npmjs.org/postcss set size:undefined disposed:false
3350 http fetch GET 200 https://registry.npmjs.org/@babel/helper-module-transforms/-/helper-module-transforms-7.28.6.tgz 8923ms (cache miss)
3351 http fetch GET 200 https://registry.npmjs.org/jest-haste-map/-/jest-haste-map-29.7.0.tgz 9428ms (cache miss)
3352 http fetch GET 200 https://registry.npmjs.org/@react-native/babel-preset/-/babel-preset-0.84.1.tgz 8635ms (cache miss)
3353 http fetch GET 200 https://registry.npmjs.org/debug/-/debug-2.6.9.tgz 8786ms (cache miss)
3354 http fetch GET 200 https://registry.npmjs.org/chrome-launcher/-/chrome-launcher-0.15.2.tgz 9348ms (cache miss)
3355 http fetch GET 200 https://registry.npmjs.org/@xmldom/xmldom/-/xmldom-0.9.10.tgz 8917ms (cache miss)
3356 http fetch GET 200 https://registry.npmjs.org/commander/-/commander-12.1.0.tgz 8799ms (cache miss)
3357 http fetch GET 200 https://registry.npmjs.org/debug/-/debug-2.6.9.tgz 8793ms (cache miss)
3358 silly packumentCache corgi:https://registry.npmjs.org/@expo%2fmetro-config cache-miss
3359 http fetch GET 200 https://registry.npmjs.org/ws/-/ws-6.2.3.tgz 8833ms (cache miss)
3360 http fetch GET 200 https://registry.npmjs.org/@babel/helper-create-class-features-plugin/-/helper-create-class-features-plugin-7.28.6.tgz 9028ms (cache miss)
3361 http fetch GET 200 https://registry.npmjs.org/@babel/plugin-transform-regenerator/-/plugin-transform-regenerator-7.29.0.tgz 9202ms (cache miss)
3362 http fetch GET 200 https://registry.npmjs.org/debug/-/debug-2.6.9.tgz 8789ms (cache miss)
3363 http fetch GET 200 https://registry.npmjs.org/debug/-/debug-2.6.9.tgz 8795ms (cache miss)
3364 http fetch GET 200 https://registry.npmjs.org/@jridgewell/sourcemap-codec/-/sourcemap-codec-1.5.5.tgz 9293ms (cache miss)
3365 http fetch GET 200 https://registry.npmjs.org/ws/-/ws-8.20.0.tgz 8965ms (cache miss)
3366 http fetch GET 200 https://registry.npmjs.org/ws/-/ws-6.2.3.tgz 8838ms (cache miss)
3367 http fetch GET 200 https://registry.npmjs.org/@babel/helper-define-polyfill-provider/-/helper-define-polyfill-provider-0.6.8.tgz 9146ms (cache miss)
3368 http fetch GET 200 https://registry.npmjs.org/metro-cache/-/metro-cache-0.83.3.tgz 9786ms (cache miss)
3369 http fetch GET 200 https://registry.npmjs.org/argparse/-/argparse-1.0.10.tgz 9555ms (cache miss)
3370 http fetch GET 200 https://registry.npmjs.org/@jridgewell/gen-mapping/-/gen-mapping-0.3.13.tgz 9468ms (cache miss)
3371 http fetch GET 200 https://registry.npmjs.org/hermes-estree/-/hermes-estree-0.29.1.tgz 9188ms (cache miss)
3372 http fetch GET 200 https://registry.npmjs.org/promise/-/promise-8.3.0.tgz 9920ms (cache miss)
3373 http fetch GET 200 https://registry.npmjs.org/@babel/parser/-/parser-7.29.2.tgz 9351ms (cache miss)
3374 http fetch GET 200 https://registry.npmjs.org/lru-cache/-/lru-cache-10.4.3.tgz 9350ms (cache miss)
3375 http fetch GET 200 https://registry.npmjs.org/@expo/package-manager/-/package-manager-1.10.4.tgz 10337ms (cache miss)
3376 http fetch GET 200 https://registry.npmjs.org/@expo/devcert/-/devcert-1.2.1.tgz 10344ms (cache miss)
3377 http fetch GET 200 https://registry.npmjs.org/source-map/-/source-map-0.6.1.tgz 9316ms (cache miss)
3378 http fetch GET 200 https://registry.npmjs.org/hermes-estree/-/hermes-estree-0.29.1.tgz 9220ms (cache miss)
3379 http fetch GET 200 https://registry.npmjs.org/xmlbuilder/-/xmlbuilder-15.1.1.tgz 10379ms (cache miss)
3380 http fetch GET 200 https://registry.npmjs.org/hermes-estree/-/hermes-estree-0.29.1.tgz 9207ms (cache miss)
3381 http fetch GET 200 https://registry.npmjs.org/semver/-/semver-7.7.4.tgz 10266ms (cache miss)
3382 http fetch GET 200 https://registry.npmjs.org/uuid/-/uuid-7.0.3.tgz 10522ms (cache miss)
3383 warn deprecated uuid@7.0.3: uuid@10 and below is no longer supported.  For ESM codebases, update to uuid@latest.  For CommonJS codebases, use uuid@11 (but be aware this version will likely be deprecated in 2028).
3384 http fetch GET 200 https://registry.npmjs.org/postcss/-/postcss-8.4.49.tgz 10521ms (cache miss)
3385 http fetch GET 200 https://registry.npmjs.org/babel-plugin-react-compiler/-/babel-plugin-react-compiler-1.0.0.tgz 10006ms (cache miss)
3386 http fetch GET 200 https://registry.npmjs.org/@expo%2fmetro-config 666ms (cache miss)
3387 silly packumentCache corgi:https://registry.npmjs.org/@expo%2fmetro-config set size:undefined disposed:false
3388 http fetch GET 200 https://registry.npmjs.org/@expo/xcpretty/-/xcpretty-4.4.3.tgz 10691ms (cache miss)
3389 http fetch GET 200 https://registry.npmjs.org/@sinclair/typebox/-/typebox-0.27.10.tgz 10005ms (cache miss)
3390 http fetch GET 200 https://registry.npmjs.org/expo-constants/-/expo-constants-18.0.13.tgz 10562ms (cache miss)
3391 http fetch GET 200 https://registry.npmjs.org/css-in-js-utils/-/css-in-js-utils-3.1.0.tgz 10148ms (cache miss)
3392 http fetch GET 200 https://registry.npmjs.org/@react-native/virtualized-lists/-/virtualized-lists-0.81.5.tgz 9564ms (cache miss)
3393 http fetch GET 200 https://registry.npmjs.org/babel-preset-expo/-/babel-preset-expo-54.0.10.tgz 9631ms (cache miss)
3394 silly packumentCache corgi:https://registry.npmjs.org/xcode cache-miss
3395 http fetch GET 200 https://registry.npmjs.org/js-yaml/-/js-yaml-4.1.1.tgz 9765ms (cache miss)
3396 http fetch GET 200 https://registry.npmjs.org/js-yaml/-/js-yaml-3.14.2.tgz 10377ms (cache miss)
3397 http fetch GET 200 https://registry.npmjs.org/type-fest/-/type-fest-0.21.3.tgz 9866ms (cache miss)
3398 http fetch GET 200 https://registry.npmjs.org/@expo/config/-/config-12.0.13.tgz 10736ms (cache miss)
3399 http fetch GET 200 https://registry.npmjs.org/promise/-/promise-7.3.1.tgz 9674ms (cache miss)
3400 http fetch GET 200 https://registry.npmjs.org/@jridgewell/trace-mapping/-/trace-mapping-0.3.31.tgz 10143ms (cache miss)
3401 http fetch GET 200 https://registry.npmjs.org/xmlbuilder/-/xmlbuilder-11.0.1.tgz 9843ms (cache miss)
3402 http fetch GET 200 https://registry.npmjs.org/metro-config/-/metro-config-0.83.3.tgz 10653ms (cache miss)
3403 http fetch GET 200 https://registry.npmjs.org/exponential-backoff/-/exponential-backoff-3.1.3.tgz 10529ms (cache miss)
3404 http fetch GET 200 https://registry.npmjs.org/terser/-/terser-5.46.1.tgz 10882ms (cache miss)
3405 http fetch GET 200 https://registry.npmjs.org/yargs/-/yargs-17.7.2.tgz 10962ms (cache miss)
3406 http fetch GET 200 https://registry.npmjs.org/metro-source-map/-/metro-source-map-0.83.3.tgz 10744ms (cache miss)
3407 http fetch GET 200 https://registry.npmjs.org/minimatch/-/minimatch-10.2.5.tgz 11043ms (cache miss)
3408 http fetch GET 200 https://registry.npmjs.org/node-forge/-/node-forge-1.4.0.tgz 11183ms (cache miss)
3409 http fetch GET 200 https://registry.npmjs.org/@babel/generator/-/generator-7.29.1.tgz 10269ms (cache miss)
3410 http fetch GET 200 https://registry.npmjs.org/@expo/devtools/-/devtools-0.1.8.tgz 10477ms (cache miss)
3411 http fetch GET 200 https://registry.npmjs.org/image-size/-/image-size-1.2.1.tgz 10805ms (cache miss)
3412 http fetch GET 200 https://registry.npmjs.org/@react-navigation/routers/-/routers-7.5.3.tgz 10620ms (cache miss)
3413 http fetch GET 200 https://registry.npmjs.org/@react-native/community-cli-plugin/-/community-cli-plugin-0.81.5.tgz 10647ms (cache miss)
3414 http fetch GET 200 https://registry.npmjs.org/inline-style-prefixer/-/inline-style-prefixer-7.0.1.tgz 10971ms (cache miss)
3415 http fetch GET 200 https://registry.npmjs.org/prompts/-/prompts-2.4.2.tgz 11493ms (cache miss)
3416 http fetch GET 200 https://registry.npmjs.org/metro-resolver/-/metro-resolver-0.83.3.tgz 11185ms (cache miss)
3417 http fetch GET 200 https://registry.npmjs.org/xcode 857ms (cache miss)
3418 silly packumentCache corgi:https://registry.npmjs.org/xcode set size:undefined disposed:false
3419 silly packumentCache corgi:https://registry.npmjs.org/expo cache-miss
3420 silly packumentCache corgi:https://registry.npmjs.org/@expo%2fcli cache-miss
3421 http fetch GET 200 https://registry.npmjs.org/@react-native/dev-middleware/-/dev-middleware-0.81.5.tgz 11060ms (cache miss)
3422 http fetch GET 200 https://registry.npmjs.org/minimatch/-/minimatch-9.0.9.tgz 10711ms (cache miss)
3423 http fetch GET 200 https://registry.npmjs.org/glob/-/glob-13.0.6.tgz 11858ms (cache miss)
3424 http fetch GET 200 https://registry.npmjs.org/@babel/traverse/-/traverse-7.29.0.tgz 11229ms (cache miss)
3425 http fetch GET 200 https://registry.npmjs.org/@babel/traverse/-/traverse-7.29.0.tgz 11228ms (cache miss)
3426 http fetch GET 200 https://registry.npmjs.org/@types/node/-/node-25.5.0.tgz 11423ms (cache miss)
3427 http fetch GET 200 https://registry.npmjs.org/react-dom/-/react-dom-19.1.0.tgz 11866ms (cache miss)
3428 http fetch GET 200 https://registry.npmjs.org/expo-keep-awake/-/expo-keep-awake-15.0.8.tgz 11122ms (cache miss)
3429 http fetch GET 200 https://registry.npmjs.org/@expo%2fcli 449ms (cache miss)
3430 silly packumentCache corgi:https://registry.npmjs.org/@expo%2fcli set size:undefined disposed:false
3431 http fetch GET 200 https://registry.npmjs.org/lightningcss-win32-x64-msvc/-/lightningcss-win32-x64-msvc-1.32.0.tgz 12342ms (cache miss)
3432 http fetch GET 200 https://registry.npmjs.org/expo 662ms (cache miss)
3433 silly packumentCache corgi:https://registry.npmjs.org/expo set size:undefined disposed:false
3434 http fetch GET 200 https://registry.npmjs.org/@expo/fingerprint/-/fingerprint-0.15.5.tgz 12367ms (cache miss)
3435 silly packumentCache corgi:https://registry.npmjs.org/@expo%2fconfig-plugins cache-miss
3436 http fetch GET 200 https://registry.npmjs.org/metro-file-map/-/metro-file-map-0.83.3.tgz 12204ms (cache miss)
3437 http fetch GET 200 https://registry.npmjs.org/hermes-parser/-/hermes-parser-0.32.0.tgz 12114ms (cache miss)
3438 http fetch GET 200 https://registry.npmjs.org/resolve/-/resolve-1.22.11.tgz 12497ms (cache miss)
3439 http fetch GET 200 https://registry.npmjs.org/react-native-drawer-layout/-/react-native-drawer-layout-4.2.2.tgz 12502ms (cache miss)
3440 http fetch GET 200 https://registry.npmjs.org/@expo%2fconfig-plugins 357ms (cache miss)
3441 silly packumentCache corgi:https://registry.npmjs.org/@expo%2fconfig-plugins set size:undefined disposed:false
3442 http fetch GET 200 https://registry.npmjs.org/hermes-parser/-/hermes-parser-0.29.1.tgz 11997ms (cache miss)
3443 silly packumentCache corgi:https://registry.npmjs.org/@expo%2fmetro-runtime cache-miss
3444 silly packumentCache corgi:https://registry.npmjs.org/babel-preset-expo cache-miss
3445 silly packumentCache corgi:https://registry.npmjs.org/expo-font cache-miss
3446 silly packumentCache corgi:https://registry.npmjs.org/expo-keep-awake cache-miss
3447 silly packumentCache corgi:https://registry.npmjs.org/expo-asset cache-miss
3448 silly packumentCache corgi:https://registry.npmjs.org/expo-constants cache-miss
3449 silly packumentCache corgi:https://registry.npmjs.org/expo-file-system cache-miss
3450 silly packumentCache corgi:https://registry.npmjs.org/@expo%2fprebuild-config cache-miss
3451 http fetch GET 200 https://registry.npmjs.org/hermes-parser/-/hermes-parser-0.29.1.tgz 12238ms (cache miss)
3452 http fetch GET 200 https://registry.npmjs.org/hermes-parser/-/hermes-parser-0.29.1.tgz 12476ms (cache miss)
3453 http fetch GET 200 https://registry.npmjs.org/expo-keep-awake 401ms (cache miss)
3454 silly packumentCache corgi:https://registry.npmjs.org/expo-keep-awake set size:undefined disposed:false
3455 http fetch GET 200 https://registry.npmjs.org/expo-font 526ms (cache miss)
3456 silly packumentCache corgi:https://registry.npmjs.org/expo-font set size:undefined disposed:false
3457 http fetch GET 200 https://registry.npmjs.org/babel-preset-expo 652ms (cache miss)
3458 silly packumentCache corgi:https://registry.npmjs.org/babel-preset-expo set size:undefined disposed:false
3459 http fetch GET 200 https://registry.npmjs.org/@expo%2fmetro-runtime 739ms (cache miss)
3460 silly packumentCache corgi:https://registry.npmjs.org/@expo%2fmetro-runtime set size:undefined disposed:false
3461 http fetch GET 200 https://registry.npmjs.org/expo-file-system 748ms (cache miss)
3462 silly packumentCache corgi:https://registry.npmjs.org/expo-file-system set size:undefined disposed:false
3463 http fetch GET 200 https://registry.npmjs.org/expo-constants 816ms (cache miss)
3464 silly packumentCache corgi:https://registry.npmjs.org/expo-constants set size:undefined disposed:false
3465 http fetch GET 200 https://registry.npmjs.org/expo-asset 876ms (cache miss)
3466 silly packumentCache corgi:https://registry.npmjs.org/expo-asset set size:undefined disposed:false
3467 http fetch GET 200 https://registry.npmjs.org/@expo%2fprebuild-config 940ms (cache miss)
3468 silly packumentCache corgi:https://registry.npmjs.org/@expo%2fprebuild-config set size:undefined disposed:false
3469 silly packumentCache corgi:https://registry.npmjs.org/@expo%2fconfig cache-miss
3470 http fetch GET 200 https://registry.npmjs.org/@egjs/hammerjs/-/hammerjs-2.0.17.tgz 13993ms (cache miss)
3471 http fetch GET 200 https://registry.npmjs.org/@expo%2fconfig 432ms (cache miss)
3472 silly packumentCache corgi:https://registry.npmjs.org/@expo%2fconfig set size:undefined disposed:false
3473 http fetch GET 200 https://registry.npmjs.org/@react-navigation/drawer/-/drawer-7.9.8.tgz 14970ms (cache miss)
3474 http fetch GET 200 https://registry.npmjs.org/lru-cache/-/lru-cache-11.3.6.tgz 14687ms (cache miss)
3475 http fetch GET 200 https://registry.npmjs.org/@babel/core/-/core-7.29.0.tgz 15129ms (cache miss)
3476 http fetch GET 200 https://registry.npmjs.org/expo-asset/-/expo-asset-12.0.13.tgz 16094ms (cache miss)
3477 http fetch GET 200 https://registry.npmjs.org/react-devtools-core/-/react-devtools-core-6.1.5.tgz 15942ms (cache miss)
3478 http fetch GET 200 https://registry.npmjs.org/expo-font/-/expo-font-14.0.11.tgz 15190ms (cache miss)
3479 http fetch GET 200 https://registry.npmjs.org/@expo/metro-config/-/metro-config-54.0.15.tgz 16324ms (cache miss)
3480 http fetch GET 200 https://registry.npmjs.org/@react-navigation/native/-/native-7.2.2.tgz 15978ms (cache miss)
3481 http fetch GET 200 https://registry.npmjs.org/undici/-/undici-6.25.0.tgz 16862ms (cache miss)
3482 http fetch GET 200 https://registry.npmjs.org/@react-navigation/bottom-tabs/-/bottom-tabs-7.15.9.tgz 16179ms (cache miss)
3483 http fetch GET 200 https://registry.npmjs.org/@expo/metro-runtime/-/metro-runtime-6.1.2.tgz 16186ms (cache miss)
3484 http fetch GET 200 https://registry.npmjs.org/fbjs/-/fbjs-3.0.5.tgz 16468ms (cache miss)
3485 http fetch GET 200 https://registry.npmjs.org/expo-server/-/expo-server-1.0.6.tgz 17007ms (cache miss)
3486 http fetch GET 200 https://registry.npmjs.org/@react-native/gradle-plugin/-/gradle-plugin-0.81.5.tgz 16280ms (cache miss)
3487 http fetch GET 200 https://registry.npmjs.org/expo-file-system/-/expo-file-system-19.0.22.tgz 16946ms (cache miss)
3488 http fetch GET 200 https://registry.npmjs.org/react-native-safe-area-context/-/react-native-safe-area-context-5.6.2.tgz 16947ms (cache miss)
3489 http fetch GET 200 https://registry.npmjs.org/@babel/types/-/types-7.29.0.tgz 16485ms (cache miss)
3490 http fetch GET 200 https://registry.npmjs.org/@expo/prebuild-config/-/prebuild-config-54.0.8.tgz 17676ms (cache miss)
3491 http fetch GET 200 https://registry.npmjs.org/@react-native-picker/picker/-/picker-2.11.1.tgz 17132ms (cache miss)
3492 http fetch GET 200 https://registry.npmjs.org/@babel/runtime/-/runtime-7.29.2.tgz 17106ms (cache miss)
3493 http fetch GET 200 https://registry.npmjs.org/sucrase/-/sucrase-3.35.1.tgz 17851ms (cache miss)
3494 http fetch GET 200 https://registry.npmjs.org/@react-native/codegen/-/codegen-0.81.5.tgz 17295ms (cache miss)
3495 http fetch GET 200 https://registry.npmjs.org/@react-native/codegen/-/codegen-0.84.1.tgz 16965ms (cache miss)
3496 http fetch GET 200 https://registry.npmjs.org/expo-modules-autolinking/-/expo-modules-autolinking-3.0.25.tgz 18103ms (cache miss)
3497 http fetch GET 200 https://registry.npmjs.org/yaml/-/yaml-2.8.3.tgz 18305ms (cache miss)
3498 http fetch GET 200 https://registry.npmjs.org/tar/-/tar-7.5.13.tgz 18528ms (cache miss)
3499 http fetch GET 200 https://registry.npmjs.org/@babel/helpers/-/helpers-7.29.2.tgz 17639ms (cache miss)
3500 http fetch GET 200 https://registry.npmjs.org/@react-navigation/elements/-/elements-2.9.14.tgz 18098ms (cache miss)
3501 http fetch GET 200 https://registry.npmjs.org/@expo/config-plugins/-/config-plugins-54.0.4.tgz 18718ms (cache miss)
3502 http fetch GET 200 https://registry.npmjs.org/@expo/vector-icons/-/vector-icons-15.1.1.tgz 17898ms (cache miss)
3503 http fetch GET 200 https://registry.npmjs.org/regenerate-unicode-properties/-/regenerate-unicode-properties-10.2.2.tgz 19747ms (cache miss)
3504 http fetch GET 200 https://registry.npmjs.org/expo/-/expo-54.0.34.tgz 20333ms (cache miss)
3505 http fetch GET 200 https://registry.npmjs.org/metro/-/metro-0.83.3.tgz 20199ms (cache miss)
3506 http fetch GET 200 https://registry.npmjs.org/@react-navigation/core/-/core-7.17.2.tgz 20019ms (cache miss)
3507 http fetch GET 200 https://registry.npmjs.org/@expo/metro/-/metro-54.2.0.tgz 21139ms (cache miss)
3508 http fetch GET 200 https://registry.npmjs.org/react-native-worklets/-/react-native-worklets-0.8.1.tgz 23448ms (cache miss)
3509 http fetch GET 200 https://registry.npmjs.org/caniuse-lite/-/caniuse-lite-1.0.30001781.tgz 24995ms (cache miss)
3510 http fetch GET 200 https://registry.npmjs.org/react-native-web/-/react-native-web-0.21.2.tgz 27679ms (cache miss)
3511 http fetch GET 200 https://registry.npmjs.org/expo-modules-core/-/expo-modules-core-3.0.30.tgz 28140ms (cache miss)
3512 http fetch GET 200 https://registry.npmjs.org/@expo/cli/-/cli-54.0.24.tgz 27726ms (cache miss)
3513 http fetch GET 200 https://registry.npmjs.org/@react-native/debugger-frontend/-/debugger-frontend-0.81.5.tgz 28210ms (cache miss)
3514 http fetch GET 200 https://registry.npmjs.org/react-native-screens/-/react-native-screens-4.16.0.tgz 28826ms (cache miss)
3515 http fetch GET 200 https://registry.npmjs.org/react-native-gesture-handler/-/react-native-gesture-handler-2.28.0.tgz 29026ms (cache miss)
3516 http fetch GET 200 https://registry.npmjs.org/react-native-reanimated/-/react-native-reanimated-4.3.0.tgz 31644ms (cache miss)
3517 http fetch GET 200 https://registry.npmjs.org/react-native/-/react-native-0.81.5.tgz 39109ms (cache miss)
3518 silly ADD node_modules/define-lazy-prop
3519 silly ADD node_modules/clone
3520 silly ADD node_modules/defaults
3521 silly ADD node_modules/supports-hyperlinks
3522 silly ADD node_modules/supports-hyperlinks/node_modules/supports-color
3523 silly ADD node_modules/supports-hyperlinks/node_modules/has-flag
3524 silly ADD node_modules/ansi-escapes
3525 silly ADD node_modules/ansi-escapes/node_modules/type-fest
3526 silly ADD node_modules/minizlib
3527 silly ADD node_modules/chownr
3528 silly ADD node_modules/@isaacs/fs-minipass
3529 silly ADD node_modules/mimic-fn
3530 silly ADD node_modules/onetime
3531 silly ADD node_modules/strip-json-comments
3532 silly ADD node_modules/minimist
3533 silly ADD node_modules/ini
3534 silly ADD node_modules/deep-extend
3535 silly ADD node_modules/rc
3536 silly ADD node_modules/nested-error-stacks
3537 silly ADD node_modules/sisteransi
3538 silly ADD node_modules/kleur
3539 silly ADD node_modules/restore-cursor
3540 silly ADD node_modules/wcwidth
3541 silly ADD node_modules/log-symbols
3542 silly ADD node_modules/cli-spinners
3543 silly ADD node_modules/cli-cursor
3544 silly ADD node_modules/validate-npm-package-name
3545 silly ADD node_modules/proc-log
3546 silly ADD node_modules/hosted-git-info
3547 silly ADD node_modules/hosted-git-info/node_modules/lru-cache
3548 silly ADD node_modules/vary
3549 silly ADD node_modules/safe-buffer
3550 silly ADD node_modules/on-headers
3551 silly ADD node_modules/compressible
3552 silly ADD node_modules/bytes
3553 silly ADD node_modules/wonka
3554 silly ADD node_modules/@expo/sudo-prompt
3555 silly ADD node_modules/undici
3556 silly ADD node_modules/terminal-link
3557 silly ADD node_modules/tar
3558 silly ADD node_modules/tar/node_modules/yallist
3559 silly ADD node_modules/structured-headers
3560 silly ADD node_modules/resolve.exports
3561 silly ADD node_modules/requireg
3562 silly ADD node_modules/requireg/node_modules/resolve
3563 silly ADD node_modules/qrcode-terminal
3564 silly ADD node_modules/prompts
3565 silly ADD node_modules/progress
3566 silly ADD node_modules/pretty-bytes
3567 silly ADD node_modules/ora
3568 silly ADD node_modules/ora/node_modules/ansi-regex
3569 silly ADD node_modules/ora/node_modules/strip-ansi
3570 silly ADD node_modules/npm-package-arg
3571 silly ADD node_modules/node-forge
3572 silly ADD node_modules/lan-network
3573 silly ADD node_modules/freeport-async
3574 silly ADD node_modules/expo-server
3575 silly ADD node_modules/env-editor
3576 silly ADD node_modules/compression
3577 silly ADD node_modules/compression/node_modules/ms
3578 silly ADD node_modules/compression/node_modules/negotiator
3579 silly ADD node_modules/compression/node_modules/debug
3580 silly ADD node_modules/better-opn
3581 silly ADD node_modules/better-opn/node_modules/open
3582 silly ADD node_modules/@urql/exchange-retry
3583 silly ADD node_modules/@urql/core
3584 silly ADD node_modules/@expo/xcpretty
3585 silly ADD node_modules/@expo/xcpretty/node_modules/has-flag
3586 silly ADD node_modules/@expo/xcpretty/node_modules/argparse
3587 silly ADD node_modules/@expo/xcpretty/node_modules/color-name
3588 silly ADD node_modules/@expo/xcpretty/node_modules/color-convert
3589 silly ADD node_modules/@expo/xcpretty/node_modules/supports-color
3590 silly ADD node_modules/@expo/xcpretty/node_modules/ansi-styles
3591 silly ADD node_modules/@expo/xcpretty/node_modules/js-yaml
3592 silly ADD node_modules/@expo/xcpretty/node_modules/chalk
3593 silly ADD node_modules/@expo/xcpretty/node_modules/@babel/code-frame
3594 silly ADD node_modules/@expo/ws-tunnel
3595 silly ADD node_modules/@expo/schema-utils
3596 silly ADD node_modules/@expo/prebuild-config
3597 silly ADD node_modules/@expo/package-manager
3598 silly ADD node_modules/@expo/package-manager/node_modules/has-flag
3599 silly ADD node_modules/@expo/package-manager/node_modules/color-name
3600 silly ADD node_modules/@expo/package-manager/node_modules/color-convert
3601 silly ADD node_modules/@expo/package-manager/node_modules/supports-color
3602 silly ADD node_modules/@expo/package-manager/node_modules/ansi-styles
3603 silly ADD node_modules/@expo/package-manager/node_modules/chalk
3604 silly ADD node_modules/@expo/osascript
3605 silly ADD node_modules/@expo/devcert
3606 silly ADD node_modules/@expo/devcert/node_modules/debug
3607 silly ADD node_modules/@expo/code-signing-certificates
3608 silly ADD node_modules/@0no-co/graphql.web
3609 silly ADD node_modules/sax
3610 silly ADD node_modules/big-integer
3611 silly ADD node_modules/stream-buffers
3612 silly ADD node_modules/plist
3613 silly ADD node_modules/plist/node_modules/@xmldom/xmldom
3614 silly ADD node_modules/bplist-parser
3615 silly ADD node_modules/bplist-creator
3616 silly ADD node_modules/uuid
3617 silly ADD node_modules/simple-plist
3618 silly ADD node_modules/isexe
3619 silly ADD node_modules/thenify
3620 silly ADD node_modules/has-flag
3621 silly ADD node_modules/thenify-all
3622 silly ADD node_modules/any-promise
3623 silly ADD node_modules/ts-interface-checker
3624 silly ADD node_modules/mz
3625 silly ADD node_modules/lines-and-columns
3626 silly ADD node_modules/shebang-regex
3627 silly ADD node_modules/source-map-js
3628 silly ADD node_modules/pngjs
3629 silly ADD node_modules/yocto-queue
3630 silly ADD node_modules/brace-expansion
3631 silly ADD node_modules/brace-expansion/node_modules/balanced-match
3632 silly ADD node_modules/lightningcss-win32-x64-msvc
3633 silly ADD node_modules/detect-libc
3634 silly ADD node_modules/path-scurry
3635 silly ADD node_modules/path-scurry/node_modules/lru-cache
3636 silly ADD node_modules/minipass
3637 silly ADD node_modules/commander
3638 silly ADD node_modules/parse-png
3639 silly ADD node_modules/jimp-compact
3640 silly ADD node_modules/@expo/require-utils
3641 silly ADD node_modules/@expo/require-utils/node_modules/@babel/code-frame
3642 silly ADD node_modules/@expo/image-utils
3643 silly ADD node_modules/@expo/image-utils/node_modules/has-flag
3644 silly ADD node_modules/@expo/image-utils/node_modules/color-name
3645 silly ADD node_modules/@expo/image-utils/node_modules/color-convert
3646 silly ADD node_modules/@expo/image-utils/node_modules/supports-color
3647 silly ADD node_modules/@expo/image-utils/node_modules/ansi-styles
3648 silly ADD node_modules/@expo/image-utils/node_modules/chalk
3649 silly ADD node_modules/which
3650 silly ADD node_modules/shebang-command
3651 silly ADD node_modules/path-key
3652 silly ADD node_modules/color-convert
3653 silly ADD node_modules/supports-color
3654 silly ADD node_modules/escape-string-regexp
3655 silly ADD node_modules/ansi-styles
3656 silly ADD node_modules/cross-spawn
3657 silly ADD node_modules/xmlbuilder
3658 silly ADD node_modules/@xmldom/xmldom
3659 silly ADD node_modules/postcss
3660 silly ADD node_modules/lightningcss
3661 silly ADD node_modules/dotenv-expand
3662 silly ADD node_modules/dotenv
3663 silly ADD node_modules/@expo/env
3664 silly ADD node_modules/@expo/env/node_modules/has-flag
3665 silly ADD node_modules/@expo/env/node_modules/color-name
3666 silly ADD node_modules/@expo/env/node_modules/color-convert
3667 silly ADD node_modules/@expo/env/node_modules/supports-color
3668 silly ADD node_modules/@expo/env/node_modules/ansi-styles
3669 silly ADD node_modules/@expo/env/node_modules/chalk
3670 silly ADD node_modules/p-limit
3671 silly ADD node_modules/minimatch
3672 silly ADD node_modules/ignore
3673 silly ADD node_modules/arg
3674 silly ADD node_modules/@expo/spawn-async
3675 silly ADD node_modules/xml2js
3676 silly ADD node_modules/xml2js/node_modules/xmlbuilder
3677 silly ADD node_modules/xcode
3678 silly ADD node_modules/@expo/sdk-runtime-versions
3679 silly ADD node_modules/@expo/plist
3680 silly ADD node_modules/chalk
3681 silly ADD node_modules/@babel/highlight
3682 silly ADD node_modules/sucrase
3683 silly ADD node_modules/sucrase/node_modules/commander
3684 silly ADD node_modules/slugify
3685 silly ADD node_modules/resolve-workspace-root
3686 silly ADD node_modules/require-from-string
3687 silly ADD node_modules/glob
3688 silly ADD node_modules/getenv
3689 silly ADD node_modules/deepmerge
3690 silly ADD node_modules/@expo/json-file
3691 silly ADD node_modules/@expo/json-file/node_modules/@babel/code-frame
3692 silly ADD node_modules/@expo/config-types
3693 silly ADD node_modules/@babel/code-frame
3694 silly ADD node_modules/expo-modules-core
3695 silly ADD node_modules/expo-modules-autolinking
3696 silly ADD node_modules/expo-modules-autolinking/node_modules/has-flag
3697 silly ADD node_modules/expo-modules-autolinking/node_modules/color-name
3698 silly ADD node_modules/expo-modules-autolinking/node_modules/color-convert
3699 silly ADD node_modules/expo-modules-autolinking/node_modules/supports-color
3700 silly ADD node_modules/expo-modules-autolinking/node_modules/ansi-styles
3701 silly ADD node_modules/expo-modules-autolinking/node_modules/chalk
3702 silly ADD node_modules/expo-file-system
3703 silly ADD node_modules/expo-constants
3704 silly ADD node_modules/expo-asset
3705 silly ADD node_modules/@expo/metro-config
3706 silly ADD node_modules/@expo/metro-config/node_modules/has-flag
3707 silly ADD node_modules/@expo/metro-config/node_modules/hermes-estree
3708 silly ADD node_modules/@expo/metro-config/node_modules/color-name
3709 silly ADD node_modules/@expo/metro-config/node_modules/color-convert
3710 silly ADD node_modules/@expo/metro-config/node_modules/supports-color
3711 silly ADD node_modules/@expo/metro-config/node_modules/ansi-styles
3712 silly ADD node_modules/@expo/metro-config/node_modules/picomatch
3713 silly ADD node_modules/@expo/metro-config/node_modules/hermes-parser
3714 silly ADD node_modules/@expo/metro-config/node_modules/chalk
3715 silly ADD node_modules/@expo/metro-config/node_modules/@babel/code-frame
3716 silly ADD node_modules/@expo/metro
3717 silly ADD node_modules/@expo/fingerprint
3718 silly ADD node_modules/@expo/fingerprint/node_modules/has-flag
3719 silly ADD node_modules/@expo/fingerprint/node_modules/color-name
3720 silly ADD node_modules/@expo/fingerprint/node_modules/color-convert
3721 silly ADD node_modules/@expo/fingerprint/node_modules/supports-color
3722 silly ADD node_modules/@expo/fingerprint/node_modules/ansi-styles
3723 silly ADD node_modules/@expo/fingerprint/node_modules/chalk
3724 silly ADD node_modules/@expo/config-plugins
3725 silly ADD node_modules/@expo/config-plugins/node_modules/has-flag
3726 silly ADD node_modules/@expo/config-plugins/node_modules/color-name
3727 silly ADD node_modules/@expo/config-plugins/node_modules/color-convert
3728 silly ADD node_modules/@expo/config-plugins/node_modules/supports-color
3729 silly ADD node_modules/@expo/config-plugins/node_modules/ansi-styles
3730 silly ADD node_modules/@expo/config-plugins/node_modules/chalk
3731 silly ADD node_modules/@expo/config
3732 silly ADD node_modules/expo
3733 silly ADD node_modules/expo/node_modules/has-flag
3734 silly ADD node_modules/expo/node_modules/brace-expansion
3735 silly ADD node_modules/expo/node_modules/color-name
3736 silly ADD node_modules/expo/node_modules/color-convert
3737 silly ADD node_modules/expo/node_modules/supports-color
3738 silly ADD node_modules/expo/node_modules/ansi-styles
3739 silly ADD node_modules/expo/node_modules/ws
3740 silly ADD node_modules/expo/node_modules/picomatch
3741 silly ADD node_modules/expo/node_modules/minimatch
3742 silly ADD node_modules/expo/node_modules/ci-info
3743 silly ADD node_modules/expo/node_modules/chalk
3744 silly ADD node_modules/expo/node_modules/@expo/cli
3745 silly ADD node_modules/expo/node_modules/expo-keep-awake
3746 silly ADD node_modules/expo/node_modules/expo-font
3747 silly ADD node_modules/expo/node_modules/babel-preset-expo
3748 silly ADD node_modules/expo/node_modules/@expo/vector-icons
3749 silly ADD node_modules/yargs-parser
3750 silly ADD node_modules/yargs
3751 silly ADD node_modules/yaml
3752 silly ADD node_modules/yallist
3753 silly ADD node_modules/y18n
3754 silly ADD node_modules/ws
3755 silly ADD node_modules/write-file-atomic
3756 silly ADD node_modules/wrappy
3757 silly ADD node_modules/wrap-ansi
3758 silly ADD node_modules/wrap-ansi/node_modules/color-name
3759 silly ADD node_modules/wrap-ansi/node_modules/color-convert
3760 silly ADD node_modules/wrap-ansi/node_modules/ansi-styles
3761 silly ADD node_modules/whatwg-url-without-unicode
3762 silly ADD node_modules/whatwg-url
3763 silly ADD node_modules/whatwg-url/node_modules/webidl-conversions
3764 silly ADD node_modules/whatwg-fetch
3765 silly ADD node_modules/webidl-conversions
3766 silly ADD node_modules/warn-once
3767 silly ADD node_modules/walker
3768 silly ADD node_modules/vlq
3769 silly ADD node_modules/utils-merge
3770 silly ADD node_modules/use-sync-external-store
3771 silly ADD node_modules/use-latest-callback
3772 silly ADD node_modules/update-browserslist-db
3773 silly ADD node_modules/unpipe
3774 silly ADD node_modules/unicode-property-aliases-ecmascript
3775 silly ADD node_modules/unicode-match-property-value-ecmascript
3776 silly ADD node_modules/unicode-match-property-ecmascript
3777 silly ADD node_modules/unicode-canonical-property-names-ecmascript
3778 silly ADD node_modules/undici-types
3779 silly ADD node_modules/ua-parser-js
3780 silly ADD node_modules/type-fest
3781 silly ADD node_modules/type-detect
3782 silly ADD node_modules/tr46
3783 silly ADD node_modules/toidentifier
3784 silly ADD node_modules/to-regex-range
3785 silly ADD node_modules/tmpl
3786 silly ADD node_modules/tinyglobby
3787 silly ADD node_modules/tinyglobby/node_modules/picomatch
3788 silly ADD node_modules/tinyglobby/node_modules/fdir
3789 silly ADD node_modules/throat
3790 silly ADD node_modules/test-exclude
3791 silly ADD node_modules/test-exclude/node_modules/minimatch
3792 silly ADD node_modules/test-exclude/node_modules/glob
3793 silly ADD node_modules/test-exclude/node_modules/brace-expansion
3794 silly ADD node_modules/terser
3795 silly ADD node_modules/terser/node_modules/commander
3796 silly ADD node_modules/supports-preserve-symlinks-flag
3797 silly ADD node_modules/styleq
3798 silly ADD node_modules/strip-ansi
3799 silly ADD node_modules/string-width
3800 silly ADD node_modules/strict-uri-encode
3801 silly ADD node_modules/statuses
3802 silly ADD node_modules/stacktrace-parser
3803 silly ADD node_modules/stackframe
3804 silly ADD node_modules/stack-utils
3805 silly ADD node_modules/stack-utils/node_modules/escape-string-regexp
3806 silly ADD node_modules/sprintf-js
3807 silly ADD node_modules/split-on-first
3808 silly ADD node_modules/source-map-support
3809 silly ADD node_modules/source-map-support/node_modules/source-map
3810 silly ADD node_modules/source-map
3811 silly ADD node_modules/slash
3812 silly ADD node_modules/simple-swizzle
3813 silly ADD node_modules/signal-exit
3814 silly ADD node_modules/shell-quote
3815 silly ADD node_modules/sf-symbols-typescript
3816 silly ADD node_modules/setprototypeof
3817 silly ADD node_modules/setimmediate
3818 silly ADD node_modules/serve-static
3819 silly ADD node_modules/serve-static/node_modules/encodeurl
3820 silly ADD node_modules/serialize-error
3821 silly ADD node_modules/send
3822 silly ADD node_modules/send/node_modules/statuses
3823 silly ADD node_modules/send/node_modules/on-finished
3824 silly ADD node_modules/send/node_modules/encodeurl
3825 silly ADD node_modules/send/node_modules/debug
3826 silly ADD node_modules/send/node_modules/debug/node_modules/ms
3827 silly ADD node_modules/semver
3828 silly ADD node_modules/scheduler
3829 silly ADD node_modules/rimraf
3830 silly ADD node_modules/rimraf/node_modules/minimatch
3831 silly ADD node_modules/rimraf/node_modules/glob
3832 silly ADD node_modules/rimraf/node_modules/brace-expansion
3833 silly ADD node_modules/resolve-from
3834 silly ADD node_modules/resolve
3835 silly ADD node_modules/require-directory
3836 silly ADD node_modules/regjsparser
3837 silly ADD node_modules/regjsgen
3838 silly ADD node_modules/regexpu-core
3839 silly ADD node_modules/regenerator-runtime
3840 silly ADD node_modules/regenerate-unicode-properties
3841 silly ADD node_modules/regenerate
3842 silly ADD node_modules/react-refresh
3843 silly ADD node_modules/react-native-worklets
3844 silly ADD node_modules/react-native-web
3845 silly ADD node_modules/react-native-web/node_modules/memoize-one
3846 silly ADD node_modules/react-native-web/node_modules/@react-native/normalize-colors
3847 silly ADD node_modules/react-native-screens
3848 silly ADD node_modules/react-native-safe-area-context
3849 silly ADD node_modules/react-native-reanimated
3850 silly ADD node_modules/react-native-is-edge-to-edge
3851 silly ADD node_modules/react-native-gesture-handler
3852 silly ADD node_modules/react-native-drawer-layout
3853 silly ADD node_modules/react-native
3854 silly ADD node_modules/react-native/node_modules/ws
3855 silly ADD node_modules/react-native/node_modules/minimatch
3856 silly ADD node_modules/react-native/node_modules/glob
3857 silly ADD node_modules/react-native/node_modules/commander
3858 silly ADD node_modules/react-native/node_modules/brace-expansion
3859 silly ADD node_modules/react-native/node_modules/@react-native/virtualized-lists
3860 silly ADD node_modules/react-is
3861 silly ADD node_modules/react-freeze
3862 silly ADD node_modules/react-dom
3863 silly ADD node_modules/react-devtools-core
3864 silly ADD node_modules/react
3865 silly ADD node_modules/range-parser
3866 silly ADD node_modules/queue
3867 silly ADD node_modules/query-string
3868 silly ADD node_modules/punycode
3869 silly ADD node_modules/promise
3870 silly ADD node_modules/pretty-format
3871 silly ADD node_modules/pretty-format/node_modules/ansi-styles
3872 silly ADD node_modules/postcss-value-parser
3873 silly ADD node_modules/pirates
3874 silly ADD node_modules/picomatch
3875 silly ADD node_modules/picocolors
3876 silly ADD node_modules/path-parse
3877 silly ADD node_modules/path-is-absolute
3878 silly ADD node_modules/path-exists
3879 silly ADD node_modules/parseurl
3880 silly ADD node_modules/p-try
3881 silly ADD node_modules/p-locate
3882 silly ADD node_modules/p-locate/node_modules/p-limit
3883 silly ADD node_modules/open
3884 silly ADD node_modules/once
3885 silly ADD node_modules/on-finished
3886 silly ADD node_modules/object-assign
3887 silly ADD node_modules/ob1
3888 silly ADD node_modules/nullthrows
3889 silly ADD node_modules/normalize-path
3890 silly ADD node_modules/node-releases
3891 silly ADD node_modules/node-int64
3892 silly ADD node_modules/node-fetch
3893 silly ADD node_modules/negotiator
3894 silly ADD node_modules/nanoid
3895 silly ADD node_modules/ms
3896 silly ADD node_modules/mkdirp
3897 silly ADD node_modules/mime-types
3898 silly ADD node_modules/mime-db
3899 silly ADD node_modules/mime
3900 silly ADD node_modules/micromatch
3901 silly ADD node_modules/metro-transform-worker
3902 silly ADD node_modules/metro-transform-plugins
3903 silly ADD node_modules/metro-symbolicate
3904 silly ADD node_modules/metro-source-map
3905 silly ADD node_modules/metro-runtime
3906 silly ADD node_modules/metro-resolver
3907 silly ADD node_modules/metro-minify-terser
3908 silly ADD node_modules/metro-file-map
3909 silly ADD node_modules/metro-core
3910 silly ADD node_modules/metro-config
3911 silly ADD node_modules/metro-cache-key
3912 silly ADD node_modules/metro-cache
3913 silly ADD node_modules/metro-babel-transformer
3914 silly ADD node_modules/metro
3915 silly ADD node_modules/metro/node_modules/supports-color
3916 silly ADD node_modules/metro/node_modules/has-flag
3917 silly ADD node_modules/metro/node_modules/color-name
3918 silly ADD node_modules/metro/node_modules/color-convert
3919 silly ADD node_modules/metro/node_modules/chalk
3920 silly ADD node_modules/metro/node_modules/ansi-styles
3921 silly ADD node_modules/metro/node_modules/@babel/code-frame
3922 silly ADD node_modules/merge-stream
3923 silly ADD node_modules/memoize-one
3924 silly ADD node_modules/marky
3925 silly ADD node_modules/makeerror
3926 silly ADD node_modules/lru-cache
3927 silly ADD node_modules/loose-envify
3928 silly ADD node_modules/lodash.throttle
3929 silly ADD node_modules/lodash.debounce
3930 silly ADD node_modules/locate-path
3931 silly ADD node_modules/lighthouse-logger
3932 silly ADD node_modules/lighthouse-logger/node_modules/ms
3933 silly ADD node_modules/lighthouse-logger/node_modules/debug
3934 silly ADD node_modules/leven
3935 silly ADD node_modules/json5
3936 silly ADD node_modules/jsesc
3937 silly ADD node_modules/jsc-safe-url
3938 silly ADD node_modules/js-yaml
3939 silly ADD node_modules/js-tokens
3940 silly ADD node_modules/jest-worker
3941 silly ADD node_modules/jest-worker/node_modules/supports-color
3942 silly ADD node_modules/jest-worker/node_modules/has-flag
3943 silly ADD node_modules/jest-validate
3944 silly ADD node_modules/jest-validate/node_modules/supports-color
3945 silly ADD node_modules/jest-validate/node_modules/has-flag
3946 silly ADD node_modules/jest-validate/node_modules/color-name
3947 silly ADD node_modules/jest-validate/node_modules/color-convert
3948 silly ADD node_modules/jest-validate/node_modules/chalk
3949 silly ADD node_modules/jest-validate/node_modules/ansi-styles
3950 silly ADD node_modules/jest-util
3951 silly ADD node_modules/jest-util/node_modules/supports-color
3952 silly ADD node_modules/jest-util/node_modules/has-flag
3953 silly ADD node_modules/jest-util/node_modules/color-name
3954 silly ADD node_modules/jest-util/node_modules/color-convert
3955 silly ADD node_modules/jest-util/node_modules/ci-info
3956 silly ADD node_modules/jest-util/node_modules/chalk
3957 silly ADD node_modules/jest-util/node_modules/ansi-styles
3958 silly ADD node_modules/jest-regex-util
3959 silly ADD node_modules/jest-mock
3960 silly ADD node_modules/jest-message-util
3961 silly ADD node_modules/jest-message-util/node_modules/supports-color
3962 silly ADD node_modules/jest-message-util/node_modules/has-flag
3963 silly ADD node_modules/jest-message-util/node_modules/color-name
3964 silly ADD node_modules/jest-message-util/node_modules/color-convert
3965 silly ADD node_modules/jest-message-util/node_modules/chalk
3966 silly ADD node_modules/jest-message-util/node_modules/ansi-styles
3967 silly ADD node_modules/jest-message-util/node_modules/@babel/code-frame
3968 silly ADD node_modules/jest-haste-map
3969 silly ADD node_modules/jest-get-type
3970 silly ADD node_modules/jest-environment-node
3971 silly ADD node_modules/istanbul-lib-instrument
3972 silly ADD node_modules/istanbul-lib-instrument/node_modules/semver
3973 silly ADD node_modules/istanbul-lib-coverage
3974 silly ADD node_modules/is-wsl
3975 silly ADD node_modules/is-number
3976 silly ADD node_modules/is-fullwidth-code-point
3977 silly ADD node_modules/is-docker
3978 silly ADD node_modules/is-core-module
3979 silly ADD node_modules/is-arrayish
3980 silly ADD node_modules/invariant
3981 silly ADD node_modules/inline-style-prefixer
3982 silly ADD node_modules/inherits
3983 silly ADD node_modules/inflight
3984 silly ADD node_modules/imurmurhash
3985 silly ADD node_modules/image-size
3986 silly ADD node_modules/ieee754
3987 silly ADD node_modules/hyphenate-style-name
3988 silly ADD node_modules/https-proxy-agent
3989 silly ADD node_modules/http-errors
3990 silly ADD node_modules/http-errors/node_modules/statuses
3991 silly ADD node_modules/hoist-non-react-statics
3992 silly ADD node_modules/hoist-non-react-statics/node_modules/react-is
3993 silly ADD node_modules/hermes-parser
3994 silly ADD node_modules/hermes-estree
3995 silly ADD node_modules/hasown
3996 silly ADD node_modules/graceful-fs
3997 silly ADD node_modules/get-package-type
3998 silly ADD node_modules/get-caller-file
3999 silly ADD node_modules/gensync
4000 silly ADD node_modules/function-bind
4001 silly ADD node_modules/fs.realpath
4002 silly ADD node_modules/fresh
4003 silly ADD node_modules/fontfaceobserver
4004 silly ADD node_modules/flow-enums-runtime
4005 silly ADD node_modules/find-up
4006 silly ADD node_modules/finalhandler
4007 silly ADD node_modules/finalhandler/node_modules/ms
4008 silly ADD node_modules/finalhandler/node_modules/debug
4009 silly ADD node_modules/filter-obj
4010 silly ADD node_modules/fill-range
4011 silly ADD node_modules/fbjs-css-vars
4012 silly ADD node_modules/fbjs
4013 silly ADD node_modules/fbjs/node_modules/promise
4014 silly ADD node_modules/fb-watchman
4015 silly ADD node_modules/fast-json-stable-stringify
4016 silly ADD node_modules/fast-deep-equal
4017 silly ADD node_modules/exponential-backoff
4018 silly ADD node_modules/expo-status-bar
4019 silly ADD node_modules/event-target-shim
4020 silly ADD node_modules/etag
4021 silly ADD node_modules/esprima
4022 silly ADD node_modules/escape-html
4023 silly ADD node_modules/escalade
4024 silly ADD node_modules/error-stack-parser
4025 silly ADD node_modules/encodeurl
4026 silly ADD node_modules/emoji-regex
4027 silly ADD node_modules/electron-to-chromium
4028 silly ADD node_modules/ee-first
4029 silly ADD node_modules/destroy
4030 silly ADD node_modules/depd
4031 silly ADD node_modules/decode-uri-component
4032 silly ADD node_modules/debug
4033 silly ADD node_modules/css-in-js-utils
4034 silly ADD node_modules/cross-fetch
4035 silly ADD node_modules/core-js-compat
4036 silly ADD node_modules/convert-source-map
4037 silly ADD node_modules/connect
4038 silly ADD node_modules/connect/node_modules/ms
4039 silly ADD node_modules/connect/node_modules/debug
4040 silly ADD node_modules/concat-map
4041 silly ADD node_modules/color-string
4042 silly ADD node_modules/color-name
4043 silly ADD node_modules/color
4044 silly ADD node_modules/color/node_modules/color-name
4045 silly ADD node_modules/color/node_modules/color-convert
4046 silly ADD node_modules/cliui
4047 silly ADD node_modules/ci-info
4048 silly ADD node_modules/chromium-edge-launcher
4049 silly ADD node_modules/chromium-edge-launcher/node_modules/escape-string-regexp
4050 silly ADD node_modules/chrome-launcher
4051 silly ADD node_modules/chrome-launcher/node_modules/escape-string-regexp
4052 silly ADD node_modules/caniuse-lite
4053 silly ADD node_modules/camelcase
4054 silly ADD node_modules/buffer-from
4055 silly ADD node_modules/buffer
4056 silly ADD node_modules/bser
4057 silly ADD node_modules/browserslist
4058 silly ADD node_modules/braces
4059 silly ADD node_modules/baseline-browser-mapping
4060 silly ADD node_modules/base64-js
4061 silly ADD node_modules/balanced-match
4062 silly ADD node_modules/babel-preset-jest
4063 silly ADD node_modules/babel-preset-current-node-syntax
4064 silly ADD node_modules/babel-plugin-transform-flow-enums
4065 silly ADD node_modules/babel-plugin-syntax-hermes-parser
4066 silly ADD node_modules/babel-plugin-syntax-hermes-parser/node_modules/hermes-parser
4067 silly ADD node_modules/babel-plugin-syntax-hermes-parser/node_modules/hermes-estree
4068 silly ADD node_modules/babel-plugin-react-native-web
4069 silly ADD node_modules/babel-plugin-react-compiler
4070 silly ADD node_modules/babel-plugin-polyfill-regenerator
4071 silly ADD node_modules/babel-plugin-polyfill-corejs3
4072 silly ADD node_modules/babel-plugin-polyfill-corejs2
4073 silly ADD node_modules/babel-plugin-polyfill-corejs2/node_modules/semver
4074 silly ADD node_modules/babel-plugin-jest-hoist
4075 silly ADD node_modules/babel-plugin-istanbul
4076 silly ADD node_modules/babel-jest
4077 silly ADD node_modules/babel-jest/node_modules/supports-color
4078 silly ADD node_modules/babel-jest/node_modules/has-flag
4079 silly ADD node_modules/babel-jest/node_modules/color-name
4080 silly ADD node_modules/babel-jest/node_modules/color-convert
4081 silly ADD node_modules/babel-jest/node_modules/chalk
4082 silly ADD node_modules/babel-jest/node_modules/ansi-styles
4083 silly ADD node_modules/async-limiter
4084 silly ADD node_modules/asap
4085 silly ADD node_modules/argparse
4086 silly ADD node_modules/anymatch
4087 silly ADD node_modules/ansi-regex
4088 silly ADD node_modules/anser
4089 silly ADD node_modules/agent-base
4090 silly ADD node_modules/acorn
4091 silly ADD node_modules/accepts
4092 silly ADD node_modules/abort-controller
4093 silly ADD node_modules/@ungap/structured-clone
4094 silly ADD node_modules/@types/yargs-parser
4095 silly ADD node_modules/@types/yargs
4096 silly ADD node_modules/@types/stack-utils
4097 silly ADD node_modules/@types/node
4098 silly ADD node_modules/@types/istanbul-reports
4099 silly ADD node_modules/@types/istanbul-lib-report
4100 silly ADD node_modules/@types/istanbul-lib-coverage
4101 silly ADD node_modules/@types/hammerjs
4102 silly ADD node_modules/@types/graceful-fs
4103 silly ADD node_modules/@types/babel__traverse
4104 silly ADD node_modules/@types/babel__template
4105 silly ADD node_modules/@types/babel__generator
4106 silly ADD node_modules/@types/babel__core
4107 silly ADD node_modules/@sinonjs/fake-timers
4108 silly ADD node_modules/@sinonjs/commons
4109 silly ADD node_modules/@sinclair/typebox
4110 silly ADD node_modules/@react-navigation/routers
4111 silly ADD node_modules/@react-navigation/native
4112 silly ADD node_modules/@react-navigation/native/node_modules/escape-string-regexp
4113 silly ADD node_modules/@react-navigation/elements
4114 silly ADD node_modules/@react-navigation/drawer
4115 silly ADD node_modules/@react-navigation/core
4116 silly ADD node_modules/@react-navigation/core/node_modules/react-is
4117 silly ADD node_modules/@react-navigation/core/node_modules/escape-string-regexp
4118 silly ADD node_modules/@react-navigation/bottom-tabs
4119 silly ADD node_modules/@react-native/normalize-colors
4120 silly ADD node_modules/@react-native/metro-config
4121 silly ADD node_modules/@react-native/metro-config/node_modules/@react-native/js-polyfills
4122 silly ADD node_modules/@react-native/metro-babel-transformer
4123 silly ADD node_modules/@react-native/metro-babel-transformer/node_modules/babel-plugin-syntax-hermes-parser
4124 silly ADD node_modules/@react-native/metro-babel-transformer/node_modules/@react-native/codegen
4125 silly ADD node_modules/@react-native/metro-babel-transformer/node_modules/@react-native/babel-preset
4126 silly ADD node_modules/@react-native/metro-babel-transformer/node_modules/@react-native/babel-plugin-codegen
4127 silly ADD node_modules/@react-native/js-polyfills
4128 silly ADD node_modules/@react-native/gradle-plugin
4129 silly ADD node_modules/@react-native/dev-middleware
4130 silly ADD node_modules/@react-native/dev-middleware/node_modules/ws
4131 silly ADD node_modules/@react-native/debugger-frontend
4132 silly ADD node_modules/@react-native/community-cli-plugin
4133 silly ADD node_modules/@react-native/codegen
4134 silly ADD node_modules/@react-native/codegen/node_modules/minimatch
4135 silly ADD node_modules/@react-native/codegen/node_modules/hermes-parser
4136 silly ADD node_modules/@react-native/codegen/node_modules/hermes-estree
4137 silly ADD node_modules/@react-native/codegen/node_modules/glob
4138 silly ADD node_modules/@react-native/codegen/node_modules/brace-expansion
4139 silly ADD node_modules/@react-native/babel-preset
4140 silly ADD node_modules/@react-native/babel-plugin-codegen
4141 silly ADD node_modules/@react-native/assets-registry
4142 silly ADD node_modules/@react-native-picker/picker
4143 silly ADD node_modules/@jridgewell/trace-mapping
4144 silly ADD node_modules/@jridgewell/sourcemap-codec
4145 silly ADD node_modules/@jridgewell/source-map
4146 silly ADD node_modules/@jridgewell/resolve-uri
4147 silly ADD node_modules/@jridgewell/remapping
4148 silly ADD node_modules/@jridgewell/gen-mapping
4149 silly ADD node_modules/@jest/types
4150 silly ADD node_modules/@jest/types/node_modules/supports-color
4151 silly ADD node_modules/@jest/types/node_modules/has-flag
4152 silly ADD node_modules/@jest/types/node_modules/color-name
4153 silly ADD node_modules/@jest/types/node_modules/color-convert
4154 silly ADD node_modules/@jest/types/node_modules/chalk
4155 silly ADD node_modules/@jest/types/node_modules/ansi-styles
4156 silly ADD node_modules/@jest/transform
4157 silly ADD node_modules/@jest/transform/node_modules/supports-color
4158 silly ADD node_modules/@jest/transform/node_modules/has-flag
4159 silly ADD node_modules/@jest/transform/node_modules/color-name
4160 silly ADD node_modules/@jest/transform/node_modules/color-convert
4161 silly ADD node_modules/@jest/transform/node_modules/chalk
4162 silly ADD node_modules/@jest/transform/node_modules/ansi-styles
4163 silly ADD node_modules/@jest/schemas
4164 silly ADD node_modules/@jest/fake-timers
4165 silly ADD node_modules/@jest/environment
4166 silly ADD node_modules/@jest/create-cache-key-function
4167 silly ADD node_modules/@istanbuljs/schema
4168 silly ADD node_modules/@istanbuljs/load-nyc-config
4169 silly ADD node_modules/@istanbuljs/load-nyc-config/node_modules/camelcase
4170 silly ADD node_modules/@isaacs/ttlcache
4171 silly ADD node_modules/@expo/metro-runtime
4172 silly ADD node_modules/@expo/devtools
4173 silly ADD node_modules/@expo/devtools/node_modules/supports-color
4174 silly ADD node_modules/@expo/devtools/node_modules/has-flag
4175 silly ADD node_modules/@expo/devtools/node_modules/color-name
4176 silly ADD node_modules/@expo/devtools/node_modules/color-convert
4177 silly ADD node_modules/@expo/devtools/node_modules/chalk
4178 silly ADD node_modules/@expo/devtools/node_modules/ansi-styles
4179 silly ADD node_modules/@egjs/hammerjs
4180 silly ADD node_modules/@babel/types
4181 silly ADD node_modules/@babel/traverse--for-generate-function-map
4182 silly ADD node_modules/@babel/traverse--for-generate-function-map/node_modules/@babel/code-frame
4183 silly ADD node_modules/@babel/traverse
4184 silly ADD node_modules/@babel/traverse/node_modules/@babel/code-frame
4185 silly ADD node_modules/@babel/template
4186 silly ADD node_modules/@babel/template/node_modules/@babel/code-frame
4187 silly ADD node_modules/@babel/runtime
4188 silly ADD node_modules/@babel/preset-typescript
4189 silly ADD node_modules/@babel/preset-react
4190 silly ADD node_modules/@babel/plugin-transform-unicode-regex
4191 silly ADD node_modules/@babel/plugin-transform-typescript
4192 silly ADD node_modules/@babel/plugin-transform-template-literals
4193 silly ADD node_modules/@babel/plugin-transform-sticky-regex
4194 silly ADD node_modules/@babel/plugin-transform-spread
4195 silly ADD node_modules/@babel/plugin-transform-shorthand-properties
4196 silly ADD node_modules/@babel/plugin-transform-runtime
4197 silly ADD node_modules/@babel/plugin-transform-runtime/node_modules/semver
4198 silly ADD node_modules/@babel/plugin-transform-regenerator
4199 silly ADD node_modules/@babel/plugin-transform-react-pure-annotations
4200 silly ADD node_modules/@babel/plugin-transform-react-jsx-source
4201 silly ADD node_modules/@babel/plugin-transform-react-jsx-self
4202 silly ADD node_modules/@babel/plugin-transform-react-jsx-development
4203 silly ADD node_modules/@babel/plugin-transform-react-jsx
4204 silly ADD node_modules/@babel/plugin-transform-react-display-name
4205 silly ADD node_modules/@babel/plugin-transform-private-property-in-object
4206 silly ADD node_modules/@babel/plugin-transform-private-methods
4207 silly ADD node_modules/@babel/plugin-transform-parameters
4208 silly ADD node_modules/@babel/plugin-transform-optional-chaining
4209 silly ADD node_modules/@babel/plugin-transform-optional-catch-binding
4210 silly ADD node_modules/@babel/plugin-transform-object-rest-spread
4211 silly ADD node_modules/@babel/plugin-transform-numeric-separator
4212 silly ADD node_modules/@babel/plugin-transform-nullish-coalescing-operator
4213 silly ADD node_modules/@babel/plugin-transform-named-capturing-groups-regex
4214 silly ADD node_modules/@babel/plugin-transform-modules-commonjs
4215 silly ADD node_modules/@babel/plugin-transform-logical-assignment-operators
4216 silly ADD node_modules/@babel/plugin-transform-literals
4217 silly ADD node_modules/@babel/plugin-transform-function-name
4218 silly ADD node_modules/@babel/plugin-transform-for-of
4219 silly ADD node_modules/@babel/plugin-transform-flow-strip-types
4220 silly ADD node_modules/@babel/plugin-transform-export-namespace-from
4221 silly ADD node_modules/@babel/plugin-transform-destructuring
4222 silly ADD node_modules/@babel/plugin-transform-computed-properties
4223 silly ADD node_modules/@babel/plugin-transform-classes
4224 silly ADD node_modules/@babel/plugin-transform-class-static-block
4225 silly ADD node_modules/@babel/plugin-transform-class-properties
4226 silly ADD node_modules/@babel/plugin-transform-block-scoping
4227 silly ADD node_modules/@babel/plugin-transform-async-to-generator
4228 silly ADD node_modules/@babel/plugin-transform-async-generator-functions
4229 silly ADD node_modules/@babel/plugin-transform-arrow-functions
4230 silly ADD node_modules/@babel/plugin-syntax-typescript
4231 silly ADD node_modules/@babel/plugin-syntax-top-level-await
4232 silly ADD node_modules/@babel/plugin-syntax-private-property-in-object
4233 silly ADD node_modules/@babel/plugin-syntax-optional-chaining
4234 silly ADD node_modules/@babel/plugin-syntax-optional-catch-binding
4235 silly ADD node_modules/@babel/plugin-syntax-object-rest-spread
4236 silly ADD node_modules/@babel/plugin-syntax-numeric-separator
4237 silly ADD node_modules/@babel/plugin-syntax-nullish-coalescing-operator
4238 silly ADD node_modules/@babel/plugin-syntax-logical-assignment-operators
4239 silly ADD node_modules/@babel/plugin-syntax-jsx
4240 silly ADD node_modules/@babel/plugin-syntax-json-strings
4241 silly ADD node_modules/@babel/plugin-syntax-import-meta
4242 silly ADD node_modules/@babel/plugin-syntax-import-attributes
4243 silly ADD node_modules/@babel/plugin-syntax-flow
4244 silly ADD node_modules/@babel/plugin-syntax-export-default-from
4245 silly ADD node_modules/@babel/plugin-syntax-dynamic-import
4246 silly ADD node_modules/@babel/plugin-syntax-decorators
4247 silly ADD node_modules/@babel/plugin-syntax-class-static-block
4248 silly ADD node_modules/@babel/plugin-syntax-class-properties
4249 silly ADD node_modules/@babel/plugin-syntax-bigint
4250 silly ADD node_modules/@babel/plugin-syntax-async-generators
4251 silly ADD node_modules/@babel/plugin-proposal-export-default-from
4252 silly ADD node_modules/@babel/plugin-proposal-decorators
4253 silly ADD node_modules/@babel/parser
4254 silly ADD node_modules/@babel/helpers
4255 silly ADD node_modules/@babel/helper-wrap-function
4256 silly ADD node_modules/@babel/helper-validator-option
4257 silly ADD node_modules/@babel/helper-validator-identifier
4258 silly ADD node_modules/@babel/helper-string-parser
4259 silly ADD node_modules/@babel/helper-skip-transparent-expression-wrappers
4260 silly ADD node_modules/@babel/helper-replace-supers
4261 silly ADD node_modules/@babel/helper-remap-async-to-generator
4262 silly ADD node_modules/@babel/helper-plugin-utils
4263 silly ADD node_modules/@babel/helper-optimise-call-expression
4264 silly ADD node_modules/@babel/helper-module-transforms
4265 silly ADD node_modules/@babel/helper-module-imports
4266 silly ADD node_modules/@babel/helper-member-expression-to-functions
4267 silly ADD node_modules/@babel/helper-globals
4268 silly ADD node_modules/@babel/helper-define-polyfill-provider
4269 silly ADD node_modules/@babel/helper-create-regexp-features-plugin
4270 silly ADD node_modules/@babel/helper-create-regexp-features-plugin/node_modules/semver
4271 silly ADD node_modules/@babel/helper-create-class-features-plugin
4272 silly ADD node_modules/@babel/helper-create-class-features-plugin/node_modules/semver
4273 silly ADD node_modules/@babel/helper-compilation-targets
4274 silly ADD node_modules/@babel/helper-compilation-targets/node_modules/semver
4275 silly ADD node_modules/@babel/helper-annotate-as-pure
4276 silly ADD node_modules/@babel/generator
4277 silly ADD node_modules/@babel/core
4278 silly ADD node_modules/@babel/core/node_modules/semver
4279 silly ADD node_modules/@babel/core/node_modules/@babel/code-frame
4280 silly ADD node_modules/@babel/compat-data
4281 verbose cwd C:\Users\aimee\Documents\atividade
4282 verbose os Windows_NT 10.0.26200
4283 verbose node v24.14.0
4284 verbose npm  v11.9.0
4285 notice
4285 notice New [33mminor[39m version of npm available! [33m11.9.0[39m -> [34m11.13.0[39m
4285 notice Changelog: [34mhttps://github.com/npm/cli/releases/tag/v11.13.0[39m
4285 notice To update run: [4mnpm install -g npm@11.13.0[24m
4285 notice  { force: true, Symbol(proc-log.meta): true }
4286 verbose exit 0
4287 info ok
