0 verbose cli C:\Program Files\nodejs\node.exe C:\Program Files\nodejs\node_modules\npm\bin\npm-cli.js
1 info using npm@11.9.0
2 info using node@v24.14.0
3 silly config load:file:C:\Program Files\nodejs\node_modules\npm\npmrc
4 silly config load:file:C:\Users\aimee\Downloads\calculadora-e-temporizador-main\.npmrc
5 silly config load:file:C:\Users\aimee\.npmrc
6 silly config load:file:C:\Users\aimee\AppData\Roaming\npm\etc\npmrc
7 verbose title npm install expo
8 verbose argv "install" "expo"
9 verbose logfile logs-max:10 dir:C:\Users\aimee\Downloads\calculadora-e-temporizador-main\c\users\aimee\AppData\Roaming\_logs\2026-04-01T00_53_21_891Z-
10 verbose logfile C:\Users\aimee\Downloads\calculadora-e-temporizador-main\c\users\aimee\AppData\Roaming\_logs\2026-04-01T00_53_21_891Z-debug-0.log
11 silly logfile done cleaning log files
12 silly packumentCache heap:4496293888 maxSize:1124073472 maxEntrySize:562036736
13 silly idealTree buildDeps
14 silly fetch manifest expo@~54.0.33
15 silly packumentCache full:https://registry.npmjs.org/expo cache-miss
16 http cache https://registry.npmjs.org/expo 20ms (cache hit)
17 silly packumentCache full:https://registry.npmjs.org/expo set size:3583369 disposed:false
18 silly fetch manifest @expo/dom-webview@*
19 silly packumentCache full:https://registry.npmjs.org/@expo%2fdom-webview cache-miss
20 http cache https://registry.npmjs.org/@expo%2fdom-webview 4ms (cache hit)
21 silly packumentCache full:https://registry.npmjs.org/@expo%2fdom-webview set size:332148 disposed:false
22 silly fetch manifest react@19.1.0
23 silly packumentCache full:https://registry.npmjs.org/react cache-miss
24 http cache https://registry.npmjs.org/react 15ms (cache hit)
25 silly packumentCache full:https://registry.npmjs.org/react set size:6577106 disposed:false
26 silly fetch manifest react-native@0.81.5
27 silly packumentCache full:https://registry.npmjs.org/react-native cache-miss
28 http cache https://registry.npmjs.org/react-native 33ms (cache hit)
29 silly packumentCache full:https://registry.npmjs.org/react-native set size:15049112 disposed:false
30 silly fetch manifest @types/react@^19.1.0
31 silly packumentCache full:https://registry.npmjs.org/@types%2freact cache-miss
32 http cache https://registry.npmjs.org/@types%2freact 10ms (cache hit)
33 silly packumentCache full:https://registry.npmjs.org/@types%2freact set size:2588986 disposed:false
34 silly fetch manifest @expo/metro-runtime@~6.1.2
35 silly packumentCache full:https://registry.npmjs.org/@expo%2fmetro-runtime cache-miss
36 http cache https://registry.npmjs.org/@expo%2fmetro-runtime 6ms (cache hit)
37 silly packumentCache full:https://registry.npmjs.org/@expo%2fmetro-runtime set size:597307 disposed:false
38 silly fetch manifest react-dom@19.1.0
39 silly packumentCache full:https://registry.npmjs.org/react-dom cache-miss
40 http cache https://registry.npmjs.org/react-dom 19ms (cache hit)
41 silly packumentCache full:https://registry.npmjs.org/react-dom set size:8742618 disposed:false
42 silly fetch manifest react-native-webview@*
43 silly packumentCache full:https://registry.npmjs.org/react-native-webview cache-miss
44 http cache https://registry.npmjs.org/react-native-webview 13ms (cache hit)
45 silly packumentCache full:https://registry.npmjs.org/react-native-webview set size:1355349 disposed:false
46 silly placeDep ROOT expo@54.0.33 REPLACE for: atividade4@1.0.0 want: ~54.0.33
47 silly reify moves {}
48 silly audit bulk request {
48 silly audit   '@0no-co/graphql.web': [ '1.2.0' ],
48 silly audit   '@babel/code-frame': [ '7.10.4', '7.29.0' ],
48 silly audit   '@babel/compat-data': [ '7.29.0' ],
48 silly audit   '@babel/core': [ '7.29.0' ],
48 silly audit   semver: [ '6.3.1', '7.7.4' ],
48 silly audit   '@babel/generator': [ '7.29.1' ],
48 silly audit   '@babel/helper-annotate-as-pure': [ '7.27.3' ],
48 silly audit   '@babel/helper-compilation-targets': [ '7.28.6' ],
48 silly audit   '@babel/helper-create-class-features-plugin': [ '7.28.6' ],
48 silly audit   '@babel/helper-create-regexp-features-plugin': [ '7.28.5' ],
48 silly audit   '@babel/helper-define-polyfill-provider': [ '0.6.8' ],
48 silly audit   '@babel/helper-globals': [ '7.28.0' ],
48 silly audit   '@babel/helper-member-expression-to-functions': [ '7.28.5' ],
48 silly audit   '@babel/helper-module-imports': [ '7.28.6' ],
48 silly audit   '@babel/helper-module-transforms': [ '7.28.6' ],
48 silly audit   '@babel/helper-optimise-call-expression': [ '7.27.1' ],
48 silly audit   '@babel/helper-plugin-utils': [ '7.28.6' ],
48 silly audit   '@babel/helper-remap-async-to-generator': [ '7.27.1' ],
48 silly audit   '@babel/helper-replace-supers': [ '7.28.6' ],
48 silly audit   '@babel/helper-skip-transparent-expression-wrappers': [ '7.27.1' ],
48 silly audit   '@babel/helper-string-parser': [ '7.27.1' ],
48 silly audit   '@babel/helper-validator-identifier': [ '7.28.5' ],
48 silly audit   '@babel/helper-validator-option': [ '7.27.1' ],
48 silly audit   '@babel/helper-wrap-function': [ '7.28.6' ],
48 silly audit   '@babel/helpers': [ '7.29.2' ],
48 silly audit   '@babel/highlight': [ '7.25.9' ],
48 silly audit   '@babel/parser': [ '7.29.2' ],
48 silly audit   '@babel/plugin-proposal-decorators': [ '7.29.0' ],
48 silly audit   '@babel/plugin-proposal-export-default-from': [ '7.27.1' ],
48 silly audit   '@babel/plugin-syntax-async-generators': [ '7.8.4' ],
48 silly audit   '@babel/plugin-syntax-bigint': [ '7.8.3' ],
48 silly audit   '@babel/plugin-syntax-class-properties': [ '7.12.13' ],
48 silly audit   '@babel/plugin-syntax-class-static-block': [ '7.14.5' ],
48 silly audit   '@babel/plugin-syntax-decorators': [ '7.28.6' ],
48 silly audit   '@babel/plugin-syntax-dynamic-import': [ '7.8.3' ],
48 silly audit   '@babel/plugin-syntax-export-default-from': [ '7.28.6' ],
48 silly audit   '@babel/plugin-syntax-flow': [ '7.28.6' ],
48 silly audit   '@babel/plugin-syntax-import-attributes': [ '7.28.6' ],
48 silly audit   '@babel/plugin-syntax-import-meta': [ '7.10.4' ],
48 silly audit   '@babel/plugin-syntax-json-strings': [ '7.8.3' ],
48 silly audit   '@babel/plugin-syntax-jsx': [ '7.28.6' ],
48 silly audit   '@babel/plugin-syntax-logical-assignment-operators': [ '7.10.4' ],
48 silly audit   '@babel/plugin-syntax-nullish-coalescing-operator': [ '7.8.3' ],
48 silly audit   '@babel/plugin-syntax-numeric-separator': [ '7.10.4' ],
48 silly audit   '@babel/plugin-syntax-object-rest-spread': [ '7.8.3' ],
48 silly audit   '@babel/plugin-syntax-optional-catch-binding': [ '7.8.3' ],
48 silly audit   '@babel/plugin-syntax-optional-chaining': [ '7.8.3' ],
48 silly audit   '@babel/plugin-syntax-private-property-in-object': [ '7.14.5' ],
48 silly audit   '@babel/plugin-syntax-top-level-await': [ '7.14.5' ],
48 silly audit   '@babel/plugin-syntax-typescript': [ '7.28.6' ],
48 silly audit   '@babel/plugin-transform-arrow-functions': [ '7.27.1' ],
48 silly audit   '@babel/plugin-transform-async-generator-functions': [ '7.29.0' ],
48 silly audit   '@babel/plugin-transform-async-to-generator': [ '7.28.6' ],
48 silly audit   '@babel/plugin-transform-block-scoping': [ '7.28.6' ],
48 silly audit   '@babel/plugin-transform-class-properties': [ '7.28.6' ],
48 silly audit   '@babel/plugin-transform-class-static-block': [ '7.28.6' ],
48 silly audit   '@babel/plugin-transform-classes': [ '7.28.6' ],
48 silly audit   '@babel/plugin-transform-computed-properties': [ '7.28.6' ],
48 silly audit   '@babel/plugin-transform-destructuring': [ '7.28.5' ],
48 silly audit   '@babel/plugin-transform-export-namespace-from': [ '7.27.1' ],
48 silly audit   '@babel/plugin-transform-flow-strip-types': [ '7.27.1' ],
48 silly audit   '@babel/plugin-transform-for-of': [ '7.27.1' ],
48 silly audit   '@babel/plugin-transform-function-name': [ '7.27.1' ],
48 silly audit   '@babel/plugin-transform-literals': [ '7.27.1' ],
48 silly audit   '@babel/plugin-transform-logical-assignment-operators': [ '7.28.6' ],
48 silly audit   '@babel/plugin-transform-modules-commonjs': [ '7.28.6' ],
48 silly audit   '@babel/plugin-transform-named-capturing-groups-regex': [ '7.29.0' ],
48 silly audit   '@babel/plugin-transform-nullish-coalescing-operator': [ '7.28.6' ],
48 silly audit   '@babel/plugin-transform-numeric-separator': [ '7.28.6' ],
48 silly audit   '@babel/plugin-transform-object-rest-spread': [ '7.28.6' ],
48 silly audit   '@babel/plugin-transform-optional-catch-binding': [ '7.28.6' ],
48 silly audit   '@babel/plugin-transform-optional-chaining': [ '7.28.6' ],
48 silly audit   '@babel/plugin-transform-parameters': [ '7.27.7' ],
48 silly audit   '@babel/plugin-transform-private-methods': [ '7.28.6' ],
48 silly audit   '@babel/plugin-transform-private-property-in-object': [ '7.28.6' ],
48 silly audit   '@babel/plugin-transform-react-display-name': [ '7.28.0' ],
48 silly audit   '@babel/plugin-transform-react-jsx': [ '7.28.6' ],
48 silly audit   '@babel/plugin-transform-react-jsx-development': [ '7.27.1' ],
48 silly audit   '@babel/plugin-transform-react-jsx-self': [ '7.27.1' ],
48 silly audit   '@babel/plugin-transform-react-jsx-source': [ '7.27.1' ],
48 silly audit   '@babel/plugin-transform-react-pure-annotations': [ '7.27.1' ],
48 silly audit   '@babel/plugin-transform-regenerator': [ '7.29.0' ],
48 silly audit   '@babel/plugin-transform-runtime': [ '7.29.0' ],
48 silly audit   '@babel/plugin-transform-shorthand-properties': [ '7.27.1' ],
48 silly audit   '@babel/plugin-transform-spread': [ '7.28.6' ],
48 silly audit   '@babel/plugin-transform-sticky-regex': [ '7.27.1' ],
48 silly audit   '@babel/plugin-transform-template-literals': [ '7.27.1' ],
48 silly audit   '@babel/plugin-transform-typescript': [ '7.28.6' ],
48 silly audit   '@babel/plugin-transform-unicode-regex': [ '7.27.1' ],
48 silly audit   '@babel/preset-react': [ '7.28.5' ],
48 silly audit   '@babel/preset-typescript': [ '7.28.5' ],
48 silly audit   '@babel/runtime': [ '7.29.2' ],
48 silly audit   '@babel/template': [ '7.28.6' ],
48 silly audit   '@babel/traverse': [ '7.29.0' ],
48 silly audit   '@babel/types': [ '7.29.0' ],
48 silly audit   '@egjs/hammerjs': [ '2.0.17' ],
48 silly audit   '@expo/code-signing-certificates': [ '0.0.6' ],
48 silly audit   '@expo/config': [ '12.0.13' ],
48 silly audit   '@expo/config-plugins': [ '54.0.4' ],
48 silly audit   'ansi-styles': [ '4.3.0', '3.2.1', '5.2.0' ],
48 silly audit   chalk: [ '4.1.2', '2.4.2' ],
48 silly audit   'color-convert': [ '2.0.1', '1.9.3' ],
48 silly audit   'color-name': [ '1.1.4', '1.1.3' ],
48 silly audit   'has-flag': [ '4.0.0', '3.0.0' ],
48 silly audit   'supports-color': [ '7.2.0', '8.1.1', '5.5.0' ],
48 silly audit   '@expo/config-types': [ '54.0.10' ],
48 silly audit   '@expo/devcert': [ '1.2.1' ],
48 silly audit   debug: [ '3.2.7', '2.6.9', '4.4.3' ],
48 silly audit   '@expo/devtools': [ '0.1.8' ],
48 silly audit   '@expo/env': [ '2.0.11' ],
48 silly audit   '@expo/fingerprint': [ '0.15.4' ],
48 silly audit   '@expo/image-utils': [ '0.8.12' ],
48 silly audit   '@expo/json-file': [ '10.0.12' ],
48 silly audit   '@expo/metro': [ '54.2.0' ],
48 silly audit   '@expo/metro-runtime': [ '6.1.2' ],
48 silly audit   '@expo/osascript': [ '2.4.2' ],
48 silly audit   '@expo/package-manager': [ '1.10.3' ],
48 silly audit   '@expo/plist': [ '0.4.8' ],
48 silly audit   '@expo/schema-utils': [ '0.1.8' ],
48 silly audit   '@expo/sdk-runtime-versions': [ '1.0.0' ],
48 silly audit   '@expo/spawn-async': [ '1.7.2' ],
48 silly audit   '@expo/sudo-prompt': [ '9.3.2' ],
48 silly audit   '@expo/ws-tunnel': [ '1.0.6' ],
48 silly audit   '@expo/xcpretty': [ '4.4.1' ],
48 silly audit   argparse: [ '2.0.1', '1.0.10' ],
48 silly audit   'js-yaml': [ '4.1.1', '3.14.2' ],
48 silly audit   '@isaacs/fs-minipass': [ '4.0.1' ],
48 silly audit   '@isaacs/ttlcache': [ '1.4.1' ],
48 silly audit   '@istanbuljs/load-nyc-config': [ '1.1.0' ],
48 silly audit   camelcase: [ '5.3.1', '6.3.0' ],
48 silly audit   '@istanbuljs/schema': [ '0.1.3' ],
48 silly audit   '@jest/create-cache-key-function': [ '29.7.0' ],
48 silly audit   '@jest/environment': [ '29.7.0' ],
48 silly audit   '@jest/fake-timers': [ '29.7.0' ],
48 silly audit   '@jest/schemas': [ '29.6.3' ],
48 silly audit   '@jest/transform': [ '29.7.0' ],
48 silly audit   '@jest/types': [ '29.6.3' ],
48 silly audit   '@jridgewell/gen-mapping': [ '0.3.13' ],
48 silly audit   '@jridgewell/remapping': [ '2.3.5' ],
48 silly audit   '@jridgewell/resolve-uri': [ '3.1.2' ],
48 silly audit   '@jridgewell/source-map': [ '0.3.11' ],
48 silly audit   '@jridgewell/sourcemap-codec': [ '1.5.5' ],
48 silly audit   '@jridgewell/trace-mapping': [ '0.3.31' ],
48 silly audit   '@react-native-picker/picker': [ '2.11.1' ],
48 silly audit   '@react-native/assets-registry': [ '0.81.5' ],
48 silly audit   '@react-native/babel-plugin-codegen': [ '0.81.5', '0.84.1' ],
48 silly audit   '@react-native/babel-preset': [ '0.81.5', '0.84.1' ],
48 silly audit   '@react-native/codegen': [ '0.81.5', '0.84.1' ],
48 silly audit   'brace-expansion': [ '1.1.13', '2.0.3', '5.0.5' ],
48 silly audit   glob: [ '7.2.3', '13.0.6' ],
48 silly audit   'hermes-estree': [ '0.29.1', '0.32.0' ],
48 silly audit   'hermes-parser': [ '0.29.1', '0.32.0' ],
48 silly audit   minimatch: [ '3.1.5', '10.2.4', '9.0.9' ],
48 silly audit   '@react-native/community-cli-plugin': [ '0.81.5' ],
48 silly audit   '@react-native/debugger-frontend': [ '0.81.5' ],
48 silly audit   '@react-native/dev-middleware': [ '0.81.5' ],
48 silly audit   ws: [ '6.2.3', '7.5.10', '8.20.0' ],
48 silly audit   '@react-native/gradle-plugin': [ '0.81.5' ],
48 silly audit   '@react-native/js-polyfills': [ '0.81.5', '0.84.1' ],
48 silly audit   '@react-native/metro-babel-transformer': [ '0.84.1' ],
48 silly audit   'babel-plugin-syntax-hermes-parser': [ '0.32.0', '0.29.1' ],
48 silly audit   '@react-native/metro-config': [ '0.84.1' ],
48 silly audit   '@react-native/normalize-colors': [ '0.81.5', '0.74.89' ],
48 silly audit   '@react-navigation/bottom-tabs': [ '7.15.9' ],
48 silly audit   '@react-navigation/core': [ '7.17.2' ],
48 silly audit   'escape-string-regexp': [ '4.0.0', '1.0.5', '2.0.0' ],
48 silly audit   'react-is': [ '19.2.4', '16.13.1', '18.3.1' ],
48 silly audit   '@react-navigation/drawer': [ '7.9.8' ],
48 silly audit   '@react-navigation/elements': [ '2.9.14' ],
48 silly audit   '@react-navigation/native': [ '7.2.2' ],
48 silly audit   '@react-navigation/routers': [ '7.5.3' ],
48 silly audit   '@sinclair/typebox': [ '0.27.10' ],
48 silly audit   '@sinonjs/commons': [ '3.0.1' ],
48 silly audit   '@sinonjs/fake-timers': [ '10.3.0' ],
48 silly audit   '@types/babel__core': [ '7.20.5' ],
48 silly audit   '@types/babel__generator': [ '7.27.0' ],
48 silly audit   '@types/babel__template': [ '7.4.4' ],
48 silly audit   '@types/babel__traverse': [ '7.28.0' ],
48 silly audit   '@types/graceful-fs': [ '4.1.9' ],
48 silly audit   '@types/hammerjs': [ '2.0.46' ],
48 silly audit   '@types/istanbul-lib-coverage': [ '2.0.6' ],
48 silly audit   '@types/istanbul-lib-report': [ '3.0.3' ],
48 silly audit   '@types/istanbul-reports': [ '3.0.4' ],
48 silly audit   '@types/node': [ '25.5.0' ],
48 silly audit   '@types/stack-utils': [ '2.0.3' ],
48 silly audit   '@types/yargs': [ '17.0.35' ],
48 silly audit   '@types/yargs-parser': [ '21.0.3' ],
48 silly audit   '@ungap/structured-clone': [ '1.3.0' ],
48 silly audit   '@urql/core': [ '5.2.0' ],
48 silly audit   '@urql/exchange-retry': [ '1.3.2' ],
48 silly audit   '@xmldom/xmldom': [ '0.8.11' ],
48 silly audit   'abort-controller': [ '3.0.0' ],
48 silly audit   accepts: [ '1.3.8' ],
48 silly audit   acorn: [ '8.16.0' ],
48 silly audit   'agent-base': [ '7.1.4' ],
48 silly audit   anser: [ '1.4.10' ],
48 silly audit   'ansi-escapes': [ '4.3.2' ],
48 silly audit   'type-fest': [ '0.21.3', '0.7.1' ],
48 silly audit   'ansi-regex': [ '5.0.1', '4.1.1' ],
48 silly audit   'any-promise': [ '1.3.0' ],
48 silly audit   anymatch: [ '3.1.3' ],
48 silly audit   arg: [ '5.0.2' ],
48 silly audit   asap: [ '2.0.6' ],
48 silly audit   'async-limiter': [ '1.0.1' ],
48 silly audit   'babel-jest': [ '29.7.0' ],
48 silly audit   'babel-plugin-istanbul': [ '6.1.1' ],
48 silly audit   'babel-plugin-jest-hoist': [ '29.6.3' ],
48 silly audit   'babel-plugin-polyfill-corejs2': [ '0.4.17' ],
48 silly audit   'babel-plugin-polyfill-corejs3': [ '0.13.0' ],
48 silly audit   'babel-plugin-polyfill-regenerator': [ '0.6.8' ],
48 silly audit   'babel-plugin-react-compiler': [ '1.0.0' ],
48 silly audit   'babel-plugin-react-native-web': [ '0.21.2' ],
48 silly audit   'babel-plugin-transform-flow-enums': [ '0.0.2' ],
48 silly audit   'babel-preset-current-node-syntax': [ '1.2.0' ],
48 silly audit   'babel-preset-jest': [ '29.6.3' ],
48 silly audit   'balanced-match': [ '1.0.2', '4.0.4' ],
48 silly audit   'base64-js': [ '1.5.1' ],
48 silly audit   'baseline-browser-mapping': [ '2.10.12' ],
48 silly audit   'better-opn': [ '3.0.2' ],
48 silly audit   open: [ '8.4.2', '7.4.2' ],
48 silly audit   'big-integer': [ '1.6.52' ],
48 silly audit   'bplist-creator': [ '0.1.0' ],
48 silly audit   'bplist-parser': [ '0.3.1' ],
48 silly audit   braces: [ '3.0.3' ],
48 silly audit   browserslist: [ '4.28.1' ],
48 silly audit   bser: [ '2.1.1' ],
48 silly audit   buffer: [ '5.7.1' ],
48 silly audit   'buffer-from': [ '1.1.2' ],
48 silly audit   bytes: [ '3.1.2' ],
48 silly audit   'caniuse-lite': [ '1.0.30001781' ],
48 silly audit   chownr: [ '3.0.0' ],
48 silly audit   'chrome-launcher': [ '0.15.2' ],
48 silly audit   'chromium-edge-launcher': [ '0.2.0' ],
48 silly audit   'ci-info': [ '2.0.0', '3.9.0' ],
48 silly audit   'cli-cursor': [ '2.1.0' ],
48 silly audit   'cli-spinners': [ '2.9.2' ],
48 silly audit   cliui: [ '8.0.1' ],
48 silly audit   clone: [ '1.0.4' ],
48 silly audit   color: [ '4.2.3' ],
48 silly audit   'color-string': [ '1.9.1' ],
48 silly audit   commander: [ '7.2.0', '12.1.0', '4.1.1', '2.20.3' ],
48 silly audit   compressible: [ '2.0.18' ],
48 silly audit   compression: [ '1.8.1' ],
48 silly audit   ms: [ '2.0.0', '2.1.3' ],
48 silly audit   negotiator: [ '0.6.4', '0.6.3' ],
48 silly audit   'concat-map': [ '0.0.1' ],
48 silly audit   connect: [ '3.7.0' ],
48 silly audit   'convert-source-map': [ '2.0.0' ],
48 silly audit   'core-js-compat': [ '3.49.0' ],
48 silly audit   'cross-fetch': [ '3.2.0' ],
48 silly audit   'cross-spawn': [ '7.0.6' ],
48 silly audit   'css-in-js-utils': [ '3.1.0' ],
48 silly audit   'decode-uri-component': [ '0.2.2' ],
48 silly audit   'deep-extend': [ '0.6.0' ],
48 silly audit   deepmerge: [ '4.3.1' ],
48 silly audit   defaults: [ '1.0.4' ],
48 silly audit   'define-lazy-prop': [ '2.0.0' ],
48 silly audit   depd: [ '2.0.0' ],
48 silly audit   destroy: [ '1.2.0' ],
48 silly audit   'detect-libc': [ '2.1.2' ],
48 silly audit   dotenv: [ '16.4.7' ],
48 silly audit   'dotenv-expand': [ '11.0.7' ],
48 silly audit   'ee-first': [ '1.1.1' ],
48 silly audit   'electron-to-chromium': [ '1.5.328' ],
48 silly audit   'emoji-regex': [ '8.0.0' ],
48 silly audit   encodeurl: [ '1.0.2', '2.0.0' ],
48 silly audit   'env-editor': [ '0.4.2' ],
48 silly audit   'error-stack-parser': [ '2.1.4' ],
48 silly audit   escalade: [ '3.2.0' ],
48 silly audit   'escape-html': [ '1.0.3' ],
48 silly audit   esprima: [ '4.0.1' ],
48 silly audit   etag: [ '1.8.1' ],
48 silly audit   'event-target-shim': [ '5.0.1' ],
48 silly audit   'expo-modules-autolinking': [ '3.0.24' ],
48 silly audit   'expo-modules-core': [ '3.0.29' ],
48 silly audit   'expo-server': [ '1.0.5' ],
48 silly audit   'expo-status-bar': [ '3.0.9' ],
48 silly audit   picomatch: [ '2.3.2', '4.0.4', '3.0.2' ],
48 silly audit   'exponential-backoff': [ '3.1.3' ],
48 silly audit   'fast-deep-equal': [ '3.1.3' ],
48 silly audit   'fast-json-stable-stringify': [ '2.1.0' ],
48 silly audit   'fb-watchman': [ '2.0.2' ],
48 silly audit   fbjs: [ '3.0.5' ],
48 silly audit   'fbjs-css-vars': [ '1.0.2' ],
48 silly audit   promise: [ '7.3.1', '8.3.0' ],
48 silly audit   'fill-range': [ '7.1.1' ],
48 silly audit   'filter-obj': [ '1.1.0' ],
48 silly audit   finalhandler: [ '1.1.2' ],
48 silly audit   'find-up': [ '4.1.0' ],
48 silly audit   'flow-enums-runtime': [ '0.0.6' ],
48 silly audit   fontfaceobserver: [ '2.3.0' ],
48 silly audit   'freeport-async': [ '2.0.0' ],
48 silly audit   fresh: [ '0.5.2' ],
48 silly audit   'fs.realpath': [ '1.0.0' ],
48 silly audit   fsevents: [ '2.3.3' ],
48 silly audit   'function-bind': [ '1.1.2' ],
48 silly audit   gensync: [ '1.0.0-beta.2' ],
48 silly audit   'get-caller-file': [ '2.0.5' ],
48 silly audit   'get-package-type': [ '0.1.0' ],
48 silly audit   getenv: [ '2.0.0' ],
48 silly audit   'graceful-fs': [ '4.2.11' ],
48 silly audit   hasown: [ '2.0.2' ],
48 silly audit   'hoist-non-react-statics': [ '3.3.2' ],
48 silly audit   'hosted-git-info': [ '7.0.2' ],
48 silly audit   'lru-cache': [ '10.4.3', '5.1.1', '11.2.7' ],
48 silly audit   'http-errors': [ '2.0.1' ],
48 silly audit   statuses: [ '2.0.2', '1.5.0' ],
48 silly audit   'https-proxy-agent': [ '7.0.6' ],
48 silly audit   'hyphenate-style-name': [ '1.1.0' ],
48 silly audit   ieee754: [ '1.2.1' ],
48 silly audit   ignore: [ '5.3.2' ],
48 silly audit   'image-size': [ '1.2.1' ],
48 silly audit   imurmurhash: [ '0.1.4' ],
48 silly audit   inflight: [ '1.0.6' ],
48 silly audit   inherits: [ '2.0.4' ],
48 silly audit   ini: [ '1.3.8' ],
48 silly audit   'inline-style-prefixer': [ '7.0.1' ],
48 silly audit   invariant: [ '2.2.4' ],
48 silly audit   'is-arrayish': [ '0.3.4' ],
48 silly audit   'is-core-module': [ '2.16.1' ],
48 silly audit   'is-docker': [ '2.2.1' ],
48 silly audit   'is-fullwidth-code-point': [ '3.0.0' ],
48 silly audit   'is-number': [ '7.0.0' ],
48 silly audit   'is-wsl': [ '2.2.0' ],
48 silly audit   isexe: [ '2.0.0' ],
48 silly audit   'istanbul-lib-coverage': [ '3.2.2' ],
48 silly audit   'istanbul-lib-instrument': [ '5.2.1' ],
48 silly audit   'jest-environment-node': [ '29.7.0' ],
48 silly audit   'jest-get-type': [ '29.6.3' ],
48 silly audit   'jest-haste-map': [ '29.7.0' ],
48 silly audit   'jest-message-util': [ '29.7.0' ],
48 silly audit   'jest-mock': [ '29.7.0' ],
48 silly audit   'jest-regex-util': [ '29.6.3' ],
48 silly audit   'jest-util': [ '29.7.0' ],
48 silly audit   'jest-validate': [ '29.7.0' ],
48 silly audit   'jest-worker': [ '29.7.0' ],
48 silly audit   'jimp-compact': [ '0.16.1' ],
48 silly audit   'js-tokens': [ '4.0.0' ],
48 silly audit   'jsc-safe-url': [ '0.2.4' ],
48 silly audit   jsesc: [ '3.1.0' ],
48 silly audit   json5: [ '2.2.3' ],
48 silly audit   kleur: [ '3.0.3' ],
48 silly audit   'lan-network': [ '0.1.7' ],
48 silly audit   leven: [ '3.1.0' ],
48 silly audit   'lighthouse-logger': [ '1.4.2' ],
48 silly audit   lightningcss: [ '1.32.0' ],
48 silly audit   'lightningcss-android-arm64': [ '1.32.0' ],
48 silly audit   'lightningcss-darwin-arm64': [ '1.32.0' ],
48 silly audit   'lightningcss-darwin-x64': [ '1.32.0' ],
48 silly audit   'lightningcss-freebsd-x64': [ '1.32.0' ],
48 silly audit   'lightningcss-linux-arm-gnueabihf': [ '1.32.0' ],
48 silly audit   'lightningcss-linux-arm64-gnu': [ '1.32.0' ],
48 silly audit   'lightningcss-linux-arm64-musl': [ '1.32.0' ],
48 silly audit   'lightningcss-linux-x64-gnu': [ '1.32.0' ],
48 silly audit   'lightningcss-linux-x64-musl': [ '1.32.0' ],
48 silly audit   'lightningcss-win32-arm64-msvc': [ '1.32.0' ],
48 silly audit   'lightningcss-win32-x64-msvc': [ '1.32.0' ],
48 silly audit   'lines-and-columns': [ '1.2.4' ],
48 silly audit   'locate-path': [ '5.0.0' ],
48 silly audit   'lodash.debounce': [ '4.0.8' ],
48 silly audit   'lodash.throttle': [ '4.1.1' ],
48 silly audit   'log-symbols': [ '2.2.0' ],
48 silly audit   'loose-envify': [ '1.4.0' ],
48 silly audit   makeerror: [ '1.0.12' ],
48 silly audit   marky: [ '1.3.0' ],
48 silly audit   'memoize-one': [ '5.2.1', '6.0.0' ],
48 silly audit   'merge-stream': [ '2.0.0' ],
48 silly audit   metro: [ '0.83.3' ],
48 silly audit   'metro-babel-transformer': [ '0.83.3' ],
48 silly audit   'metro-cache': [ '0.83.3' ],
48 silly audit   'metro-cache-key': [ '0.83.3' ],
48 silly audit   'metro-config': [ '0.83.3' ],
48 silly audit   'metro-core': [ '0.83.3' ],
48 silly audit   'metro-file-map': [ '0.83.3' ],
48 silly audit   'metro-minify-terser': [ '0.83.3' ],
48 silly audit   'metro-resolver': [ '0.83.3' ],
48 silly audit   'metro-runtime': [ '0.83.3' ],
48 silly audit   'metro-source-map': [ '0.83.3' ],
48 silly audit   'metro-symbolicate': [ '0.83.3' ],
48 silly audit   'metro-transform-plugins': [ '0.83.3' ],
48 silly audit   'metro-transform-worker': [ '0.83.3' ],
48 silly audit   micromatch: [ '4.0.8' ],
48 silly audit   mime: [ '1.6.0' ],
48 silly audit   'mime-db': [ '1.52.0' ],
48 silly audit   'mime-types': [ '2.1.35' ],
48 silly audit   'mimic-fn': [ '1.2.0' ],
48 silly audit   minimist: [ '1.2.8' ],
48 silly audit   minipass: [ '7.1.3' ],
48 silly audit   minizlib: [ '3.1.0' ],
48 silly audit   mkdirp: [ '1.0.4' ],
48 silly audit   mz: [ '2.7.0' ],
48 silly audit   nanoid: [ '3.3.11' ],
48 silly audit   'nested-error-stacks': [ '2.0.1' ],
48 silly audit   'node-fetch': [ '2.7.0' ],
48 silly audit   'node-forge': [ '1.4.0' ],
48 silly audit   'node-int64': [ '0.4.0' ],
48 silly audit   'node-releases': [ '2.0.36' ],
48 silly audit   'normalize-path': [ '3.0.0' ],
48 silly audit   'npm-package-arg': [ '11.0.3' ],
48 silly audit   nullthrows: [ '1.1.1' ],
48 silly audit   ob1: [ '0.83.3' ],
48 silly audit   'object-assign': [ '4.1.1' ],
48 silly audit   'on-finished': [ '2.3.0', '2.4.1' ],
48 silly audit   'on-headers': [ '1.1.0' ],
48 silly audit   once: [ '1.4.0' ],
48 silly audit   onetime: [ '2.0.1' ],
48 silly audit   ora: [ '3.4.0' ],
48 silly audit   'strip-ansi': [ '5.2.0', '6.0.1' ],
48 silly audit   'p-limit': [ '3.1.0', '2.3.0' ],
48 silly audit   'p-locate': [ '4.1.0' ],
48 silly audit   'p-try': [ '2.2.0' ],
48 silly audit   'parse-png': [ '2.1.0' ],
48 silly audit   parseurl: [ '1.3.3' ],
48 silly audit   'path-exists': [ '4.0.0' ],
48 silly audit   'path-is-absolute': [ '1.0.1' ],
48 silly audit   'path-key': [ '3.1.1' ],
48 silly audit   'path-parse': [ '1.0.7' ],
48 silly audit   'path-scurry': [ '2.0.2' ],
48 silly audit   picocolors: [ '1.1.1' ],
48 silly audit   pirates: [ '4.0.7' ],
48 silly audit   plist: [ '3.1.0' ],
48 silly audit   pngjs: [ '3.4.0' ],
48 silly audit   postcss: [ '8.4.49' ],
48 silly audit   'postcss-value-parser': [ '4.2.0' ],
48 silly audit   'pretty-bytes': [ '5.6.0' ],
48 silly audit   'pretty-format': [ '29.7.0' ],
48 silly audit   'proc-log': [ '4.2.0' ],
48 silly audit   progress: [ '2.0.3' ],
48 silly audit   prompts: [ '2.4.2' ],
48 silly audit   punycode: [ '2.3.1' ],
48 silly audit   'qrcode-terminal': [ '0.11.0' ],
48 silly audit   'query-string': [ '7.1.3' ],
48 silly audit   queue: [ '6.0.2' ],
48 silly audit   'range-parser': [ '1.2.1' ],
48 silly audit   rc: [ '1.2.8' ],
48 silly audit   react: [ '19.1.0' ],
48 silly audit   'react-devtools-core': [ '6.1.5' ],
48 silly audit   'react-dom': [ '19.1.0' ],
48 silly audit   'react-freeze': [ '1.0.4' ],
48 silly audit   'react-native': [ '0.81.5' ],
48 silly audit   'react-native-drawer-layout': [ '4.2.2' ],
48 silly audit   'react-native-gesture-handler': [ '2.28.0' ],
48 silly audit   'react-native-is-edge-to-edge': [ '1.3.1' ],
48 silly audit   'react-native-reanimated': [ '4.3.0' ],
48 silly audit   'react-native-safe-area-context': [ '5.6.2' ],
48 silly audit   'react-native-screens': [ '4.16.0' ],
48 silly audit   'react-native-web': [ '0.21.2' ],
48 silly audit   'react-native-worklets': [ '0.8.1' ],
48 silly audit   '@react-native/virtualized-lists': [ '0.81.5' ],
48 silly audit   'react-refresh': [ '0.14.2' ],
48 silly audit   regenerate: [ '1.4.2' ],
48 silly audit   'regenerate-unicode-properties': [ '10.2.2' ],
48 silly audit   'regenerator-runtime': [ '0.13.11' ],
48 silly audit   'regexpu-core': [ '6.4.0' ],
48 silly audit   regjsgen: [ '0.8.0' ],
48 silly audit   regjsparser: [ '0.13.0' ],
48 silly audit   'require-directory': [ '2.1.1' ],
48 silly audit   'require-from-string': [ '2.0.2' ],
48 silly audit   requireg: [ '0.2.2' ],
48 silly audit   resolve: [ '1.7.1', '1.22.11' ],
48 silly audit   'resolve-from': [ '5.0.0' ],
48 silly audit   'resolve-workspace-root': [ '2.0.1' ],
48 silly audit   'resolve.exports': [ '2.0.3' ],
48 silly audit   'restore-cursor': [ '2.0.0' ],
48 silly audit   rimraf: [ '3.0.2' ],
48 silly audit   'safe-buffer': [ '5.2.1' ],
48 silly audit   sax: [ '1.6.0' ],
48 silly audit   scheduler: [ '0.26.0' ],
48 silly audit   send: [ '0.19.2' ],
48 silly audit   'serialize-error': [ '2.1.0' ],
48 silly audit   'serve-static': [ '1.16.3' ],
48 silly audit   setimmediate: [ '1.0.5' ],
48 silly audit   setprototypeof: [ '1.2.0' ],
48 silly audit   'sf-symbols-typescript': [ '2.2.0' ],
48 silly audit   'shebang-command': [ '2.0.0' ],
48 silly audit   'shebang-regex': [ '3.0.0' ],
48 silly audit   'shell-quote': [ '1.8.3' ],
48 silly audit   'signal-exit': [ '3.0.7' ],
48 silly audit   'simple-plist': [ '1.3.1' ],
48 silly audit   'simple-swizzle': [ '0.2.4' ],
48 silly audit   sisteransi: [ '1.0.5' ],
48 silly audit   slash: [ '3.0.0' ],
48 silly audit   slugify: [ '1.6.8' ],
48 silly audit   'source-map': [ '0.5.7', '0.6.1' ],
48 silly audit   'source-map-js': [ '1.2.1' ],
48 silly audit   'source-map-support': [ '0.5.21' ],
48 silly audit   'split-on-first': [ '1.1.0' ],
48 silly audit   'sprintf-js': [ '1.0.3' ],
48 silly audit   'stack-utils': [ '2.0.6' ],
48 silly audit   stackframe: [ '1.3.4' ],
48 silly audit   'stacktrace-parser': [ '0.1.11' ],
48 silly audit   'stream-buffers': [ '2.2.0' ],
48 silly audit   'strict-uri-encode': [ '2.0.0' ],
48 silly audit   'string-width': [ '4.2.3' ],
48 silly audit   'strip-json-comments': [ '2.0.1' ],
48 silly audit   'structured-headers': [ '0.4.1' ],
48 silly audit   styleq: [ '0.1.3' ],
48 silly audit   sucrase: [ '3.35.1' ],
48 silly audit   'supports-hyperlinks': [ '2.3.0' ],
48 silly audit   'supports-preserve-symlinks-flag': [ '1.0.0' ],
48 silly audit   tar: [ '7.5.13' ],
48 silly audit   yallist: [ '5.0.0', '3.1.1' ],
48 silly audit   'terminal-link': [ '2.1.1' ],
48 silly audit   terser: [ '5.46.1' ],
48 silly audit   'test-exclude': [ '6.0.0' ],
48 silly audit   thenify: [ '3.3.1' ],
48 silly audit   'thenify-all': [ '1.6.0' ],
48 silly audit   throat: [ '5.0.0' ],
48 silly audit   tinyglobby: [ '0.2.15' ],
48 silly audit   fdir: [ '6.5.0' ],
48 silly audit   tmpl: [ '1.0.5' ],
48 silly audit   'to-regex-range': [ '5.0.1' ],
48 silly audit   toidentifier: [ '1.0.1' ],
48 silly audit   tr46: [ '0.0.3' ],
48 silly audit   'ts-interface-checker': [ '0.1.13' ],
48 silly audit   'type-detect': [ '4.0.8' ],
48 silly audit   'ua-parser-js': [ '1.0.41' ],
48 silly audit   undici: [ '6.24.1' ],
48 silly audit   'undici-types': [ '7.18.2' ],
48 silly audit   'unicode-canonical-property-names-ecmascript': [ '2.0.1' ],
48 silly audit   'unicode-match-property-ecmascript': [ '2.0.0' ],
48 silly audit   'unicode-match-property-value-ecmascript': [ '2.2.1' ],
48 silly audit   'unicode-property-aliases-ecmascript': [ '2.2.0' ],
48 silly audit   unpipe: [ '1.0.0' ],
48 silly audit   'update-browserslist-db': [ '1.2.3' ],
48 silly audit   'use-latest-callback': [ '0.2.6' ],
48 silly audit   'use-sync-external-store': [ '1.6.0' ],
48 silly audit   'utils-merge': [ '1.0.1' ],
48 silly audit   uuid: [ '7.0.3' ],
48 silly audit   'validate-npm-package-name': [ '5.0.1' ],
48 silly audit   vary: [ '1.1.2' ],
48 silly audit   vlq: [ '1.0.1' ],
48 silly audit   walker: [ '1.0.8' ],
48 silly audit   'warn-once': [ '0.1.1' ],
48 silly audit   wcwidth: [ '1.0.1' ],
48 silly audit   'webidl-conversions': [ '5.0.0', '3.0.1' ],
48 silly audit   'whatwg-fetch': [ '3.6.20' ],
48 silly audit   'whatwg-url': [ '5.0.0' ],
48 silly audit   'whatwg-url-without-unicode': [ '8.0.0-3' ],
48 silly audit   which: [ '2.0.2' ],
48 silly audit   wonka: [ '6.3.6' ],
48 silly audit   'wrap-ansi': [ '7.0.0' ],
48 silly audit   wrappy: [ '1.0.2' ],
48 silly audit   'write-file-atomic': [ '4.0.2' ],
48 silly audit   xcode: [ '3.0.1' ],
48 silly audit   xml2js: [ '0.6.0' ],
48 silly audit   xmlbuilder: [ '11.0.1', '15.1.1' ],
48 silly audit   y18n: [ '5.0.8' ],
48 silly audit   yaml: [ '2.8.3' ],
48 silly audit   yargs: [ '17.7.2' ],
48 silly audit   'yargs-parser': [ '21.1.1' ],
48 silly audit   'yocto-queue': [ '0.1.0' ],
48 silly audit   expo: [ '54.0.33' ],
48 silly audit   '@expo/cli': [ '54.0.23' ],
48 silly audit   '@expo/prebuild-config': [ '54.0.8' ],
48 silly audit   '@expo/metro-config': [ '54.0.14' ],
48 silly audit   '@expo/vector-icons': [ '15.1.1' ],
48 silly audit   'babel-preset-expo': [ '54.0.10' ],
48 silly audit   'expo-asset': [ '12.0.12' ],
48 silly audit   'expo-constants': [ '18.0.13' ],
48 silly audit   'expo-file-system': [ '19.0.21' ],
48 silly audit   'expo-font': [ '14.0.11' ],
48 silly audit   'expo-keep-awake': [ '15.0.8' ]
48 silly audit }
49 http cache expo@https://registry.npmjs.org/expo/-/expo-54.0.33.tgz 0ms (cache hit)
50 http cache yocto-queue@https://registry.npmjs.org/yocto-queue/-/yocto-queue-0.1.0.tgz 0ms (cache hit)
51 http cache yargs-parser@https://registry.npmjs.org/yargs-parser/-/yargs-parser-21.1.1.tgz 0ms (cache hit)
52 http cache yaml@https://registry.npmjs.org/yaml/-/yaml-2.8.3.tgz 0ms (cache hit)
53 http cache yallist@https://registry.npmjs.org/yallist/-/yallist-3.1.1.tgz 0ms (cache hit)
54 http cache yargs@https://registry.npmjs.org/yargs/-/yargs-17.7.2.tgz 0ms (cache hit)
55 http cache y18n@https://registry.npmjs.org/y18n/-/y18n-5.0.8.tgz 0ms (cache hit)
56 http cache xml2js@https://registry.npmjs.org/xml2js/-/xml2js-0.6.0.tgz 0ms (cache hit)
57 http cache xmlbuilder@https://registry.npmjs.org/xmlbuilder/-/xmlbuilder-15.1.1.tgz 0ms (cache hit)
58 http cache ws@https://registry.npmjs.org/ws/-/ws-7.5.10.tgz 0ms (cache hit)
59 http cache xcode@https://registry.npmjs.org/xcode/-/xcode-3.0.1.tgz 0ms (cache hit)
60 http cache write-file-atomic@https://registry.npmjs.org/write-file-atomic/-/write-file-atomic-4.0.2.tgz 0ms (cache hit)
61 http cache wrappy@https://registry.npmjs.org/wrappy/-/wrappy-1.0.2.tgz 0ms (cache hit)
62 http cache wonka@https://registry.npmjs.org/wonka/-/wonka-6.3.6.tgz 0ms (cache hit)
63 http cache which@https://registry.npmjs.org/which/-/which-2.0.2.tgz 0ms (cache hit)
64 http cache whatwg-url@https://registry.npmjs.org/whatwg-url/-/whatwg-url-5.0.0.tgz 0ms (cache hit)
65 http cache wrap-ansi@https://registry.npmjs.org/wrap-ansi/-/wrap-ansi-7.0.0.tgz 0ms (cache hit)
66 http cache whatwg-url-without-unicode@https://registry.npmjs.org/whatwg-url-without-unicode/-/whatwg-url-without-unicode-8.0.0-3.tgz 0ms (cache hit)
67 http cache webidl-conversions@https://registry.npmjs.org/webidl-conversions/-/webidl-conversions-5.0.0.tgz 0ms (cache hit)
68 http cache whatwg-fetch@https://registry.npmjs.org/whatwg-fetch/-/whatwg-fetch-3.6.20.tgz 0ms (cache hit)
69 http cache warn-once@https://registry.npmjs.org/warn-once/-/warn-once-0.1.1.tgz 0ms (cache hit)
70 http cache walker@https://registry.npmjs.org/walker/-/walker-1.0.8.tgz 0ms (cache hit)
71 http cache wcwidth@https://registry.npmjs.org/wcwidth/-/wcwidth-1.0.1.tgz 0ms (cache hit)
72 http cache vlq@https://registry.npmjs.org/vlq/-/vlq-1.0.1.tgz 0ms (cache hit)
73 http cache validate-npm-package-name@https://registry.npmjs.org/validate-npm-package-name/-/validate-npm-package-name-5.0.1.tgz 0ms (cache hit)
74 http cache vary@https://registry.npmjs.org/vary/-/vary-1.1.2.tgz 0ms (cache hit)
75 http cache uuid@https://registry.npmjs.org/uuid/-/uuid-7.0.3.tgz 0ms (cache hit)
76 http cache use-sync-external-store@https://registry.npmjs.org/use-sync-external-store/-/use-sync-external-store-1.6.0.tgz 0ms (cache hit)
77 http cache utils-merge@https://registry.npmjs.org/utils-merge/-/utils-merge-1.0.1.tgz 0ms (cache hit)
78 http cache use-latest-callback@https://registry.npmjs.org/use-latest-callback/-/use-latest-callback-0.2.6.tgz 0ms (cache hit)
79 http cache unpipe@https://registry.npmjs.org/unpipe/-/unpipe-1.0.0.tgz 0ms (cache hit)
80 http cache update-browserslist-db@https://registry.npmjs.org/update-browserslist-db/-/update-browserslist-db-1.2.3.tgz 0ms (cache hit)
81 http cache unicode-property-aliases-ecmascript@https://registry.npmjs.org/unicode-property-aliases-ecmascript/-/unicode-property-aliases-ecmascript-2.2.0.tgz 0ms (cache hit)
82 http cache unicode-match-property-value-ecmascript@https://registry.npmjs.org/unicode-match-property-value-ecmascript/-/unicode-match-property-value-ecmascript-2.2.1.tgz 0ms (cache hit)
83 http cache unicode-match-property-ecmascript@https://registry.npmjs.org/unicode-match-property-ecmascript/-/unicode-match-property-ecmascript-2.0.0.tgz 0ms (cache hit)
84 http cache undici@https://registry.npmjs.org/undici/-/undici-6.24.1.tgz 0ms (cache hit)
85 http cache undici-types@https://registry.npmjs.org/undici-types/-/undici-types-7.18.2.tgz 0ms (cache hit)
86 http cache ua-parser-js@https://registry.npmjs.org/ua-parser-js/-/ua-parser-js-1.0.41.tgz 0ms (cache hit)
87 http cache type-fest@https://registry.npmjs.org/type-fest/-/type-fest-0.7.1.tgz 0ms (cache hit)
88 http cache unicode-canonical-property-names-ecmascript@https://registry.npmjs.org/unicode-canonical-property-names-ecmascript/-/unicode-canonical-property-names-ecmascript-2.0.1.tgz 0ms (cache hit)
89 http cache type-detect@https://registry.npmjs.org/type-detect/-/type-detect-4.0.8.tgz 0ms (cache hit)
90 http cache ts-interface-checker@https://registry.npmjs.org/ts-interface-checker/-/ts-interface-checker-0.1.13.tgz 0ms (cache hit)
91 http cache tr46@https://registry.npmjs.org/tr46/-/tr46-0.0.3.tgz 0ms (cache hit)
92 http cache to-regex-range@https://registry.npmjs.org/to-regex-range/-/to-regex-range-5.0.1.tgz 0ms (cache hit)
93 http cache toidentifier@https://registry.npmjs.org/toidentifier/-/toidentifier-1.0.1.tgz 0ms (cache hit)
94 http cache tmpl@https://registry.npmjs.org/tmpl/-/tmpl-1.0.5.tgz 0ms (cache hit)
95 http cache tinyglobby@https://registry.npmjs.org/tinyglobby/-/tinyglobby-0.2.15.tgz 0ms (cache hit)
96 http cache throat@https://registry.npmjs.org/throat/-/throat-5.0.0.tgz 0ms (cache hit)
97 http cache thenify-all@https://registry.npmjs.org/thenify-all/-/thenify-all-1.6.0.tgz 0ms (cache hit)
98 http cache thenify@https://registry.npmjs.org/thenify/-/thenify-3.3.1.tgz 0ms (cache hit)
99 http cache terser@https://registry.npmjs.org/terser/-/terser-5.46.1.tgz 0ms (cache hit)
100 http cache test-exclude@https://registry.npmjs.org/test-exclude/-/test-exclude-6.0.0.tgz 0ms (cache hit)
101 http cache terminal-link@https://registry.npmjs.org/terminal-link/-/terminal-link-2.1.1.tgz 0ms (cache hit)
102 http cache tar@https://registry.npmjs.org/tar/-/tar-7.5.13.tgz 0ms (cache hit)
103 http cache supports-hyperlinks@https://registry.npmjs.org/supports-hyperlinks/-/supports-hyperlinks-2.3.0.tgz 0ms (cache hit)
104 http cache supports-preserve-symlinks-flag@https://registry.npmjs.org/supports-preserve-symlinks-flag/-/supports-preserve-symlinks-flag-1.0.0.tgz 0ms (cache hit)
105 http cache supports-color@https://registry.npmjs.org/supports-color/-/supports-color-5.5.0.tgz 0ms (cache hit)
106 http cache sucrase@https://registry.npmjs.org/sucrase/-/sucrase-3.35.1.tgz 0ms (cache hit)
107 http cache styleq@https://registry.npmjs.org/styleq/-/styleq-0.1.3.tgz 0ms (cache hit)
108 http cache structured-headers@https://registry.npmjs.org/structured-headers/-/structured-headers-0.4.1.tgz 0ms (cache hit)
109 http cache strip-json-comments@https://registry.npmjs.org/strip-json-comments/-/strip-json-comments-2.0.1.tgz 0ms (cache hit)
110 http cache string-width@https://registry.npmjs.org/string-width/-/string-width-4.2.3.tgz 0ms (cache hit)
111 http cache strict-uri-encode@https://registry.npmjs.org/strict-uri-encode/-/strict-uri-encode-2.0.0.tgz 0ms (cache hit)
112 http cache strip-ansi@https://registry.npmjs.org/strip-ansi/-/strip-ansi-6.0.1.tgz 0ms (cache hit)
113 http cache stream-buffers@https://registry.npmjs.org/stream-buffers/-/stream-buffers-2.2.0.tgz 0ms (cache hit)
114 http cache stacktrace-parser@https://registry.npmjs.org/stacktrace-parser/-/stacktrace-parser-0.1.11.tgz 0ms (cache hit)
115 http cache statuses@https://registry.npmjs.org/statuses/-/statuses-1.5.0.tgz 0ms (cache hit)
116 http cache stackframe@https://registry.npmjs.org/stackframe/-/stackframe-1.3.4.tgz 0ms (cache hit)
117 http cache stack-utils@https://registry.npmjs.org/stack-utils/-/stack-utils-2.0.6.tgz 0ms (cache hit)
118 http cache sprintf-js@https://registry.npmjs.org/sprintf-js/-/sprintf-js-1.0.3.tgz 0ms (cache hit)
119 http cache split-on-first@https://registry.npmjs.org/split-on-first/-/split-on-first-1.1.0.tgz 0ms (cache hit)
120 http cache source-map-js@https://registry.npmjs.org/source-map-js/-/source-map-js-1.2.1.tgz 0ms (cache hit)
121 http cache source-map-support@https://registry.npmjs.org/source-map-support/-/source-map-support-0.5.21.tgz 0ms (cache hit)
122 http cache source-map@https://registry.npmjs.org/source-map/-/source-map-0.5.7.tgz 0ms (cache hit)
123 http cache slash@https://registry.npmjs.org/slash/-/slash-3.0.0.tgz 0ms (cache hit)
124 http cache sisteransi@https://registry.npmjs.org/sisteransi/-/sisteransi-1.0.5.tgz 0ms (cache hit)
125 http cache slugify@https://registry.npmjs.org/slugify/-/slugify-1.6.8.tgz 0ms (cache hit)
126 http cache simple-swizzle@https://registry.npmjs.org/simple-swizzle/-/simple-swizzle-0.2.4.tgz 0ms (cache hit)
127 http cache signal-exit@https://registry.npmjs.org/signal-exit/-/signal-exit-3.0.7.tgz 0ms (cache hit)
128 http cache simple-plist@https://registry.npmjs.org/simple-plist/-/simple-plist-1.3.1.tgz 0ms (cache hit)
129 http cache shell-quote@https://registry.npmjs.org/shell-quote/-/shell-quote-1.8.3.tgz 0ms (cache hit)
130 http cache shebang-regex@https://registry.npmjs.org/shebang-regex/-/shebang-regex-3.0.0.tgz 0ms (cache hit)
131 http cache sf-symbols-typescript@https://registry.npmjs.org/sf-symbols-typescript/-/sf-symbols-typescript-2.2.0.tgz 0ms (cache hit)
132 http cache shebang-command@https://registry.npmjs.org/shebang-command/-/shebang-command-2.0.0.tgz 0ms (cache hit)
133 http cache serve-static@https://registry.npmjs.org/serve-static/-/serve-static-1.16.3.tgz 0ms (cache hit)
134 http cache setimmediate@https://registry.npmjs.org/setimmediate/-/setimmediate-1.0.5.tgz 0ms (cache hit)
135 http cache setprototypeof@https://registry.npmjs.org/setprototypeof/-/setprototypeof-1.2.0.tgz 0ms (cache hit)
136 http cache send@https://registry.npmjs.org/send/-/send-0.19.2.tgz 0ms (cache hit)
137 http cache serialize-error@https://registry.npmjs.org/serialize-error/-/serialize-error-2.1.0.tgz 0ms (cache hit)
138 http cache semver@https://registry.npmjs.org/semver/-/semver-7.7.4.tgz 0ms (cache hit)
139 http cache sax@https://registry.npmjs.org/sax/-/sax-1.6.0.tgz 0ms (cache hit)
140 http cache scheduler@https://registry.npmjs.org/scheduler/-/scheduler-0.26.0.tgz 0ms (cache hit)
141 http cache rimraf@https://registry.npmjs.org/rimraf/-/rimraf-3.0.2.tgz 0ms (cache hit)
142 http cache safe-buffer@https://registry.npmjs.org/safe-buffer/-/safe-buffer-5.2.1.tgz 0ms (cache hit)
143 http cache resolve.exports@https://registry.npmjs.org/resolve.exports/-/resolve.exports-2.0.3.tgz 0ms (cache hit)
144 http cache restore-cursor@https://registry.npmjs.org/restore-cursor/-/restore-cursor-2.0.0.tgz 0ms (cache hit)
145 http cache resolve@https://registry.npmjs.org/resolve/-/resolve-1.22.11.tgz 0ms (cache hit)
146 http cache resolve-from@https://registry.npmjs.org/resolve-from/-/resolve-from-5.0.0.tgz 0ms (cache hit)
147 http cache resolve-workspace-root@https://registry.npmjs.org/resolve-workspace-root/-/resolve-workspace-root-2.0.1.tgz 0ms (cache hit)
148 http cache requireg@https://registry.npmjs.org/requireg/-/requireg-0.2.2.tgz 0ms (cache hit)
149 http cache require-from-string@https://registry.npmjs.org/require-from-string/-/require-from-string-2.0.2.tgz 0ms (cache hit)
150 http cache regjsparser@https://registry.npmjs.org/regjsparser/-/regjsparser-0.13.0.tgz 0ms (cache hit)
151 http cache require-directory@https://registry.npmjs.org/require-directory/-/require-directory-2.1.1.tgz 0ms (cache hit)
152 http cache regexpu-core@https://registry.npmjs.org/regexpu-core/-/regexpu-core-6.4.0.tgz 0ms (cache hit)
153 http cache regjsgen@https://registry.npmjs.org/regjsgen/-/regjsgen-0.8.0.tgz 0ms (cache hit)
154 http cache regenerator-runtime@https://registry.npmjs.org/regenerator-runtime/-/regenerator-runtime-0.13.11.tgz 0ms (cache hit)
155 http cache react-refresh@https://registry.npmjs.org/react-refresh/-/react-refresh-0.14.2.tgz 0ms (cache hit)
156 http cache regenerate-unicode-properties@https://registry.npmjs.org/regenerate-unicode-properties/-/regenerate-unicode-properties-10.2.2.tgz 0ms (cache hit)
157 http cache regenerate@https://registry.npmjs.org/regenerate/-/regenerate-1.4.2.tgz 0ms (cache hit)
158 http cache react-native-worklets@https://registry.npmjs.org/react-native-worklets/-/react-native-worklets-0.8.1.tgz 0ms (cache hit)
159 http cache react-native-screens@https://registry.npmjs.org/react-native-screens/-/react-native-screens-4.16.0.tgz 0ms (cache hit)
160 http cache react-native-web@https://registry.npmjs.org/react-native-web/-/react-native-web-0.21.2.tgz 0ms (cache hit)
161 http cache react-native-reanimated@https://registry.npmjs.org/react-native-reanimated/-/react-native-reanimated-4.3.0.tgz 0ms (cache hit)
162 http cache react-native-safe-area-context@https://registry.npmjs.org/react-native-safe-area-context/-/react-native-safe-area-context-5.6.2.tgz 0ms (cache hit)
163 http cache react-native-is-edge-to-edge@https://registry.npmjs.org/react-native-is-edge-to-edge/-/react-native-is-edge-to-edge-1.3.1.tgz 0ms (cache hit)
164 http cache react-native@https://registry.npmjs.org/react-native/-/react-native-0.81.5.tgz 0ms (cache hit)
165 http cache react-native-drawer-layout@https://registry.npmjs.org/react-native-drawer-layout/-/react-native-drawer-layout-4.2.2.tgz 0ms (cache hit)
166 http cache react-is@https://registry.npmjs.org/react-is/-/react-is-18.3.1.tgz 0ms (cache hit)
167 http cache react-native-gesture-handler@https://registry.npmjs.org/react-native-gesture-handler/-/react-native-gesture-handler-2.28.0.tgz 0ms (cache hit)
168 http cache react-freeze@https://registry.npmjs.org/react-freeze/-/react-freeze-1.0.4.tgz 0ms (cache hit)
169 http cache react-dom@https://registry.npmjs.org/react-dom/-/react-dom-19.1.0.tgz 0ms (cache hit)
170 http cache react-devtools-core@https://registry.npmjs.org/react-devtools-core/-/react-devtools-core-6.1.5.tgz 0ms (cache hit)
171 http cache rc@https://registry.npmjs.org/rc/-/rc-1.2.8.tgz 0ms (cache hit)
172 http cache react@https://registry.npmjs.org/react/-/react-19.1.0.tgz 0ms (cache hit)
173 http cache range-parser@https://registry.npmjs.org/range-parser/-/range-parser-1.2.1.tgz 0ms (cache hit)
174 http cache queue@https://registry.npmjs.org/queue/-/queue-6.0.2.tgz 0ms (cache hit)
175 http cache query-string@https://registry.npmjs.org/query-string/-/query-string-7.1.3.tgz 0ms (cache hit)
176 http cache qrcode-terminal@https://registry.npmjs.org/qrcode-terminal/-/qrcode-terminal-0.11.0.tgz 0ms (cache hit)
177 http cache punycode@https://registry.npmjs.org/punycode/-/punycode-2.3.1.tgz 0ms (cache hit)
178 http cache prompts@https://registry.npmjs.org/prompts/-/prompts-2.4.2.tgz 0ms (cache hit)
179 http cache promise@https://registry.npmjs.org/promise/-/promise-8.3.0.tgz 0ms (cache hit)
180 http cache progress@https://registry.npmjs.org/progress/-/progress-2.0.3.tgz 0ms (cache hit)
181 http cache proc-log@https://registry.npmjs.org/proc-log/-/proc-log-4.2.0.tgz 0ms (cache hit)
182 http cache pretty-format@https://registry.npmjs.org/pretty-format/-/pretty-format-29.7.0.tgz 0ms (cache hit)
183 http cache pretty-bytes@https://registry.npmjs.org/pretty-bytes/-/pretty-bytes-5.6.0.tgz 0ms (cache hit)
184 http cache postcss-value-parser@https://registry.npmjs.org/postcss-value-parser/-/postcss-value-parser-4.2.0.tgz 0ms (cache hit)
185 http cache postcss@https://registry.npmjs.org/postcss/-/postcss-8.4.49.tgz 0ms (cache hit)
186 http cache plist@https://registry.npmjs.org/plist/-/plist-3.1.0.tgz 0ms (cache hit)
187 http cache pngjs@https://registry.npmjs.org/pngjs/-/pngjs-3.4.0.tgz 0ms (cache hit)
188 http cache pirates@https://registry.npmjs.org/pirates/-/pirates-4.0.7.tgz 0ms (cache hit)
189 http cache picomatch@https://registry.npmjs.org/picomatch/-/picomatch-2.3.2.tgz 0ms (cache hit)
190 http cache picocolors@https://registry.npmjs.org/picocolors/-/picocolors-1.1.1.tgz 0ms (cache hit)
191 http cache path-parse@https://registry.npmjs.org/path-parse/-/path-parse-1.0.7.tgz 0ms (cache hit)
192 http cache path-key@https://registry.npmjs.org/path-key/-/path-key-3.1.1.tgz 0ms (cache hit)
193 http cache path-scurry@https://registry.npmjs.org/path-scurry/-/path-scurry-2.0.2.tgz 0ms (cache hit)
194 http cache path-is-absolute@https://registry.npmjs.org/path-is-absolute/-/path-is-absolute-1.0.1.tgz 0ms (cache hit)
195 http cache path-exists@https://registry.npmjs.org/path-exists/-/path-exists-4.0.0.tgz 0ms (cache hit)
196 http cache p-try@https://registry.npmjs.org/p-try/-/p-try-2.2.0.tgz 0ms (cache hit)
197 http cache parseurl@https://registry.npmjs.org/parseurl/-/parseurl-1.3.3.tgz 0ms (cache hit)
198 http cache p-locate@https://registry.npmjs.org/p-locate/-/p-locate-4.1.0.tgz 0ms (cache hit)
199 http cache parse-png@https://registry.npmjs.org/parse-png/-/parse-png-2.1.0.tgz 0ms (cache hit)
200 http cache p-limit@https://registry.npmjs.org/p-limit/-/p-limit-3.1.0.tgz 0ms (cache hit)
201 http cache ora@https://registry.npmjs.org/ora/-/ora-3.4.0.tgz 0ms (cache hit)
202 http cache open@https://registry.npmjs.org/open/-/open-7.4.2.tgz 0ms (cache hit)
203 http cache onetime@https://registry.npmjs.org/onetime/-/onetime-2.0.1.tgz 0ms (cache hit)
204 http cache once@https://registry.npmjs.org/once/-/once-1.4.0.tgz 0ms (cache hit)
205 http cache on-headers@https://registry.npmjs.org/on-headers/-/on-headers-1.1.0.tgz 0ms (cache hit)
206 http cache on-finished@https://registry.npmjs.org/on-finished/-/on-finished-2.3.0.tgz 0ms (cache hit)
207 http cache object-assign@https://registry.npmjs.org/object-assign/-/object-assign-4.1.1.tgz 0ms (cache hit)
208 http cache ob1@https://registry.npmjs.org/ob1/-/ob1-0.83.3.tgz 0ms (cache hit)
209 http cache nullthrows@https://registry.npmjs.org/nullthrows/-/nullthrows-1.1.1.tgz 0ms (cache hit)
210 http cache npm-package-arg@https://registry.npmjs.org/npm-package-arg/-/npm-package-arg-11.0.3.tgz 0ms (cache hit)
211 http cache normalize-path@https://registry.npmjs.org/normalize-path/-/normalize-path-3.0.0.tgz 0ms (cache hit)
212 http cache node-releases@https://registry.npmjs.org/node-releases/-/node-releases-2.0.36.tgz 0ms (cache hit)
213 http cache node-forge@https://registry.npmjs.org/node-forge/-/node-forge-1.4.0.tgz 0ms (cache hit)
214 http cache node-int64@https://registry.npmjs.org/node-int64/-/node-int64-0.4.0.tgz 0ms (cache hit)
215 http cache node-fetch@https://registry.npmjs.org/node-fetch/-/node-fetch-2.7.0.tgz 0ms (cache hit)
216 http cache nested-error-stacks@https://registry.npmjs.org/nested-error-stacks/-/nested-error-stacks-2.0.1.tgz 0ms (cache hit)
217 http cache negotiator@https://registry.npmjs.org/negotiator/-/negotiator-0.6.3.tgz 0ms (cache hit)
218 http cache nanoid@https://registry.npmjs.org/nanoid/-/nanoid-3.3.11.tgz 0ms (cache hit)
219 http cache ms@https://registry.npmjs.org/ms/-/ms-2.1.3.tgz 0ms (cache hit)
220 http cache mz@https://registry.npmjs.org/mz/-/mz-2.7.0.tgz 0ms (cache hit)
221 http cache mkdirp@https://registry.npmjs.org/mkdirp/-/mkdirp-1.0.4.tgz 0ms (cache hit)
222 http cache minizlib@https://registry.npmjs.org/minizlib/-/minizlib-3.1.0.tgz 0ms (cache hit)
223 http cache minimist@https://registry.npmjs.org/minimist/-/minimist-1.2.8.tgz 0ms (cache hit)
224 http cache minimatch@https://registry.npmjs.org/minimatch/-/minimatch-9.0.9.tgz 0ms (cache hit)
225 http cache mimic-fn@https://registry.npmjs.org/mimic-fn/-/mimic-fn-1.2.0.tgz 0ms (cache hit)
226 http cache minipass@https://registry.npmjs.org/minipass/-/minipass-7.1.3.tgz 0ms (cache hit)
227 http cache mime-types@https://registry.npmjs.org/mime-types/-/mime-types-2.1.35.tgz 0ms (cache hit)
228 http cache mime-db@https://registry.npmjs.org/mime-db/-/mime-db-1.52.0.tgz 0ms (cache hit)
229 http cache mime@https://registry.npmjs.org/mime/-/mime-1.6.0.tgz 0ms (cache hit)
230 http cache micromatch@https://registry.npmjs.org/micromatch/-/micromatch-4.0.8.tgz 0ms (cache hit)
231 http cache metro-transform-worker@https://registry.npmjs.org/metro-transform-worker/-/metro-transform-worker-0.83.3.tgz 0ms (cache hit)
232 http cache metro-source-map@https://registry.npmjs.org/metro-source-map/-/metro-source-map-0.83.3.tgz 0ms (cache hit)
233 http cache metro-symbolicate@https://registry.npmjs.org/metro-symbolicate/-/metro-symbolicate-0.83.3.tgz 0ms (cache hit)
234 http cache metro-transform-plugins@https://registry.npmjs.org/metro-transform-plugins/-/metro-transform-plugins-0.83.3.tgz 0ms (cache hit)
235 http cache metro-runtime@https://registry.npmjs.org/metro-runtime/-/metro-runtime-0.83.3.tgz 0ms (cache hit)
236 http cache metro-resolver@https://registry.npmjs.org/metro-resolver/-/metro-resolver-0.83.3.tgz 0ms (cache hit)
237 http cache metro-core@https://registry.npmjs.org/metro-core/-/metro-core-0.83.3.tgz 0ms (cache hit)
238 http cache metro-file-map@https://registry.npmjs.org/metro-file-map/-/metro-file-map-0.83.3.tgz 0ms (cache hit)
239 http cache metro-minify-terser@https://registry.npmjs.org/metro-minify-terser/-/metro-minify-terser-0.83.3.tgz 0ms (cache hit)
240 http cache metro-cache-key@https://registry.npmjs.org/metro-cache-key/-/metro-cache-key-0.83.3.tgz 0ms (cache hit)
241 http cache metro-config@https://registry.npmjs.org/metro-config/-/metro-config-0.83.3.tgz 0ms (cache hit)
242 http cache metro-cache@https://registry.npmjs.org/metro-cache/-/metro-cache-0.83.3.tgz 0ms (cache hit)
243 http cache metro-babel-transformer@https://registry.npmjs.org/metro-babel-transformer/-/metro-babel-transformer-0.83.3.tgz 0ms (cache hit)
244 http cache metro@https://registry.npmjs.org/metro/-/metro-0.83.3.tgz 0ms (cache hit)
245 http cache marky@https://registry.npmjs.org/marky/-/marky-1.3.0.tgz 0ms (cache hit)
246 http cache memoize-one@https://registry.npmjs.org/memoize-one/-/memoize-one-5.2.1.tgz 0ms (cache hit)
247 http cache merge-stream@https://registry.npmjs.org/merge-stream/-/merge-stream-2.0.0.tgz 0ms (cache hit)
248 http cache makeerror@https://registry.npmjs.org/makeerror/-/makeerror-1.0.12.tgz 0ms (cache hit)
249 http cache lodash.throttle@https://registry.npmjs.org/lodash.throttle/-/lodash.throttle-4.1.1.tgz 0ms (cache hit)
250 http cache log-symbols@https://registry.npmjs.org/log-symbols/-/log-symbols-2.2.0.tgz 0ms (cache hit)
251 http cache lru-cache@https://registry.npmjs.org/lru-cache/-/lru-cache-5.1.1.tgz 0ms (cache hit)
252 http cache loose-envify@https://registry.npmjs.org/loose-envify/-/loose-envify-1.4.0.tgz 0ms (cache hit)
253 http cache locate-path@https://registry.npmjs.org/locate-path/-/locate-path-5.0.0.tgz 0ms (cache hit)
254 http cache lodash.debounce@https://registry.npmjs.org/lodash.debounce/-/lodash.debounce-4.0.8.tgz 0ms (cache hit)
255 http cache lines-and-columns@https://registry.npmjs.org/lines-and-columns/-/lines-and-columns-1.2.4.tgz 0ms (cache hit)
256 http cache lightningcss-win32-x64-msvc@https://registry.npmjs.org/lightningcss-win32-x64-msvc/-/lightningcss-win32-x64-msvc-1.32.0.tgz 0ms (cache hit)
257 http cache lightningcss@https://registry.npmjs.org/lightningcss/-/lightningcss-1.32.0.tgz 0ms (cache hit)
258 http cache leven@https://registry.npmjs.org/leven/-/leven-3.1.0.tgz 0ms (cache hit)
259 http cache lighthouse-logger@https://registry.npmjs.org/lighthouse-logger/-/lighthouse-logger-1.4.2.tgz 0ms (cache hit)
260 http cache lan-network@https://registry.npmjs.org/lan-network/-/lan-network-0.1.7.tgz 0ms (cache hit)
261 http cache kleur@https://registry.npmjs.org/kleur/-/kleur-3.0.3.tgz 0ms (cache hit)
262 http cache json5@https://registry.npmjs.org/json5/-/json5-2.2.3.tgz 0ms (cache hit)
263 http cache jsesc@https://registry.npmjs.org/jsesc/-/jsesc-3.1.0.tgz 0ms (cache hit)
264 http cache jsc-safe-url@https://registry.npmjs.org/jsc-safe-url/-/jsc-safe-url-0.2.4.tgz 0ms (cache hit)
265 http cache js-yaml@https://registry.npmjs.org/js-yaml/-/js-yaml-3.14.2.tgz 0ms (cache hit)
266 http cache js-tokens@https://registry.npmjs.org/js-tokens/-/js-tokens-4.0.0.tgz 0ms (cache hit)
267 http cache jimp-compact@https://registry.npmjs.org/jimp-compact/-/jimp-compact-0.16.1.tgz 0ms (cache hit)
268 http cache jest-worker@https://registry.npmjs.org/jest-worker/-/jest-worker-29.7.0.tgz 0ms (cache hit)
269 http cache jest-validate@https://registry.npmjs.org/jest-validate/-/jest-validate-29.7.0.tgz 0ms (cache hit)
270 http cache jest-util@https://registry.npmjs.org/jest-util/-/jest-util-29.7.0.tgz 0ms (cache hit)
271 http cache jest-regex-util@https://registry.npmjs.org/jest-regex-util/-/jest-regex-util-29.6.3.tgz 0ms (cache hit)
272 http cache jest-mock@https://registry.npmjs.org/jest-mock/-/jest-mock-29.7.0.tgz 0ms (cache hit)
273 http cache jest-message-util@https://registry.npmjs.org/jest-message-util/-/jest-message-util-29.7.0.tgz 0ms (cache hit)
274 http cache jest-haste-map@https://registry.npmjs.org/jest-haste-map/-/jest-haste-map-29.7.0.tgz 0ms (cache hit)
275 http cache jest-get-type@https://registry.npmjs.org/jest-get-type/-/jest-get-type-29.6.3.tgz 0ms (cache hit)
276 http cache istanbul-lib-instrument@https://registry.npmjs.org/istanbul-lib-instrument/-/istanbul-lib-instrument-5.2.1.tgz 0ms (cache hit)
277 http cache istanbul-lib-coverage@https://registry.npmjs.org/istanbul-lib-coverage/-/istanbul-lib-coverage-3.2.2.tgz 0ms (cache hit)
278 http cache jest-environment-node@https://registry.npmjs.org/jest-environment-node/-/jest-environment-node-29.7.0.tgz 0ms (cache hit)
279 http cache isexe@https://registry.npmjs.org/isexe/-/isexe-2.0.0.tgz 0ms (cache hit)
280 http cache is-wsl@https://registry.npmjs.org/is-wsl/-/is-wsl-2.2.0.tgz 0ms (cache hit)
281 http cache is-number@https://registry.npmjs.org/is-number/-/is-number-7.0.0.tgz 0ms (cache hit)
282 http cache is-docker@https://registry.npmjs.org/is-docker/-/is-docker-2.2.1.tgz 0ms (cache hit)
283 http cache is-core-module@https://registry.npmjs.org/is-core-module/-/is-core-module-2.16.1.tgz 0ms (cache hit)
284 http cache is-fullwidth-code-point@https://registry.npmjs.org/is-fullwidth-code-point/-/is-fullwidth-code-point-3.0.0.tgz 0ms (cache hit)
285 http cache is-arrayish@https://registry.npmjs.org/is-arrayish/-/is-arrayish-0.3.4.tgz 0ms (cache hit)
286 http cache invariant@https://registry.npmjs.org/invariant/-/invariant-2.2.4.tgz 0ms (cache hit)
287 http cache inline-style-prefixer@https://registry.npmjs.org/inline-style-prefixer/-/inline-style-prefixer-7.0.1.tgz 0ms (cache hit)
288 http cache ini@https://registry.npmjs.org/ini/-/ini-1.3.8.tgz 0ms (cache hit)
289 http cache inherits@https://registry.npmjs.org/inherits/-/inherits-2.0.4.tgz 0ms (cache hit)
290 http cache inflight@https://registry.npmjs.org/inflight/-/inflight-1.0.6.tgz 0ms (cache hit)
291 http cache imurmurhash@https://registry.npmjs.org/imurmurhash/-/imurmurhash-0.1.4.tgz 0ms (cache hit)
292 http cache image-size@https://registry.npmjs.org/image-size/-/image-size-1.2.1.tgz 0ms (cache hit)
293 http cache ignore@https://registry.npmjs.org/ignore/-/ignore-5.3.2.tgz 0ms (cache hit)
294 http cache https-proxy-agent@https://registry.npmjs.org/https-proxy-agent/-/https-proxy-agent-7.0.6.tgz 0ms (cache hit)
295 http cache ieee754@https://registry.npmjs.org/ieee754/-/ieee754-1.2.1.tgz 0ms (cache hit)
296 http cache hyphenate-style-name@https://registry.npmjs.org/hyphenate-style-name/-/hyphenate-style-name-1.1.0.tgz 0ms (cache hit)
297 http cache http-errors@https://registry.npmjs.org/http-errors/-/http-errors-2.0.1.tgz 0ms (cache hit)
298 http cache hosted-git-info@https://registry.npmjs.org/hosted-git-info/-/hosted-git-info-7.0.2.tgz 0ms (cache hit)
299 http cache hoist-non-react-statics@https://registry.npmjs.org/hoist-non-react-statics/-/hoist-non-react-statics-3.3.2.tgz 0ms (cache hit)
300 http cache hermes-parser@https://registry.npmjs.org/hermes-parser/-/hermes-parser-0.32.0.tgz 0ms (cache hit)
301 http cache hermes-estree@https://registry.npmjs.org/hermes-estree/-/hermes-estree-0.32.0.tgz 0ms (cache hit)
302 http cache graceful-fs@https://registry.npmjs.org/graceful-fs/-/graceful-fs-4.2.11.tgz 0ms (cache hit)
303 http cache has-flag@https://registry.npmjs.org/has-flag/-/has-flag-3.0.0.tgz 0ms (cache hit)
304 http cache glob@https://registry.npmjs.org/glob/-/glob-13.0.6.tgz 0ms (cache hit)
305 http cache hasown@https://registry.npmjs.org/hasown/-/hasown-2.0.2.tgz 0ms (cache hit)
306 http cache getenv@https://registry.npmjs.org/getenv/-/getenv-2.0.0.tgz 0ms (cache hit)
307 http cache get-caller-file@https://registry.npmjs.org/get-caller-file/-/get-caller-file-2.0.5.tgz 0ms (cache hit)
308 http cache gensync@https://registry.npmjs.org/gensync/-/gensync-1.0.0-beta.2.tgz 0ms (cache hit)
309 http cache get-package-type@https://registry.npmjs.org/get-package-type/-/get-package-type-0.1.0.tgz 0ms (cache hit)
310 http cache function-bind@https://registry.npmjs.org/function-bind/-/function-bind-1.1.2.tgz 0ms (cache hit)
311 http cache fs.realpath@https://registry.npmjs.org/fs.realpath/-/fs.realpath-1.0.0.tgz 0ms (cache hit)
312 http cache fresh@https://registry.npmjs.org/fresh/-/fresh-0.5.2.tgz 0ms (cache hit)
313 http cache freeport-async@https://registry.npmjs.org/freeport-async/-/freeport-async-2.0.0.tgz 0ms (cache hit)
314 http cache fontfaceobserver@https://registry.npmjs.org/fontfaceobserver/-/fontfaceobserver-2.3.0.tgz 0ms (cache hit)
315 http cache flow-enums-runtime@https://registry.npmjs.org/flow-enums-runtime/-/flow-enums-runtime-0.0.6.tgz 0ms (cache hit)
316 http cache filter-obj@https://registry.npmjs.org/filter-obj/-/filter-obj-1.1.0.tgz 0ms (cache hit)
317 http cache finalhandler@https://registry.npmjs.org/finalhandler/-/finalhandler-1.1.2.tgz 0ms (cache hit)
318 http cache find-up@https://registry.npmjs.org/find-up/-/find-up-4.1.0.tgz 0ms (cache hit)
319 http cache fill-range@https://registry.npmjs.org/fill-range/-/fill-range-7.1.1.tgz 0ms (cache hit)
320 http cache fbjs-css-vars@https://registry.npmjs.org/fbjs-css-vars/-/fbjs-css-vars-1.0.2.tgz 0ms (cache hit)
321 http cache fbjs@https://registry.npmjs.org/fbjs/-/fbjs-3.0.5.tgz 0ms (cache hit)
322 http cache fb-watchman@https://registry.npmjs.org/fb-watchman/-/fb-watchman-2.0.2.tgz 0ms (cache hit)
323 http cache fast-json-stable-stringify@https://registry.npmjs.org/fast-json-stable-stringify/-/fast-json-stable-stringify-2.1.0.tgz 0ms (cache hit)
324 http cache exponential-backoff@https://registry.npmjs.org/exponential-backoff/-/exponential-backoff-3.1.3.tgz 0ms (cache hit)
325 http cache expo-status-bar@https://registry.npmjs.org/expo-status-bar/-/expo-status-bar-3.0.9.tgz 0ms (cache hit)
326 http cache expo-modules-core@https://registry.npmjs.org/expo-modules-core/-/expo-modules-core-3.0.29.tgz 0ms (cache hit)
327 http cache expo-server@https://registry.npmjs.org/expo-server/-/expo-server-1.0.5.tgz 0ms (cache hit)
328 http cache event-target-shim@https://registry.npmjs.org/event-target-shim/-/event-target-shim-5.0.1.tgz 0ms (cache hit)
329 http cache expo-modules-autolinking@https://registry.npmjs.org/expo-modules-autolinking/-/expo-modules-autolinking-3.0.24.tgz 0ms (cache hit)
330 http cache fast-deep-equal@https://registry.npmjs.org/fast-deep-equal/-/fast-deep-equal-3.1.3.tgz 0ms (cache hit)
331 http cache etag@https://registry.npmjs.org/etag/-/etag-1.8.1.tgz 0ms (cache hit)
332 http cache esprima@https://registry.npmjs.org/esprima/-/esprima-4.0.1.tgz 0ms (cache hit)
333 http cache escape-html@https://registry.npmjs.org/escape-html/-/escape-html-1.0.3.tgz 0ms (cache hit)
334 http cache escape-string-regexp@https://registry.npmjs.org/escape-string-regexp/-/escape-string-regexp-1.0.5.tgz 0ms (cache hit)
335 http cache env-editor@https://registry.npmjs.org/env-editor/-/env-editor-0.4.2.tgz 0ms (cache hit)
336 http cache escalade@https://registry.npmjs.org/escalade/-/escalade-3.2.0.tgz 0ms (cache hit)
337 http cache error-stack-parser@https://registry.npmjs.org/error-stack-parser/-/error-stack-parser-2.1.4.tgz 0ms (cache hit)
338 http cache encodeurl@https://registry.npmjs.org/encodeurl/-/encodeurl-1.0.2.tgz 0ms (cache hit)
339 http cache electron-to-chromium@https://registry.npmjs.org/electron-to-chromium/-/electron-to-chromium-1.5.328.tgz 0ms (cache hit)
340 http cache ee-first@https://registry.npmjs.org/ee-first/-/ee-first-1.1.1.tgz 0ms (cache hit)
341 http cache emoji-regex@https://registry.npmjs.org/emoji-regex/-/emoji-regex-8.0.0.tgz 0ms (cache hit)
342 http cache dotenv@https://registry.npmjs.org/dotenv/-/dotenv-16.4.7.tgz 0ms (cache hit)
343 http cache dotenv-expand@https://registry.npmjs.org/dotenv-expand/-/dotenv-expand-11.0.7.tgz 0ms (cache hit)
344 http cache detect-libc@https://registry.npmjs.org/detect-libc/-/detect-libc-2.1.2.tgz 0ms (cache hit)
345 http cache depd@https://registry.npmjs.org/depd/-/depd-2.0.0.tgz 0ms (cache hit)
346 http cache define-lazy-prop@https://registry.npmjs.org/define-lazy-prop/-/define-lazy-prop-2.0.0.tgz 0ms (cache hit)
347 http cache deepmerge@https://registry.npmjs.org/deepmerge/-/deepmerge-4.3.1.tgz 0ms (cache hit)
348 http cache destroy@https://registry.npmjs.org/destroy/-/destroy-1.2.0.tgz 0ms (cache hit)
349 http cache deep-extend@https://registry.npmjs.org/deep-extend/-/deep-extend-0.6.0.tgz 0ms (cache hit)
350 http cache defaults@https://registry.npmjs.org/defaults/-/defaults-1.0.4.tgz 0ms (cache hit)
351 http cache decode-uri-component@https://registry.npmjs.org/decode-uri-component/-/decode-uri-component-0.2.2.tgz 0ms (cache hit)
352 http cache css-in-js-utils@https://registry.npmjs.org/css-in-js-utils/-/css-in-js-utils-3.1.0.tgz 0ms (cache hit)
353 http cache core-js-compat@https://registry.npmjs.org/core-js-compat/-/core-js-compat-3.49.0.tgz 0ms (cache hit)
354 http cache cross-spawn@https://registry.npmjs.org/cross-spawn/-/cross-spawn-7.0.6.tgz 0ms (cache hit)
355 http cache debug@https://registry.npmjs.org/debug/-/debug-4.4.3.tgz 0ms (cache hit)
356 http cache cross-fetch@https://registry.npmjs.org/cross-fetch/-/cross-fetch-3.2.0.tgz 0ms (cache hit)
357 http cache convert-source-map@https://registry.npmjs.org/convert-source-map/-/convert-source-map-2.0.0.tgz 0ms (cache hit)
358 http cache connect@https://registry.npmjs.org/connect/-/connect-3.7.0.tgz 0ms (cache hit)
359 http cache compression@https://registry.npmjs.org/compression/-/compression-1.8.1.tgz 0ms (cache hit)
360 http cache concat-map@https://registry.npmjs.org/concat-map/-/concat-map-0.0.1.tgz 0ms (cache hit)
361 http cache compressible@https://registry.npmjs.org/compressible/-/compressible-2.0.18.tgz 0ms (cache hit)
362 http cache commander@https://registry.npmjs.org/commander/-/commander-7.2.0.tgz 0ms (cache hit)
363 http cache color-convert@https://registry.npmjs.org/color-convert/-/color-convert-1.9.3.tgz 0ms (cache hit)
364 http cache color-string@https://registry.npmjs.org/color-string/-/color-string-1.9.1.tgz 0ms (cache hit)
365 http cache color-name@https://registry.npmjs.org/color-name/-/color-name-1.1.3.tgz 0ms (cache hit)
366 http cache color@https://registry.npmjs.org/color/-/color-4.2.3.tgz 0ms (cache hit)
367 http cache clone@https://registry.npmjs.org/clone/-/clone-1.0.4.tgz 0ms (cache hit)
368 http cache cli-spinners@https://registry.npmjs.org/cli-spinners/-/cli-spinners-2.9.2.tgz 0ms (cache hit)
369 http cache cliui@https://registry.npmjs.org/cliui/-/cliui-8.0.1.tgz 0ms (cache hit)
370 http cache cli-cursor@https://registry.npmjs.org/cli-cursor/-/cli-cursor-2.1.0.tgz 0ms (cache hit)
371 http cache chromium-edge-launcher@https://registry.npmjs.org/chromium-edge-launcher/-/chromium-edge-launcher-0.2.0.tgz 0ms (cache hit)
372 http cache ci-info@https://registry.npmjs.org/ci-info/-/ci-info-2.0.0.tgz 0ms (cache hit)
373 http cache chownr@https://registry.npmjs.org/chownr/-/chownr-3.0.0.tgz 0ms (cache hit)
374 http cache chrome-launcher@https://registry.npmjs.org/chrome-launcher/-/chrome-launcher-0.15.2.tgz 0ms (cache hit)
375 http cache chalk@https://registry.npmjs.org/chalk/-/chalk-2.4.2.tgz 0ms (cache hit)
376 http cache camelcase@https://registry.npmjs.org/camelcase/-/camelcase-6.3.0.tgz 0ms (cache hit)
377 http cache caniuse-lite@https://registry.npmjs.org/caniuse-lite/-/caniuse-lite-1.0.30001781.tgz 0ms (cache hit)
378 http cache buffer-from@https://registry.npmjs.org/buffer-from/-/buffer-from-1.1.2.tgz 0ms (cache hit)
379 http cache bytes@https://registry.npmjs.org/bytes/-/bytes-3.1.2.tgz 0ms (cache hit)
380 http cache buffer@https://registry.npmjs.org/buffer/-/buffer-5.7.1.tgz 0ms (cache hit)
381 http cache browserslist@https://registry.npmjs.org/browserslist/-/browserslist-4.28.1.tgz 0ms (cache hit)
382 http cache bser@https://registry.npmjs.org/bser/-/bser-2.1.1.tgz 0ms (cache hit)
383 http cache brace-expansion@https://registry.npmjs.org/brace-expansion/-/brace-expansion-2.0.3.tgz 0ms (cache hit)
384 http cache braces@https://registry.npmjs.org/braces/-/braces-3.0.3.tgz 0ms (cache hit)
385 http cache big-integer@https://registry.npmjs.org/big-integer/-/big-integer-1.6.52.tgz 0ms (cache hit)
386 http cache bplist-creator@https://registry.npmjs.org/bplist-creator/-/bplist-creator-0.1.0.tgz 0ms (cache hit)
387 http cache better-opn@https://registry.npmjs.org/better-opn/-/better-opn-3.0.2.tgz 0ms (cache hit)
388 http cache bplist-parser@https://registry.npmjs.org/bplist-parser/-/bplist-parser-0.3.1.tgz 0ms (cache hit)
389 http cache baseline-browser-mapping@https://registry.npmjs.org/baseline-browser-mapping/-/baseline-browser-mapping-2.10.12.tgz 0ms (cache hit)
390 http cache base64-js@https://registry.npmjs.org/base64-js/-/base64-js-1.5.1.tgz 0ms (cache hit)
391 http cache babel-preset-current-node-syntax@https://registry.npmjs.org/babel-preset-current-node-syntax/-/babel-preset-current-node-syntax-1.2.0.tgz 0ms (cache hit)
392 http cache babel-plugin-transform-flow-enums@https://registry.npmjs.org/babel-plugin-transform-flow-enums/-/babel-plugin-transform-flow-enums-0.0.2.tgz 0ms (cache hit)
393 http cache babel-preset-jest@https://registry.npmjs.org/babel-preset-jest/-/babel-preset-jest-29.6.3.tgz 0ms (cache hit)
394 http cache balanced-match@https://registry.npmjs.org/balanced-match/-/balanced-match-1.0.2.tgz 0ms (cache hit)
395 http cache babel-plugin-syntax-hermes-parser@https://registry.npmjs.org/babel-plugin-syntax-hermes-parser/-/babel-plugin-syntax-hermes-parser-0.29.1.tgz 0ms (cache hit)
396 http cache babel-plugin-react-native-web@https://registry.npmjs.org/babel-plugin-react-native-web/-/babel-plugin-react-native-web-0.21.2.tgz 0ms (cache hit)
397 http cache babel-plugin-jest-hoist@https://registry.npmjs.org/babel-plugin-jest-hoist/-/babel-plugin-jest-hoist-29.6.3.tgz 0ms (cache hit)
398 http cache babel-plugin-polyfill-regenerator@https://registry.npmjs.org/babel-plugin-polyfill-regenerator/-/babel-plugin-polyfill-regenerator-0.6.8.tgz 0ms (cache hit)
399 http cache babel-plugin-polyfill-corejs3@https://registry.npmjs.org/babel-plugin-polyfill-corejs3/-/babel-plugin-polyfill-corejs3-0.13.0.tgz 0ms (cache hit)
400 http cache babel-plugin-react-compiler@https://registry.npmjs.org/babel-plugin-react-compiler/-/babel-plugin-react-compiler-1.0.0.tgz 0ms (cache hit)
401 http cache babel-plugin-istanbul@https://registry.npmjs.org/babel-plugin-istanbul/-/babel-plugin-istanbul-6.1.1.tgz 0ms (cache hit)
402 http cache babel-jest@https://registry.npmjs.org/babel-jest/-/babel-jest-29.7.0.tgz 0ms (cache hit)
403 http cache babel-plugin-polyfill-corejs2@https://registry.npmjs.org/babel-plugin-polyfill-corejs2/-/babel-plugin-polyfill-corejs2-0.4.17.tgz 0ms (cache hit)
404 http cache asap@https://registry.npmjs.org/asap/-/asap-2.0.6.tgz 0ms (cache hit)
405 http cache async-limiter@https://registry.npmjs.org/async-limiter/-/async-limiter-1.0.1.tgz 0ms (cache hit)
406 http cache anymatch@https://registry.npmjs.org/anymatch/-/anymatch-3.1.3.tgz 0ms (cache hit)
407 http cache arg@https://registry.npmjs.org/arg/-/arg-5.0.2.tgz 0ms (cache hit)
408 http cache argparse@https://registry.npmjs.org/argparse/-/argparse-1.0.10.tgz 0ms (cache hit)
409 http cache any-promise@https://registry.npmjs.org/any-promise/-/any-promise-1.3.0.tgz 0ms (cache hit)
410 http cache ansi-styles@https://registry.npmjs.org/ansi-styles/-/ansi-styles-3.2.1.tgz 0ms (cache hit)
411 http cache ansi-regex@https://registry.npmjs.org/ansi-regex/-/ansi-regex-5.0.1.tgz 0ms (cache hit)
412 http cache ansi-escapes@https://registry.npmjs.org/ansi-escapes/-/ansi-escapes-4.3.2.tgz 0ms (cache hit)
413 http cache acorn@https://registry.npmjs.org/acorn/-/acorn-8.16.0.tgz 0ms (cache hit)
414 http cache anser@https://registry.npmjs.org/anser/-/anser-1.4.10.tgz 0ms (cache hit)
415 http cache agent-base@https://registry.npmjs.org/agent-base/-/agent-base-7.1.4.tgz 0ms (cache hit)
416 http cache accepts@https://registry.npmjs.org/accepts/-/accepts-1.3.8.tgz 0ms (cache hit)
417 http cache @xmldom/xmldom@https://registry.npmjs.org/@xmldom/xmldom/-/xmldom-0.8.11.tgz 0ms (cache hit)
418 http cache abort-controller@https://registry.npmjs.org/abort-controller/-/abort-controller-3.0.0.tgz 0ms (cache hit)
419 http cache @urql/core@https://registry.npmjs.org/@urql/core/-/core-5.2.0.tgz 0ms (cache hit)
420 http cache @ungap/structured-clone@https://registry.npmjs.org/@ungap/structured-clone/-/structured-clone-1.3.0.tgz 0ms (cache hit)
421 http cache @urql/exchange-retry@https://registry.npmjs.org/@urql/exchange-retry/-/exchange-retry-1.3.2.tgz 0ms (cache hit)
422 http cache @types/yargs-parser@https://registry.npmjs.org/@types/yargs-parser/-/yargs-parser-21.0.3.tgz 0ms (cache hit)
423 http cache @types/stack-utils@https://registry.npmjs.org/@types/stack-utils/-/stack-utils-2.0.3.tgz 0ms (cache hit)
424 http cache @types/node@https://registry.npmjs.org/@types/node/-/node-25.5.0.tgz 0ms (cache hit)
425 http cache @types/yargs@https://registry.npmjs.org/@types/yargs/-/yargs-17.0.35.tgz 0ms (cache hit)
426 http cache @types/hammerjs@https://registry.npmjs.org/@types/hammerjs/-/hammerjs-2.0.46.tgz 0ms (cache hit)
427 http cache @types/istanbul-lib-report@https://registry.npmjs.org/@types/istanbul-lib-report/-/istanbul-lib-report-3.0.3.tgz 0ms (cache hit)
428 http cache @types/istanbul-lib-coverage@https://registry.npmjs.org/@types/istanbul-lib-coverage/-/istanbul-lib-coverage-2.0.6.tgz 0ms (cache hit)
429 http cache @types/istanbul-reports@https://registry.npmjs.org/@types/istanbul-reports/-/istanbul-reports-3.0.4.tgz 0ms (cache hit)
430 http cache @types/graceful-fs@https://registry.npmjs.org/@types/graceful-fs/-/graceful-fs-4.1.9.tgz 0ms (cache hit)
431 http cache @sinonjs/fake-timers@https://registry.npmjs.org/@sinonjs/fake-timers/-/fake-timers-10.3.0.tgz 0ms (cache hit)
432 http cache @types/babel__traverse@https://registry.npmjs.org/@types/babel__traverse/-/babel__traverse-7.28.0.tgz 0ms (cache hit)
433 http cache @types/babel__template@https://registry.npmjs.org/@types/babel__template/-/babel__template-7.4.4.tgz 0ms (cache hit)
434 http cache @types/babel__generator@https://registry.npmjs.org/@types/babel__generator/-/babel__generator-7.27.0.tgz 0ms (cache hit)
435 http cache @types/babel__core@https://registry.npmjs.org/@types/babel__core/-/babel__core-7.20.5.tgz 0ms (cache hit)
436 http cache @sinonjs/commons@https://registry.npmjs.org/@sinonjs/commons/-/commons-3.0.1.tgz 0ms (cache hit)
437 http cache @react-navigation/native@https://registry.npmjs.org/@react-navigation/native/-/native-7.2.2.tgz 0ms (cache hit)
438 http cache @sinclair/typebox@https://registry.npmjs.org/@sinclair/typebox/-/typebox-0.27.10.tgz 0ms (cache hit)
439 http cache @react-navigation/elements@https://registry.npmjs.org/@react-navigation/elements/-/elements-2.9.14.tgz 0ms (cache hit)
440 http cache @react-navigation/drawer@https://registry.npmjs.org/@react-navigation/drawer/-/drawer-7.9.8.tgz 0ms (cache hit)
441 http cache @react-navigation/routers@https://registry.npmjs.org/@react-navigation/routers/-/routers-7.5.3.tgz 0ms (cache hit)
442 http cache @react-navigation/bottom-tabs@https://registry.npmjs.org/@react-navigation/bottom-tabs/-/bottom-tabs-7.15.9.tgz 0ms (cache hit)
443 http cache @react-native/metro-config@https://registry.npmjs.org/@react-native/metro-config/-/metro-config-0.84.1.tgz 0ms (cache hit)
444 http cache @react-native/js-polyfills@https://registry.npmjs.org/@react-native/js-polyfills/-/js-polyfills-0.81.5.tgz 0ms (cache hit)
445 http cache @react-native/normalize-colors@https://registry.npmjs.org/@react-native/normalize-colors/-/normalize-colors-0.81.5.tgz 0ms (cache hit)
446 http cache @react-navigation/core@https://registry.npmjs.org/@react-navigation/core/-/core-7.17.2.tgz 0ms (cache hit)
447 http cache @react-native/gradle-plugin@https://registry.npmjs.org/@react-native/gradle-plugin/-/gradle-plugin-0.81.5.tgz 0ms (cache hit)
448 http cache @react-native/dev-middleware@https://registry.npmjs.org/@react-native/dev-middleware/-/dev-middleware-0.81.5.tgz 0ms (cache hit)
449 http cache @react-native/metro-babel-transformer@https://registry.npmjs.org/@react-native/metro-babel-transformer/-/metro-babel-transformer-0.84.1.tgz 0ms (cache hit)
450 http cache @react-native/codegen@https://registry.npmjs.org/@react-native/codegen/-/codegen-0.81.5.tgz 0ms (cache hit)
451 http cache @react-native/babel-preset@https://registry.npmjs.org/@react-native/babel-preset/-/babel-preset-0.81.5.tgz 0ms (cache hit)
452 http cache @react-native/community-cli-plugin@https://registry.npmjs.org/@react-native/community-cli-plugin/-/community-cli-plugin-0.81.5.tgz 0ms (cache hit)
453 http cache @react-native/debugger-frontend@https://registry.npmjs.org/@react-native/debugger-frontend/-/debugger-frontend-0.81.5.tgz 0ms (cache hit)
454 http cache @react-native-picker/picker@https://registry.npmjs.org/@react-native-picker/picker/-/picker-2.11.1.tgz 0ms (cache hit)
455 http cache @jridgewell/trace-mapping@https://registry.npmjs.org/@jridgewell/trace-mapping/-/trace-mapping-0.3.31.tgz 0ms (cache hit)
456 http cache @react-native/babel-plugin-codegen@https://registry.npmjs.org/@react-native/babel-plugin-codegen/-/babel-plugin-codegen-0.81.5.tgz 0ms (cache hit)
457 http cache @jridgewell/source-map@https://registry.npmjs.org/@jridgewell/source-map/-/source-map-0.3.11.tgz 0ms (cache hit)
458 http cache @jridgewell/sourcemap-codec@https://registry.npmjs.org/@jridgewell/sourcemap-codec/-/sourcemap-codec-1.5.5.tgz 0ms (cache hit)
459 http cache @jridgewell/gen-mapping@https://registry.npmjs.org/@jridgewell/gen-mapping/-/gen-mapping-0.3.13.tgz 0ms (cache hit)
460 http cache @jridgewell/resolve-uri@https://registry.npmjs.org/@jridgewell/resolve-uri/-/resolve-uri-3.1.2.tgz 0ms (cache hit)
461 http cache @jridgewell/remapping@https://registry.npmjs.org/@jridgewell/remapping/-/remapping-2.3.5.tgz 0ms (cache hit)
462 http cache @jest/types@https://registry.npmjs.org/@jest/types/-/types-29.6.3.tgz 0ms (cache hit)
463 http cache @react-native/assets-registry@https://registry.npmjs.org/@react-native/assets-registry/-/assets-registry-0.81.5.tgz 0ms (cache hit)
464 http cache @jest/schemas@https://registry.npmjs.org/@jest/schemas/-/schemas-29.6.3.tgz 0ms (cache hit)
465 http cache @jest/fake-timers@https://registry.npmjs.org/@jest/fake-timers/-/fake-timers-29.7.0.tgz 0ms (cache hit)
466 http cache @jest/transform@https://registry.npmjs.org/@jest/transform/-/transform-29.7.0.tgz 0ms (cache hit)
467 http cache @jest/environment@https://registry.npmjs.org/@jest/environment/-/environment-29.7.0.tgz 0ms (cache hit)
468 http cache @jest/create-cache-key-function@https://registry.npmjs.org/@jest/create-cache-key-function/-/create-cache-key-function-29.7.0.tgz 0ms (cache hit)
469 http cache @istanbuljs/schema@https://registry.npmjs.org/@istanbuljs/schema/-/schema-0.1.3.tgz 0ms (cache hit)
470 http cache @istanbuljs/load-nyc-config@https://registry.npmjs.org/@istanbuljs/load-nyc-config/-/load-nyc-config-1.1.0.tgz 0ms (cache hit)
471 http cache @isaacs/ttlcache@https://registry.npmjs.org/@isaacs/ttlcache/-/ttlcache-1.4.1.tgz 0ms (cache hit)
472 http cache @expo/xcpretty@https://registry.npmjs.org/@expo/xcpretty/-/xcpretty-4.4.1.tgz 0ms (cache hit)
473 http cache @isaacs/fs-minipass@https://registry.npmjs.org/@isaacs/fs-minipass/-/fs-minipass-4.0.1.tgz 0ms (cache hit)
474 http cache @expo/sudo-prompt@https://registry.npmjs.org/@expo/sudo-prompt/-/sudo-prompt-9.3.2.tgz 0ms (cache hit)
475 http cache @expo/ws-tunnel@https://registry.npmjs.org/@expo/ws-tunnel/-/ws-tunnel-1.0.6.tgz 0ms (cache hit)
476 http cache @expo/spawn-async@https://registry.npmjs.org/@expo/spawn-async/-/spawn-async-1.7.2.tgz 0ms (cache hit)
477 http cache @expo/sdk-runtime-versions@https://registry.npmjs.org/@expo/sdk-runtime-versions/-/sdk-runtime-versions-1.0.0.tgz 0ms (cache hit)
478 http cache @expo/schema-utils@https://registry.npmjs.org/@expo/schema-utils/-/schema-utils-0.1.8.tgz 0ms (cache hit)
479 http cache @expo/plist@https://registry.npmjs.org/@expo/plist/-/plist-0.4.8.tgz 0ms (cache hit)
480 http cache @expo/package-manager@https://registry.npmjs.org/@expo/package-manager/-/package-manager-1.10.3.tgz 0ms (cache hit)
481 http cache @expo/osascript@https://registry.npmjs.org/@expo/osascript/-/osascript-2.4.2.tgz 0ms (cache hit)
482 http cache @expo/json-file@https://registry.npmjs.org/@expo/json-file/-/json-file-10.0.12.tgz 0ms (cache hit)
483 http cache @expo/metro-runtime@https://registry.npmjs.org/@expo/metro-runtime/-/metro-runtime-6.1.2.tgz 0ms (cache hit)
484 http cache @expo/metro@https://registry.npmjs.org/@expo/metro/-/metro-54.2.0.tgz 0ms (cache hit)
485 http cache @expo/fingerprint@https://registry.npmjs.org/@expo/fingerprint/-/fingerprint-0.15.4.tgz 0ms (cache hit)
486 http cache @expo/env@https://registry.npmjs.org/@expo/env/-/env-2.0.11.tgz 0ms (cache hit)
487 http cache @expo/image-utils@https://registry.npmjs.org/@expo/image-utils/-/image-utils-0.8.12.tgz 0ms (cache hit)
488 http cache @expo/devtools@https://registry.npmjs.org/@expo/devtools/-/devtools-0.1.8.tgz 0ms (cache hit)
489 http cache @expo/devcert@https://registry.npmjs.org/@expo/devcert/-/devcert-1.2.1.tgz 0ms (cache hit)
490 http cache @expo/config-types@https://registry.npmjs.org/@expo/config-types/-/config-types-54.0.10.tgz 0ms (cache hit)
491 http cache @expo/config-plugins@https://registry.npmjs.org/@expo/config-plugins/-/config-plugins-54.0.4.tgz 0ms (cache hit)
492 http cache @expo/code-signing-certificates@https://registry.npmjs.org/@expo/code-signing-certificates/-/code-signing-certificates-0.0.6.tgz 0ms (cache hit)
493 http cache @expo/config@https://registry.npmjs.org/@expo/config/-/config-12.0.13.tgz 0ms (cache hit)
494 http cache @egjs/hammerjs@https://registry.npmjs.org/@egjs/hammerjs/-/hammerjs-2.0.17.tgz 0ms (cache hit)
495 http cache @babel/traverse--for-generate-function-map@https://registry.npmjs.org/@babel/traverse/-/traverse-7.29.0.tgz 0ms (cache hit)
496 http cache @babel/types@https://registry.npmjs.org/@babel/types/-/types-7.29.0.tgz 0ms (cache hit)
497 http cache @babel/runtime@https://registry.npmjs.org/@babel/runtime/-/runtime-7.29.2.tgz 0ms (cache hit)
498 http cache @babel/template@https://registry.npmjs.org/@babel/template/-/template-7.28.6.tgz 0ms (cache hit)
499 http cache @babel/traverse@https://registry.npmjs.org/@babel/traverse/-/traverse-7.29.0.tgz 0ms (cache hit)
500 http cache @babel/plugin-transform-unicode-regex@https://registry.npmjs.org/@babel/plugin-transform-unicode-regex/-/plugin-transform-unicode-regex-7.27.1.tgz 0ms (cache hit)
501 http cache @babel/preset-react@https://registry.npmjs.org/@babel/preset-react/-/preset-react-7.28.5.tgz 0ms (cache hit)
502 http cache @babel/preset-typescript@https://registry.npmjs.org/@babel/preset-typescript/-/preset-typescript-7.28.5.tgz 0ms (cache hit)
503 http cache @babel/plugin-transform-typescript@https://registry.npmjs.org/@babel/plugin-transform-typescript/-/plugin-transform-typescript-7.28.6.tgz 0ms (cache hit)
504 http cache @babel/plugin-transform-template-literals@https://registry.npmjs.org/@babel/plugin-transform-template-literals/-/plugin-transform-template-literals-7.27.1.tgz 0ms (cache hit)
505 http cache @babel/plugin-transform-spread@https://registry.npmjs.org/@babel/plugin-transform-spread/-/plugin-transform-spread-7.28.6.tgz 0ms (cache hit)
506 http cache @babel/plugin-transform-sticky-regex@https://registry.npmjs.org/@babel/plugin-transform-sticky-regex/-/plugin-transform-sticky-regex-7.27.1.tgz 0ms (cache hit)
507 http cache @babel/plugin-transform-shorthand-properties@https://registry.npmjs.org/@babel/plugin-transform-shorthand-properties/-/plugin-transform-shorthand-properties-7.27.1.tgz 0ms (cache hit)
508 http cache @babel/plugin-transform-runtime@https://registry.npmjs.org/@babel/plugin-transform-runtime/-/plugin-transform-runtime-7.29.0.tgz 0ms (cache hit)
509 http cache @babel/plugin-transform-regenerator@https://registry.npmjs.org/@babel/plugin-transform-regenerator/-/plugin-transform-regenerator-7.29.0.tgz 0ms (cache hit)
510 http cache @babel/plugin-transform-react-jsx-source@https://registry.npmjs.org/@babel/plugin-transform-react-jsx-source/-/plugin-transform-react-jsx-source-7.27.1.tgz 0ms (cache hit)
511 http cache @babel/plugin-transform-react-pure-annotations@https://registry.npmjs.org/@babel/plugin-transform-react-pure-annotations/-/plugin-transform-react-pure-annotations-7.27.1.tgz 0ms (cache hit)
512 http cache @babel/plugin-transform-react-display-name@https://registry.npmjs.org/@babel/plugin-transform-react-display-name/-/plugin-transform-react-display-name-7.28.0.tgz 0ms (cache hit)
513 http cache @babel/plugin-transform-react-jsx-self@https://registry.npmjs.org/@babel/plugin-transform-react-jsx-self/-/plugin-transform-react-jsx-self-7.27.1.tgz 0ms (cache hit)
514 http cache @babel/plugin-transform-react-jsx-development@https://registry.npmjs.org/@babel/plugin-transform-react-jsx-development/-/plugin-transform-react-jsx-development-7.27.1.tgz 0ms (cache hit)
515 http cache @babel/plugin-transform-react-jsx@https://registry.npmjs.org/@babel/plugin-transform-react-jsx/-/plugin-transform-react-jsx-7.28.6.tgz 0ms (cache hit)
516 http cache @babel/plugin-transform-private-property-in-object@https://registry.npmjs.org/@babel/plugin-transform-private-property-in-object/-/plugin-transform-private-property-in-object-7.28.6.tgz 0ms (cache hit)
517 http cache @babel/plugin-transform-private-methods@https://registry.npmjs.org/@babel/plugin-transform-private-methods/-/plugin-transform-private-methods-7.28.6.tgz 0ms (cache hit)
518 http cache @babel/plugin-transform-optional-chaining@https://registry.npmjs.org/@babel/plugin-transform-optional-chaining/-/plugin-transform-optional-chaining-7.28.6.tgz 0ms (cache hit)
519 http cache @babel/plugin-transform-optional-catch-binding@https://registry.npmjs.org/@babel/plugin-transform-optional-catch-binding/-/plugin-transform-optional-catch-binding-7.28.6.tgz 0ms (cache hit)
520 http cache @babel/plugin-transform-parameters@https://registry.npmjs.org/@babel/plugin-transform-parameters/-/plugin-transform-parameters-7.27.7.tgz 0ms (cache hit)
521 http cache @babel/plugin-transform-numeric-separator@https://registry.npmjs.org/@babel/plugin-transform-numeric-separator/-/plugin-transform-numeric-separator-7.28.6.tgz 0ms (cache hit)
522 http cache @babel/plugin-transform-object-rest-spread@https://registry.npmjs.org/@babel/plugin-transform-object-rest-spread/-/plugin-transform-object-rest-spread-7.28.6.tgz 0ms (cache hit)
523 http cache @babel/plugin-transform-nullish-coalescing-operator@https://registry.npmjs.org/@babel/plugin-transform-nullish-coalescing-operator/-/plugin-transform-nullish-coalescing-operator-7.28.6.tgz 0ms (cache hit)
524 http cache @babel/plugin-transform-modules-commonjs@https://registry.npmjs.org/@babel/plugin-transform-modules-commonjs/-/plugin-transform-modules-commonjs-7.28.6.tgz 0ms (cache hit)
525 http cache @babel/plugin-transform-named-capturing-groups-regex@https://registry.npmjs.org/@babel/plugin-transform-named-capturing-groups-regex/-/plugin-transform-named-capturing-groups-regex-7.29.0.tgz 0ms (cache hit)
526 http cache @babel/plugin-transform-literals@https://registry.npmjs.org/@babel/plugin-transform-literals/-/plugin-transform-literals-7.27.1.tgz 0ms (cache hit)
527 http cache @babel/plugin-transform-logical-assignment-operators@https://registry.npmjs.org/@babel/plugin-transform-logical-assignment-operators/-/plugin-transform-logical-assignment-operators-7.28.6.tgz 0ms (cache hit)
528 http cache @babel/plugin-transform-function-name@https://registry.npmjs.org/@babel/plugin-transform-function-name/-/plugin-transform-function-name-7.27.1.tgz 0ms (cache hit)
529 http cache @babel/plugin-transform-flow-strip-types@https://registry.npmjs.org/@babel/plugin-transform-flow-strip-types/-/plugin-transform-flow-strip-types-7.27.1.tgz 0ms (cache hit)
530 http cache @babel/plugin-transform-for-of@https://registry.npmjs.org/@babel/plugin-transform-for-of/-/plugin-transform-for-of-7.27.1.tgz 0ms (cache hit)
531 http cache @babel/plugin-transform-export-namespace-from@https://registry.npmjs.org/@babel/plugin-transform-export-namespace-from/-/plugin-transform-export-namespace-from-7.27.1.tgz 0ms (cache hit)
532 http cache @babel/plugin-transform-destructuring@https://registry.npmjs.org/@babel/plugin-transform-destructuring/-/plugin-transform-destructuring-7.28.5.tgz 0ms (cache hit)
533 http cache @babel/plugin-transform-computed-properties@https://registry.npmjs.org/@babel/plugin-transform-computed-properties/-/plugin-transform-computed-properties-7.28.6.tgz 0ms (cache hit)
534 http cache @babel/plugin-transform-class-properties@https://registry.npmjs.org/@babel/plugin-transform-class-properties/-/plugin-transform-class-properties-7.28.6.tgz 0ms (cache hit)
535 http cache @babel/plugin-transform-classes@https://registry.npmjs.org/@babel/plugin-transform-classes/-/plugin-transform-classes-7.28.6.tgz 0ms (cache hit)
536 http cache @babel/plugin-transform-block-scoping@https://registry.npmjs.org/@babel/plugin-transform-block-scoping/-/plugin-transform-block-scoping-7.28.6.tgz 0ms (cache hit)
537 http cache @babel/plugin-transform-class-static-block@https://registry.npmjs.org/@babel/plugin-transform-class-static-block/-/plugin-transform-class-static-block-7.28.6.tgz 0ms (cache hit)
538 http cache @babel/plugin-transform-async-to-generator@https://registry.npmjs.org/@babel/plugin-transform-async-to-generator/-/plugin-transform-async-to-generator-7.28.6.tgz 0ms (cache hit)
539 http cache @babel/plugin-transform-async-generator-functions@https://registry.npmjs.org/@babel/plugin-transform-async-generator-functions/-/plugin-transform-async-generator-functions-7.29.0.tgz 0ms (cache hit)
540 http cache @babel/plugin-syntax-top-level-await@https://registry.npmjs.org/@babel/plugin-syntax-top-level-await/-/plugin-syntax-top-level-await-7.14.5.tgz 0ms (cache hit)
541 http cache @babel/plugin-transform-arrow-functions@https://registry.npmjs.org/@babel/plugin-transform-arrow-functions/-/plugin-transform-arrow-functions-7.27.1.tgz 0ms (cache hit)
542 http cache @babel/plugin-syntax-typescript@https://registry.npmjs.org/@babel/plugin-syntax-typescript/-/plugin-syntax-typescript-7.28.6.tgz 0ms (cache hit)
543 http cache @babel/plugin-syntax-optional-chaining@https://registry.npmjs.org/@babel/plugin-syntax-optional-chaining/-/plugin-syntax-optional-chaining-7.8.3.tgz 0ms (cache hit)
544 http cache @babel/plugin-syntax-private-property-in-object@https://registry.npmjs.org/@babel/plugin-syntax-private-property-in-object/-/plugin-syntax-private-property-in-object-7.14.5.tgz 0ms (cache hit)
545 http cache @babel/plugin-syntax-object-rest-spread@https://registry.npmjs.org/@babel/plugin-syntax-object-rest-spread/-/plugin-syntax-object-rest-spread-7.8.3.tgz 0ms (cache hit)
546 http cache @babel/plugin-syntax-optional-catch-binding@https://registry.npmjs.org/@babel/plugin-syntax-optional-catch-binding/-/plugin-syntax-optional-catch-binding-7.8.3.tgz 0ms (cache hit)
547 http cache @babel/plugin-syntax-numeric-separator@https://registry.npmjs.org/@babel/plugin-syntax-numeric-separator/-/plugin-syntax-numeric-separator-7.10.4.tgz 0ms (cache hit)
548 http cache @babel/plugin-syntax-nullish-coalescing-operator@https://registry.npmjs.org/@babel/plugin-syntax-nullish-coalescing-operator/-/plugin-syntax-nullish-coalescing-operator-7.8.3.tgz 0ms (cache hit)
549 http cache @babel/plugin-syntax-jsx@https://registry.npmjs.org/@babel/plugin-syntax-jsx/-/plugin-syntax-jsx-7.28.6.tgz 0ms (cache hit)
550 http cache @babel/plugin-syntax-json-strings@https://registry.npmjs.org/@babel/plugin-syntax-json-strings/-/plugin-syntax-json-strings-7.8.3.tgz 0ms (cache hit)
551 http cache @babel/plugin-syntax-logical-assignment-operators@https://registry.npmjs.org/@babel/plugin-syntax-logical-assignment-operators/-/plugin-syntax-logical-assignment-operators-7.10.4.tgz 0ms (cache hit)
552 http cache @babel/plugin-syntax-flow@https://registry.npmjs.org/@babel/plugin-syntax-flow/-/plugin-syntax-flow-7.28.6.tgz 0ms (cache hit)
553 http cache @babel/plugin-syntax-import-meta@https://registry.npmjs.org/@babel/plugin-syntax-import-meta/-/plugin-syntax-import-meta-7.10.4.tgz 0ms (cache hit)
554 http cache @babel/plugin-syntax-import-attributes@https://registry.npmjs.org/@babel/plugin-syntax-import-attributes/-/plugin-syntax-import-attributes-7.28.6.tgz 0ms (cache hit)
555 http cache @babel/plugin-syntax-dynamic-import@https://registry.npmjs.org/@babel/plugin-syntax-dynamic-import/-/plugin-syntax-dynamic-import-7.8.3.tgz 0ms (cache hit)
556 http cache @babel/plugin-syntax-export-default-from@https://registry.npmjs.org/@babel/plugin-syntax-export-default-from/-/plugin-syntax-export-default-from-7.28.6.tgz 0ms (cache hit)
557 http cache @babel/plugin-syntax-class-properties@https://registry.npmjs.org/@babel/plugin-syntax-class-properties/-/plugin-syntax-class-properties-7.12.13.tgz 0ms (cache hit)
558 http cache @babel/plugin-syntax-decorators@https://registry.npmjs.org/@babel/plugin-syntax-decorators/-/plugin-syntax-decorators-7.28.6.tgz 0ms (cache hit)
559 http cache @babel/plugin-syntax-class-static-block@https://registry.npmjs.org/@babel/plugin-syntax-class-static-block/-/plugin-syntax-class-static-block-7.14.5.tgz 0ms (cache hit)
560 http cache @babel/plugin-syntax-async-generators@https://registry.npmjs.org/@babel/plugin-syntax-async-generators/-/plugin-syntax-async-generators-7.8.4.tgz 0ms (cache hit)
561 http cache @babel/plugin-syntax-bigint@https://registry.npmjs.org/@babel/plugin-syntax-bigint/-/plugin-syntax-bigint-7.8.3.tgz 0ms (cache hit)
562 http cache @babel/plugin-proposal-export-default-from@https://registry.npmjs.org/@babel/plugin-proposal-export-default-from/-/plugin-proposal-export-default-from-7.27.1.tgz 0ms (cache hit)
563 http cache @babel/parser@https://registry.npmjs.org/@babel/parser/-/parser-7.29.2.tgz 0ms (cache hit)
564 http cache @babel/plugin-proposal-decorators@https://registry.npmjs.org/@babel/plugin-proposal-decorators/-/plugin-proposal-decorators-7.29.0.tgz 0ms (cache hit)
565 http cache @babel/highlight@https://registry.npmjs.org/@babel/highlight/-/highlight-7.25.9.tgz 0ms (cache hit)
566 http cache @babel/helper-wrap-function@https://registry.npmjs.org/@babel/helper-wrap-function/-/helper-wrap-function-7.28.6.tgz 0ms (cache hit)
567 http cache @babel/helper-string-parser@https://registry.npmjs.org/@babel/helper-string-parser/-/helper-string-parser-7.27.1.tgz 0ms (cache hit)
568 http cache @babel/helper-validator-option@https://registry.npmjs.org/@babel/helper-validator-option/-/helper-validator-option-7.27.1.tgz 0ms (cache hit)
569 http cache @babel/helper-skip-transparent-expression-wrappers@https://registry.npmjs.org/@babel/helper-skip-transparent-expression-wrappers/-/helper-skip-transparent-expression-wrappers-7.27.1.tgz 0ms (cache hit)
570 http cache @babel/helpers@https://registry.npmjs.org/@babel/helpers/-/helpers-7.29.2.tgz 0ms (cache hit)
571 http cache @babel/helper-replace-supers@https://registry.npmjs.org/@babel/helper-replace-supers/-/helper-replace-supers-7.28.6.tgz 0ms (cache hit)
572 http cache @babel/helper-validator-identifier@https://registry.npmjs.org/@babel/helper-validator-identifier/-/helper-validator-identifier-7.28.5.tgz 0ms (cache hit)
573 http cache @babel/helper-plugin-utils@https://registry.npmjs.org/@babel/helper-plugin-utils/-/helper-plugin-utils-7.28.6.tgz 0ms (cache hit)
574 http cache @babel/helper-remap-async-to-generator@https://registry.npmjs.org/@babel/helper-remap-async-to-generator/-/helper-remap-async-to-generator-7.27.1.tgz 0ms (cache hit)
575 http cache @babel/helper-module-transforms@https://registry.npmjs.org/@babel/helper-module-transforms/-/helper-module-transforms-7.28.6.tgz 0ms (cache hit)
576 http cache @babel/helper-optimise-call-expression@https://registry.npmjs.org/@babel/helper-optimise-call-expression/-/helper-optimise-call-expression-7.27.1.tgz 0ms (cache hit)
577 http cache @babel/helper-module-imports@https://registry.npmjs.org/@babel/helper-module-imports/-/helper-module-imports-7.28.6.tgz 0ms (cache hit)
578 http cache @babel/helper-member-expression-to-functions@https://registry.npmjs.org/@babel/helper-member-expression-to-functions/-/helper-member-expression-to-functions-7.28.5.tgz 0ms (cache hit)
579 http cache @babel/helper-globals@https://registry.npmjs.org/@babel/helper-globals/-/helper-globals-7.28.0.tgz 0ms (cache hit)
580 http cache @babel/helper-define-polyfill-provider@https://registry.npmjs.org/@babel/helper-define-polyfill-provider/-/helper-define-polyfill-provider-0.6.8.tgz 0ms (cache hit)
581 http cache @babel/helper-create-regexp-features-plugin@https://registry.npmjs.org/@babel/helper-create-regexp-features-plugin/-/helper-create-regexp-features-plugin-7.28.5.tgz 0ms (cache hit)
582 http cache @babel/helper-create-class-features-plugin@https://registry.npmjs.org/@babel/helper-create-class-features-plugin/-/helper-create-class-features-plugin-7.28.6.tgz 0ms (cache hit)
583 http cache @babel/helper-compilation-targets@https://registry.npmjs.org/@babel/helper-compilation-targets/-/helper-compilation-targets-7.28.6.tgz 0ms (cache hit)
584 http cache @babel/helper-annotate-as-pure@https://registry.npmjs.org/@babel/helper-annotate-as-pure/-/helper-annotate-as-pure-7.27.3.tgz 0ms (cache hit)
585 http cache @0no-co/graphql.web@https://registry.npmjs.org/@0no-co/graphql.web/-/graphql.web-1.2.0.tgz 0ms (cache hit)
586 http cache @babel/generator@https://registry.npmjs.org/@babel/generator/-/generator-7.29.1.tgz 0ms (cache hit)
587 http cache @babel/core@https://registry.npmjs.org/@babel/core/-/core-7.29.0.tgz 0ms (cache hit)
588 http cache @babel/compat-data@https://registry.npmjs.org/@babel/compat-data/-/compat-data-7.29.0.tgz 0ms (cache hit)
589 http cache @babel/code-frame@https://registry.npmjs.org/@babel/code-frame/-/code-frame-7.10.4.tgz 0ms (cache hit)
590 http cache picomatch@https://registry.npmjs.org/picomatch/-/picomatch-3.0.2.tgz 0ms (cache hit)
591 http cache ws@https://registry.npmjs.org/ws/-/ws-8.20.0.tgz 0ms (cache hit)
592 http cache supports-color@https://registry.npmjs.org/supports-color/-/supports-color-7.2.0.tgz 0ms (cache hit)
593 http cache hermes-parser@https://registry.npmjs.org/hermes-parser/-/hermes-parser-0.29.1.tgz 0ms (cache hit)
594 http cache hermes-estree@https://registry.npmjs.org/hermes-estree/-/hermes-estree-0.29.1.tgz 0ms (cache hit)
595 http cache expo-keep-awake@https://registry.npmjs.org/expo-keep-awake/-/expo-keep-awake-15.0.8.tgz 0ms (cache hit)
596 http cache has-flag@https://registry.npmjs.org/has-flag/-/has-flag-4.0.0.tgz 0ms (cache hit)
597 http cache expo-font@https://registry.npmjs.org/expo-font/-/expo-font-14.0.11.tgz 0ms (cache hit)
598 http cache expo-file-system@https://registry.npmjs.org/expo-file-system/-/expo-file-system-19.0.21.tgz 0ms (cache hit)
599 http cache expo-constants@https://registry.npmjs.org/expo-constants/-/expo-constants-18.0.13.tgz 0ms (cache hit)
600 http cache color-name@https://registry.npmjs.org/color-name/-/color-name-1.1.4.tgz 0ms (cache hit)
601 http cache expo-asset@https://registry.npmjs.org/expo-asset/-/expo-asset-12.0.12.tgz 0ms (cache hit)
602 http cache ci-info@https://registry.npmjs.org/ci-info/-/ci-info-3.9.0.tgz 0ms (cache hit)
603 http cache color-convert@https://registry.npmjs.org/color-convert/-/color-convert-2.0.1.tgz 0ms (cache hit)
604 http cache @expo/vector-icons@https://registry.npmjs.org/@expo/vector-icons/-/vector-icons-15.1.1.tgz 0ms (cache hit)
605 http cache babel-preset-expo@https://registry.npmjs.org/babel-preset-expo/-/babel-preset-expo-54.0.10.tgz 0ms (cache hit)
606 http cache ansi-styles@https://registry.npmjs.org/ansi-styles/-/ansi-styles-4.3.0.tgz 0ms (cache hit)
607 http cache chalk@https://registry.npmjs.org/chalk/-/chalk-4.1.2.tgz 0ms (cache hit)
608 http cache @expo/cli@https://registry.npmjs.org/@expo/cli/-/cli-54.0.23.tgz 0ms (cache hit)
609 http cache @expo/metro-config@https://registry.npmjs.org/@expo/metro-config/-/metro-config-54.0.14.tgz 0ms (cache hit)
610 http cache xmlbuilder@https://registry.npmjs.org/xmlbuilder/-/xmlbuilder-11.0.1.tgz 0ms (cache hit)
611 http cache @expo/prebuild-config@https://registry.npmjs.org/@expo/prebuild-config/-/prebuild-config-54.0.8.tgz 0ms (cache hit)
612 http cache webidl-conversions@https://registry.npmjs.org/webidl-conversions/-/webidl-conversions-3.0.1.tgz 0ms (cache hit)
613 http cache @babel/code-frame@https://registry.npmjs.org/@babel/code-frame/-/code-frame-7.29.0.tgz 0ms (cache hit)
614 http cache color-name@https://registry.npmjs.org/color-name/-/color-name-1.1.4.tgz 0ms (cache hit)
615 http cache color-convert@https://registry.npmjs.org/color-convert/-/color-convert-2.0.1.tgz 0ms (cache hit)
616 http cache ansi-styles@https://registry.npmjs.org/ansi-styles/-/ansi-styles-4.3.0.tgz 0ms (cache hit)
617 http cache picomatch@https://registry.npmjs.org/picomatch/-/picomatch-4.0.4.tgz 0ms (cache hit)
618 http cache fdir@https://registry.npmjs.org/fdir/-/fdir-6.5.0.tgz 0ms (cache hit)
619 http cache yallist@https://registry.npmjs.org/yallist/-/yallist-5.0.0.tgz 0ms (cache hit)
620 http cache minimatch@https://registry.npmjs.org/minimatch/-/minimatch-3.1.5.tgz 0ms (cache hit)
621 http cache commander@https://registry.npmjs.org/commander/-/commander-2.20.3.tgz 0ms (cache hit)
622 http cache brace-expansion@https://registry.npmjs.org/brace-expansion/-/brace-expansion-1.1.13.tgz 0ms (cache hit)
623 http cache glob@https://registry.npmjs.org/glob/-/glob-7.2.3.tgz 0ms (cache hit)
624 http cache commander@https://registry.npmjs.org/commander/-/commander-4.1.1.tgz 0ms (cache hit)
625 http cache supports-color@https://registry.npmjs.org/supports-color/-/supports-color-7.2.0.tgz 0ms (cache hit)
626 http cache has-flag@https://registry.npmjs.org/has-flag/-/has-flag-4.0.0.tgz 0ms (cache hit)
627 http cache encodeurl@https://registry.npmjs.org/encodeurl/-/encodeurl-2.0.0.tgz 0ms (cache hit)
628 http cache escape-string-regexp@https://registry.npmjs.org/escape-string-regexp/-/escape-string-regexp-2.0.0.tgz 0ms (cache hit)
629 http cache source-map@https://registry.npmjs.org/source-map/-/source-map-0.6.1.tgz 0ms (cache hit)
630 http cache encodeurl@https://registry.npmjs.org/encodeurl/-/encodeurl-2.0.0.tgz 0ms (cache hit)
631 http cache statuses@https://registry.npmjs.org/statuses/-/statuses-2.0.2.tgz 0ms (cache hit)
632 http cache ms@https://registry.npmjs.org/ms/-/ms-2.0.0.tgz 0ms (cache hit)
633 http cache minimatch@https://registry.npmjs.org/minimatch/-/minimatch-3.1.5.tgz 0ms (cache hit)
634 http cache on-finished@https://registry.npmjs.org/on-finished/-/on-finished-2.4.1.tgz 0ms (cache hit)
635 http cache resolve@https://registry.npmjs.org/resolve/-/resolve-1.7.1.tgz 0ms (cache hit)
636 http cache glob@https://registry.npmjs.org/glob/-/glob-7.2.3.tgz 0ms (cache hit)
637 http cache brace-expansion@https://registry.npmjs.org/brace-expansion/-/brace-expansion-1.1.13.tgz 0ms (cache hit)
638 http cache @react-native/normalize-colors@https://registry.npmjs.org/@react-native/normalize-colors/-/normalize-colors-0.74.89.tgz 0ms (cache hit)
639 http cache debug@https://registry.npmjs.org/debug/-/debug-2.6.9.tgz 0ms (cache hit)
640 http cache memoize-one@https://registry.npmjs.org/memoize-one/-/memoize-one-6.0.0.tgz 0ms (cache hit)
641 http cache ws@https://registry.npmjs.org/ws/-/ws-6.2.3.tgz 0ms (cache hit)
642 http cache minimatch@https://registry.npmjs.org/minimatch/-/minimatch-3.1.5.tgz 0ms (cache hit)
643 http cache commander@https://registry.npmjs.org/commander/-/commander-12.1.0.tgz 0ms (cache hit)
644 http cache glob@https://registry.npmjs.org/glob/-/glob-7.2.3.tgz 0ms (cache hit)
645 http cache brace-expansion@https://registry.npmjs.org/brace-expansion/-/brace-expansion-1.1.13.tgz 0ms (cache hit)
646 http cache @react-native/virtualized-lists@https://registry.npmjs.org/@react-native/virtualized-lists/-/virtualized-lists-0.81.5.tgz 0ms (cache hit)
647 http cache lru-cache@https://registry.npmjs.org/lru-cache/-/lru-cache-11.2.7.tgz 0ms (cache hit)
648 http cache ansi-styles@https://registry.npmjs.org/ansi-styles/-/ansi-styles-5.2.0.tgz 0ms (cache hit)
649 http cache p-limit@https://registry.npmjs.org/p-limit/-/p-limit-2.3.0.tgz 0ms (cache hit)
650 http cache strip-ansi@https://registry.npmjs.org/strip-ansi/-/strip-ansi-5.2.0.tgz 0ms (cache hit)
651 http cache ansi-regex@https://registry.npmjs.org/ansi-regex/-/ansi-regex-4.1.1.tgz 0ms (cache hit)
652 http cache supports-color@https://registry.npmjs.org/supports-color/-/supports-color-7.2.0.tgz 0ms (cache hit)
653 http cache color-name@https://registry.npmjs.org/color-name/-/color-name-1.1.4.tgz 0ms (cache hit)
654 http cache color-convert@https://registry.npmjs.org/color-convert/-/color-convert-2.0.1.tgz 0ms (cache hit)
655 http cache has-flag@https://registry.npmjs.org/has-flag/-/has-flag-4.0.0.tgz 0ms (cache hit)
656 http cache chalk@https://registry.npmjs.org/chalk/-/chalk-4.1.2.tgz 0ms (cache hit)
657 http cache ansi-styles@https://registry.npmjs.org/ansi-styles/-/ansi-styles-4.3.0.tgz 0ms (cache hit)
658 http cache ms@https://registry.npmjs.org/ms/-/ms-2.0.0.tgz 0ms (cache hit)
659 http cache @babel/code-frame@https://registry.npmjs.org/@babel/code-frame/-/code-frame-7.29.0.tgz 0ms (cache hit)
660 http cache has-flag@https://registry.npmjs.org/has-flag/-/has-flag-4.0.0.tgz 0ms (cache hit)
661 http cache debug@https://registry.npmjs.org/debug/-/debug-2.6.9.tgz 0ms (cache hit)
662 http cache supports-color@https://registry.npmjs.org/supports-color/-/supports-color-8.1.1.tgz 0ms (cache hit)
663 http cache has-flag@https://registry.npmjs.org/has-flag/-/has-flag-4.0.0.tgz 0ms (cache hit)
664 http cache color-name@https://registry.npmjs.org/color-name/-/color-name-1.1.4.tgz 0ms (cache hit)
665 http cache color-convert@https://registry.npmjs.org/color-convert/-/color-convert-2.0.1.tgz 0ms (cache hit)
666 http cache supports-color@https://registry.npmjs.org/supports-color/-/supports-color-7.2.0.tgz 0ms (cache hit)
667 http cache supports-color@https://registry.npmjs.org/supports-color/-/supports-color-7.2.0.tgz 0ms (cache hit)
668 http cache chalk@https://registry.npmjs.org/chalk/-/chalk-4.1.2.tgz 0ms (cache hit)
669 http cache has-flag@https://registry.npmjs.org/has-flag/-/has-flag-4.0.0.tgz 0ms (cache hit)
670 http cache ansi-styles@https://registry.npmjs.org/ansi-styles/-/ansi-styles-4.3.0.tgz 0ms (cache hit)
671 http cache ci-info@https://registry.npmjs.org/ci-info/-/ci-info-3.9.0.tgz 0ms (cache hit)
672 http cache color-name@https://registry.npmjs.org/color-name/-/color-name-1.1.4.tgz 0ms (cache hit)
673 http cache chalk@https://registry.npmjs.org/chalk/-/chalk-4.1.2.tgz 0ms (cache hit)
674 http cache color-convert@https://registry.npmjs.org/color-convert/-/color-convert-2.0.1.tgz 0ms (cache hit)
675 http cache ansi-styles@https://registry.npmjs.org/ansi-styles/-/ansi-styles-4.3.0.tgz 0ms (cache hit)
676 http cache supports-color@https://registry.npmjs.org/supports-color/-/supports-color-7.2.0.tgz 0ms (cache hit)
677 http cache color-name@https://registry.npmjs.org/color-name/-/color-name-1.1.4.tgz 0ms (cache hit)
678 http cache color-convert@https://registry.npmjs.org/color-convert/-/color-convert-2.0.1.tgz 0ms (cache hit)
679 http cache has-flag@https://registry.npmjs.org/has-flag/-/has-flag-4.0.0.tgz 0ms (cache hit)
680 http cache statuses@https://registry.npmjs.org/statuses/-/statuses-2.0.2.tgz 0ms (cache hit)
681 http cache chalk@https://registry.npmjs.org/chalk/-/chalk-4.1.2.tgz 0ms (cache hit)
682 http cache @babel/code-frame@https://registry.npmjs.org/@babel/code-frame/-/code-frame-7.29.0.tgz 0ms (cache hit)
683 http cache semver@https://registry.npmjs.org/semver/-/semver-6.3.1.tgz 0ms (cache hit)
684 http cache react-is@https://registry.npmjs.org/react-is/-/react-is-16.13.1.tgz 0ms (cache hit)
685 http cache ansi-styles@https://registry.npmjs.org/ansi-styles/-/ansi-styles-4.3.0.tgz 0ms (cache hit)
686 http cache lru-cache@https://registry.npmjs.org/lru-cache/-/lru-cache-10.4.3.tgz 0ms (cache hit)
687 http cache ms@https://registry.npmjs.org/ms/-/ms-2.0.0.tgz 0ms (cache hit)
688 http cache balanced-match@https://registry.npmjs.org/balanced-match/-/balanced-match-4.0.4.tgz 0ms (cache hit)
689 http cache minimatch@https://registry.npmjs.org/minimatch/-/minimatch-10.2.4.tgz 0ms (cache hit)
690 http cache debug@https://registry.npmjs.org/debug/-/debug-2.6.9.tgz 0ms (cache hit)
691 http cache brace-expansion@https://registry.npmjs.org/brace-expansion/-/brace-expansion-5.0.5.tgz 0ms (cache hit)
692 http cache has-flag@https://registry.npmjs.org/has-flag/-/has-flag-4.0.0.tgz 0ms (cache hit)
693 http cache supports-color@https://registry.npmjs.org/supports-color/-/supports-color-7.2.0.tgz 0ms (cache hit)
694 http cache promise@https://registry.npmjs.org/promise/-/promise-7.3.1.tgz 0ms (cache hit)
695 http cache color-name@https://registry.npmjs.org/color-name/-/color-name-1.1.4.tgz 0ms (cache hit)
696 http cache color-convert@https://registry.npmjs.org/color-convert/-/color-convert-2.0.1.tgz 0ms (cache hit)
697 http cache ms@https://registry.npmjs.org/ms/-/ms-2.0.0.tgz 0ms (cache hit)
698 http cache debug@https://registry.npmjs.org/debug/-/debug-2.6.9.tgz 0ms (cache hit)
699 http cache ansi-styles@https://registry.npmjs.org/ansi-styles/-/ansi-styles-4.3.0.tgz 0ms (cache hit)
700 http cache chalk@https://registry.npmjs.org/chalk/-/chalk-4.1.2.tgz 0ms (cache hit)
701 http cache negotiator@https://registry.npmjs.org/negotiator/-/negotiator-0.6.4.tgz 0ms (cache hit)
702 http cache debug@https://registry.npmjs.org/debug/-/debug-2.6.9.tgz 0ms (cache hit)
703 http cache ms@https://registry.npmjs.org/ms/-/ms-2.0.0.tgz 0ms (cache hit)
704 http cache color-name@https://registry.npmjs.org/color-name/-/color-name-1.1.4.tgz 0ms (cache hit)
705 http cache escape-string-regexp@https://registry.npmjs.org/escape-string-regexp/-/escape-string-regexp-4.0.0.tgz 0ms (cache hit)
706 http cache escape-string-regexp@https://registry.npmjs.org/escape-string-regexp/-/escape-string-regexp-4.0.0.tgz 0ms (cache hit)
707 http cache open@https://registry.npmjs.org/open/-/open-8.4.2.tgz 0ms (cache hit)
708 http cache hermes-parser@https://registry.npmjs.org/hermes-parser/-/hermes-parser-0.29.1.tgz 0ms (cache hit)
709 http cache hermes-estree@https://registry.npmjs.org/hermes-estree/-/hermes-estree-0.29.1.tgz 0ms (cache hit)
710 http cache color-convert@https://registry.npmjs.org/color-convert/-/color-convert-2.0.1.tgz 0ms (cache hit)
711 http cache semver@https://registry.npmjs.org/semver/-/semver-6.3.1.tgz 0ms (cache hit)
712 http cache supports-color@https://registry.npmjs.org/supports-color/-/supports-color-7.2.0.tgz 0ms (cache hit)
713 http cache has-flag@https://registry.npmjs.org/has-flag/-/has-flag-4.0.0.tgz 0ms (cache hit)
714 http cache color-name@https://registry.npmjs.org/color-name/-/color-name-1.1.4.tgz 0ms (cache hit)
715 http cache color-convert@https://registry.npmjs.org/color-convert/-/color-convert-2.0.1.tgz 0ms (cache hit)
716 http cache ansi-styles@https://registry.npmjs.org/ansi-styles/-/ansi-styles-4.3.0.tgz 0ms (cache hit)
717 http cache type-fest@https://registry.npmjs.org/type-fest/-/type-fest-0.21.3.tgz 0ms (cache hit)
718 http cache react-is@https://registry.npmjs.org/react-is/-/react-is-19.2.4.tgz 0ms (cache hit)
719 http cache chalk@https://registry.npmjs.org/chalk/-/chalk-4.1.2.tgz 0ms (cache hit)
720 http cache escape-string-regexp@https://registry.npmjs.org/escape-string-regexp/-/escape-string-regexp-4.0.0.tgz 0ms (cache hit)
721 http cache escape-string-regexp@https://registry.npmjs.org/escape-string-regexp/-/escape-string-regexp-4.0.0.tgz 0ms (cache hit)
722 http cache @react-native/js-polyfills@https://registry.npmjs.org/@react-native/js-polyfills/-/js-polyfills-0.84.1.tgz 0ms (cache hit)
723 http cache minimatch@https://registry.npmjs.org/minimatch/-/minimatch-3.1.5.tgz 0ms (cache hit)
724 http cache ws@https://registry.npmjs.org/ws/-/ws-6.2.3.tgz 0ms (cache hit)
725 http cache babel-plugin-syntax-hermes-parser@https://registry.npmjs.org/babel-plugin-syntax-hermes-parser/-/babel-plugin-syntax-hermes-parser-0.32.0.tgz 0ms (cache hit)
726 http cache @react-native/babel-preset@https://registry.npmjs.org/@react-native/babel-preset/-/babel-preset-0.84.1.tgz 0ms (cache hit)
727 http cache @react-native/codegen@https://registry.npmjs.org/@react-native/codegen/-/codegen-0.84.1.tgz 0ms (cache hit)
728 http cache hermes-estree@https://registry.npmjs.org/hermes-estree/-/hermes-estree-0.29.1.tgz 0ms (cache hit)
729 http cache glob@https://registry.npmjs.org/glob/-/glob-7.2.3.tgz 0ms (cache hit)
730 http cache hermes-parser@https://registry.npmjs.org/hermes-parser/-/hermes-parser-0.29.1.tgz 0ms (cache hit)
731 http cache @react-native/babel-plugin-codegen@https://registry.npmjs.org/@react-native/babel-plugin-codegen/-/babel-plugin-codegen-0.84.1.tgz 0ms (cache hit)
732 http cache brace-expansion@https://registry.npmjs.org/brace-expansion/-/brace-expansion-1.1.13.tgz 0ms (cache hit)
733 http cache has-flag@https://registry.npmjs.org/has-flag/-/has-flag-4.0.0.tgz 0ms (cache hit)
734 http cache supports-color@https://registry.npmjs.org/supports-color/-/supports-color-7.2.0.tgz 0ms (cache hit)
735 http cache color-name@https://registry.npmjs.org/color-name/-/color-name-1.1.4.tgz 0ms (cache hit)
736 http cache chalk@https://registry.npmjs.org/chalk/-/chalk-4.1.2.tgz 0ms (cache hit)
737 http cache color-convert@https://registry.npmjs.org/color-convert/-/color-convert-2.0.1.tgz 0ms (cache hit)
738 http cache supports-color@https://registry.npmjs.org/supports-color/-/supports-color-7.2.0.tgz 0ms (cache hit)
739 http cache ansi-styles@https://registry.npmjs.org/ansi-styles/-/ansi-styles-4.3.0.tgz 0ms (cache hit)
740 http cache has-flag@https://registry.npmjs.org/has-flag/-/has-flag-4.0.0.tgz 0ms (cache hit)
741 http cache chalk@https://registry.npmjs.org/chalk/-/chalk-4.1.2.tgz 0ms (cache hit)
742 http cache color-convert@https://registry.npmjs.org/color-convert/-/color-convert-2.0.1.tgz 0ms (cache hit)
743 http cache camelcase@https://registry.npmjs.org/camelcase/-/camelcase-5.3.1.tgz 0ms (cache hit)
744 http cache supports-color@https://registry.npmjs.org/supports-color/-/supports-color-7.2.0.tgz 0ms (cache hit)
745 http cache color-name@https://registry.npmjs.org/color-name/-/color-name-1.1.4.tgz 0ms (cache hit)
746 http cache ansi-styles@https://registry.npmjs.org/ansi-styles/-/ansi-styles-4.3.0.tgz 0ms (cache hit)
747 http cache has-flag@https://registry.npmjs.org/has-flag/-/has-flag-4.0.0.tgz 0ms (cache hit)
748 http cache js-yaml@https://registry.npmjs.org/js-yaml/-/js-yaml-4.1.1.tgz 0ms (cache hit)
749 http cache color-name@https://registry.npmjs.org/color-name/-/color-name-1.1.4.tgz 0ms (cache hit)
750 http cache chalk@https://registry.npmjs.org/chalk/-/chalk-4.1.2.tgz 0ms (cache hit)
751 http cache color-convert@https://registry.npmjs.org/color-convert/-/color-convert-2.0.1.tgz 0ms (cache hit)
752 http cache ansi-styles@https://registry.npmjs.org/ansi-styles/-/ansi-styles-4.3.0.tgz 0ms (cache hit)
753 http cache argparse@https://registry.npmjs.org/argparse/-/argparse-2.0.1.tgz 0ms (cache hit)
754 http cache @babel/code-frame@https://registry.npmjs.org/@babel/code-frame/-/code-frame-7.29.0.tgz 0ms (cache hit)
755 http cache supports-color@https://registry.npmjs.org/supports-color/-/supports-color-7.2.0.tgz 0ms (cache hit)
756 http cache color-convert@https://registry.npmjs.org/color-convert/-/color-convert-2.0.1.tgz 0ms (cache hit)
757 http cache color-name@https://registry.npmjs.org/color-name/-/color-name-1.1.4.tgz 0ms (cache hit)
758 http cache chalk@https://registry.npmjs.org/chalk/-/chalk-4.1.2.tgz 0ms (cache hit)
759 http cache has-flag@https://registry.npmjs.org/has-flag/-/has-flag-4.0.0.tgz 0ms (cache hit)
760 http cache @babel/code-frame@https://registry.npmjs.org/@babel/code-frame/-/code-frame-7.29.0.tgz 0ms (cache hit)
761 http cache supports-color@https://registry.npmjs.org/supports-color/-/supports-color-7.2.0.tgz 0ms (cache hit)
762 http cache has-flag@https://registry.npmjs.org/has-flag/-/has-flag-4.0.0.tgz 0ms (cache hit)
763 http cache ansi-styles@https://registry.npmjs.org/ansi-styles/-/ansi-styles-4.3.0.tgz 0ms (cache hit)
764 http cache color-name@https://registry.npmjs.org/color-name/-/color-name-1.1.4.tgz 0ms (cache hit)
765 http cache color-convert@https://registry.npmjs.org/color-convert/-/color-convert-2.0.1.tgz 0ms (cache hit)
766 http cache chalk@https://registry.npmjs.org/chalk/-/chalk-4.1.2.tgz 0ms (cache hit)
767 http cache ansi-styles@https://registry.npmjs.org/ansi-styles/-/ansi-styles-4.3.0.tgz 0ms (cache hit)
768 http cache has-flag@https://registry.npmjs.org/has-flag/-/has-flag-4.0.0.tgz 0ms (cache hit)
769 http cache supports-color@https://registry.npmjs.org/supports-color/-/supports-color-7.2.0.tgz 0ms (cache hit)
770 http cache color-name@https://registry.npmjs.org/color-name/-/color-name-1.1.4.tgz 0ms (cache hit)
771 http cache chalk@https://registry.npmjs.org/chalk/-/chalk-4.1.2.tgz 0ms (cache hit)
772 http cache ansi-styles@https://registry.npmjs.org/ansi-styles/-/ansi-styles-4.3.0.tgz 0ms (cache hit)
773 http cache supports-color@https://registry.npmjs.org/supports-color/-/supports-color-7.2.0.tgz 0ms (cache hit)
774 http cache has-flag@https://registry.npmjs.org/has-flag/-/has-flag-4.0.0.tgz 0ms (cache hit)
775 http cache color-convert@https://registry.npmjs.org/color-convert/-/color-convert-2.0.1.tgz 0ms (cache hit)
776 http cache color-name@https://registry.npmjs.org/color-name/-/color-name-1.1.4.tgz 0ms (cache hit)
777 http cache color-convert@https://registry.npmjs.org/color-convert/-/color-convert-2.0.1.tgz 0ms (cache hit)
778 http cache supports-color@https://registry.npmjs.org/supports-color/-/supports-color-7.2.0.tgz 0ms (cache hit)
779 http cache has-flag@https://registry.npmjs.org/has-flag/-/has-flag-4.0.0.tgz 0ms (cache hit)
780 http cache ansi-styles@https://registry.npmjs.org/ansi-styles/-/ansi-styles-4.3.0.tgz 0ms (cache hit)
781 http cache chalk@https://registry.npmjs.org/chalk/-/chalk-4.1.2.tgz 0ms (cache hit)
782 http cache color-name@https://registry.npmjs.org/color-name/-/color-name-1.1.4.tgz 0ms (cache hit)
783 http cache chalk@https://registry.npmjs.org/chalk/-/chalk-4.1.2.tgz 0ms (cache hit)
784 http cache color-convert@https://registry.npmjs.org/color-convert/-/color-convert-2.0.1.tgz 0ms (cache hit)
785 http cache ansi-styles@https://registry.npmjs.org/ansi-styles/-/ansi-styles-4.3.0.tgz 0ms (cache hit)
786 http cache has-flag@https://registry.npmjs.org/has-flag/-/has-flag-4.0.0.tgz 0ms (cache hit)
787 http cache debug@https://registry.npmjs.org/debug/-/debug-3.2.7.tgz 0ms (cache hit)
788 http cache supports-color@https://registry.npmjs.org/supports-color/-/supports-color-7.2.0.tgz 0ms (cache hit)
789 http cache color-name@https://registry.npmjs.org/color-name/-/color-name-1.1.4.tgz 0ms (cache hit)
790 http cache chalk@https://registry.npmjs.org/chalk/-/chalk-4.1.2.tgz 0ms (cache hit)
791 http cache color-convert@https://registry.npmjs.org/color-convert/-/color-convert-2.0.1.tgz 0ms (cache hit)
792 http cache ansi-styles@https://registry.npmjs.org/ansi-styles/-/ansi-styles-4.3.0.tgz 0ms (cache hit)
793 http cache @babel/code-frame@https://registry.npmjs.org/@babel/code-frame/-/code-frame-7.29.0.tgz 0ms (cache hit)
794 http cache semver@https://registry.npmjs.org/semver/-/semver-6.3.1.tgz 0ms (cache hit)
795 http cache @babel/code-frame@https://registry.npmjs.org/@babel/code-frame/-/code-frame-7.29.0.tgz 0ms (cache hit)
796 http cache @babel/code-frame@https://registry.npmjs.org/@babel/code-frame/-/code-frame-7.29.0.tgz 0ms (cache hit)
797 http cache semver@https://registry.npmjs.org/semver/-/semver-6.3.1.tgz 0ms (cache hit)
798 http cache semver@https://registry.npmjs.org/semver/-/semver-6.3.1.tgz 0ms (cache hit)
799 silly tarball no local data for expo@https://registry.npmjs.org/expo/-/expo-54.0.33.tgz. Extracting by manifest.
800 silly tarball no local data for yocto-queue@https://registry.npmjs.org/yocto-queue/-/yocto-queue-0.1.0.tgz. Extracting by manifest.
801 http cache semver@https://registry.npmjs.org/semver/-/semver-6.3.1.tgz 0ms (cache hit)
802 http cache semver@https://registry.npmjs.org/semver/-/semver-6.3.1.tgz 0ms (cache hit)
803 http cache @babel/code-frame@https://registry.npmjs.org/@babel/code-frame/-/code-frame-7.29.0.tgz 0ms (cache hit)
804 silly tarball no local data for wonka@https://registry.npmjs.org/wonka/-/wonka-6.3.6.tgz. Extracting by manifest.
805 silly tarball no local data for whatwg-url@https://registry.npmjs.org/whatwg-url/-/whatwg-url-5.0.0.tgz. Extracting by manifest.
806 silly tarball no local data for whatwg-url-without-unicode@https://registry.npmjs.org/whatwg-url-without-unicode/-/whatwg-url-without-unicode-8.0.0-3.tgz. Extracting by manifest.
807 silly tarball no local data for webidl-conversions@https://registry.npmjs.org/webidl-conversions/-/webidl-conversions-5.0.0.tgz. Extracting by manifest.
808 silly tarball no local data for warn-once@https://registry.npmjs.org/warn-once/-/warn-once-0.1.1.tgz. Extracting by manifest.
809 silly tarball no local data for use-sync-external-store@https://registry.npmjs.org/use-sync-external-store/-/use-sync-external-store-1.6.0.tgz. Extracting by manifest.
810 silly tarball no local data for use-latest-callback@https://registry.npmjs.org/use-latest-callback/-/use-latest-callback-0.2.6.tgz. Extracting by manifest.
811 silly tarball no local data for undici@https://registry.npmjs.org/undici/-/undici-6.24.1.tgz. Extracting by manifest.
812 silly tarball no local data for ua-parser-js@https://registry.npmjs.org/ua-parser-js/-/ua-parser-js-1.0.41.tgz. Extracting by manifest.
813 silly tarball no local data for ts-interface-checker@https://registry.npmjs.org/ts-interface-checker/-/ts-interface-checker-0.1.13.tgz. Extracting by manifest.
814 silly tarball no local data for tr46@https://registry.npmjs.org/tr46/-/tr46-0.0.3.tgz. Extracting by manifest.
815 silly tarball no local data for thenify-all@https://registry.npmjs.org/thenify-all/-/thenify-all-1.6.0.tgz. Extracting by manifest.
816 silly tarball no local data for thenify@https://registry.npmjs.org/thenify/-/thenify-3.3.1.tgz. Extracting by manifest.
817 silly tarball no local data for tar@https://registry.npmjs.org/tar/-/tar-7.5.13.tgz. Extracting by manifest.
818 silly tarball no local data for sucrase@https://registry.npmjs.org/sucrase/-/sucrase-3.35.1.tgz. Extracting by manifest.
819 silly tarball no local data for styleq@https://registry.npmjs.org/styleq/-/styleq-0.1.3.tgz. Extracting by manifest.
820 silly tarball no local data for strip-json-comments@https://registry.npmjs.org/strip-json-comments/-/strip-json-comments-2.0.1.tgz. Extracting by manifest.
821 silly tarball no local data for strict-uri-encode@https://registry.npmjs.org/strict-uri-encode/-/strict-uri-encode-2.0.0.tgz. Extracting by manifest.
822 silly tarball no local data for split-on-first@https://registry.npmjs.org/split-on-first/-/split-on-first-1.1.0.tgz. Extracting by manifest.
823 silly tarball no local data for simple-swizzle@https://registry.npmjs.org/simple-swizzle/-/simple-swizzle-0.2.4.tgz. Extracting by manifest.
824 silly tarball no local data for sf-symbols-typescript@https://registry.npmjs.org/sf-symbols-typescript/-/sf-symbols-typescript-2.2.0.tgz. Extracting by manifest.
825 silly tarball no local data for setimmediate@https://registry.npmjs.org/setimmediate/-/setimmediate-1.0.5.tgz. Extracting by manifest.
826 silly tarball no local data for scheduler@https://registry.npmjs.org/scheduler/-/scheduler-0.26.0.tgz. Extracting by manifest.
827 silly tarball no local data for resolve.exports@https://registry.npmjs.org/resolve.exports/-/resolve.exports-2.0.3.tgz. Extracting by manifest.
828 silly tarball no local data for requireg@https://registry.npmjs.org/requireg/-/requireg-0.2.2.tgz. Extracting by manifest.
829 silly tarball no local data for require-from-string@https://registry.npmjs.org/require-from-string/-/require-from-string-2.0.2.tgz. Extracting by manifest.
830 silly tarball no local data for react-native-worklets@https://registry.npmjs.org/react-native-worklets/-/react-native-worklets-0.8.1.tgz. Extracting by manifest.
831 silly tarball no local data for react-native-screens@https://registry.npmjs.org/react-native-screens/-/react-native-screens-4.16.0.tgz. Extracting by manifest.
832 silly tarball no local data for react-native-web@https://registry.npmjs.org/react-native-web/-/react-native-web-0.21.2.tgz. Extracting by manifest.
833 silly tarball no local data for react-native-reanimated@https://registry.npmjs.org/react-native-reanimated/-/react-native-reanimated-4.3.0.tgz. Extracting by manifest.
834 silly tarball no local data for react-native-safe-area-context@https://registry.npmjs.org/react-native-safe-area-context/-/react-native-safe-area-context-5.6.2.tgz. Extracting by manifest.
835 silly tarball no local data for react-native-is-edge-to-edge@https://registry.npmjs.org/react-native-is-edge-to-edge/-/react-native-is-edge-to-edge-1.3.1.tgz. Extracting by manifest.
836 silly tarball no local data for react-native@https://registry.npmjs.org/react-native/-/react-native-0.81.5.tgz. Extracting by manifest.
837 silly tarball no local data for react-native-drawer-layout@https://registry.npmjs.org/react-native-drawer-layout/-/react-native-drawer-layout-4.2.2.tgz. Extracting by manifest.
838 silly tarball no local data for react-native-gesture-handler@https://registry.npmjs.org/react-native-gesture-handler/-/react-native-gesture-handler-2.28.0.tgz. Extracting by manifest.
839 silly tarball no local data for react-freeze@https://registry.npmjs.org/react-freeze/-/react-freeze-1.0.4.tgz. Extracting by manifest.
840 silly tarball no local data for react-dom@https://registry.npmjs.org/react-dom/-/react-dom-19.1.0.tgz. Extracting by manifest.
841 silly tarball no local data for rc@https://registry.npmjs.org/rc/-/rc-1.2.8.tgz. Extracting by manifest.
842 silly tarball no local data for react@https://registry.npmjs.org/react/-/react-19.1.0.tgz. Extracting by manifest.
843 silly tarball no local data for query-string@https://registry.npmjs.org/query-string/-/query-string-7.1.3.tgz. Extracting by manifest.
844 silly tarball no local data for qrcode-terminal@https://registry.npmjs.org/qrcode-terminal/-/qrcode-terminal-0.11.0.tgz. Extracting by manifest.
845 silly tarball no local data for punycode@https://registry.npmjs.org/punycode/-/punycode-2.3.1.tgz. Extracting by manifest.
846 silly tarball no local data for pretty-bytes@https://registry.npmjs.org/pretty-bytes/-/pretty-bytes-5.6.0.tgz. Extracting by manifest.
847 silly tarball no local data for postcss-value-parser@https://registry.npmjs.org/postcss-value-parser/-/postcss-value-parser-4.2.0.tgz. Extracting by manifest.
848 silly tarball no local data for p-limit@https://registry.npmjs.org/p-limit/-/p-limit-3.1.0.tgz. Extracting by manifest.
849 silly tarball no local data for object-assign@https://registry.npmjs.org/object-assign/-/object-assign-4.1.1.tgz. Extracting by manifest.
850 silly tarball no local data for node-fetch@https://registry.npmjs.org/node-fetch/-/node-fetch-2.7.0.tgz. Extracting by manifest.
851 silly tarball no local data for nested-error-stacks@https://registry.npmjs.org/nested-error-stacks/-/nested-error-stacks-2.0.1.tgz. Extracting by manifest.
852 silly tarball no local data for mz@https://registry.npmjs.org/mz/-/mz-2.7.0.tgz. Extracting by manifest.
853 silly tarball no local data for minizlib@https://registry.npmjs.org/minizlib/-/minizlib-3.1.0.tgz. Extracting by manifest.
854 silly tarball no local data for minimist@https://registry.npmjs.org/minimist/-/minimist-1.2.8.tgz. Extracting by manifest.
855 silly tarball no local data for minimatch@https://registry.npmjs.org/minimatch/-/minimatch-9.0.9.tgz. Extracting by manifest.
856 silly tarball no local data for lines-and-columns@https://registry.npmjs.org/lines-and-columns/-/lines-and-columns-1.2.4.tgz. Extracting by manifest.
857 silly tarball no local data for lan-network@https://registry.npmjs.org/lan-network/-/lan-network-0.1.7.tgz. Extracting by manifest.
858 silly tarball no local data for is-arrayish@https://registry.npmjs.org/is-arrayish/-/is-arrayish-0.3.4.tgz. Extracting by manifest.
859 silly tarball no local data for inline-style-prefixer@https://registry.npmjs.org/inline-style-prefixer/-/inline-style-prefixer-7.0.1.tgz. Extracting by manifest.
860 silly tarball no local data for ini@https://registry.npmjs.org/ini/-/ini-1.3.8.tgz. Extracting by manifest.
861 silly tarball no local data for ieee754@https://registry.npmjs.org/ieee754/-/ieee754-1.2.1.tgz. Extracting by manifest.
862 silly tarball no local data for hyphenate-style-name@https://registry.npmjs.org/hyphenate-style-name/-/hyphenate-style-name-1.1.0.tgz. Extracting by manifest.
863 silly tarball no local data for hoist-non-react-statics@https://registry.npmjs.org/hoist-non-react-statics/-/hoist-non-react-statics-3.3.2.tgz. Extracting by manifest.
864 silly tarball no local data for freeport-async@https://registry.npmjs.org/freeport-async/-/freeport-async-2.0.0.tgz. Extracting by manifest.
865 silly tarball no local data for filter-obj@https://registry.npmjs.org/filter-obj/-/filter-obj-1.1.0.tgz. Extracting by manifest.
866 silly tarball no local data for fbjs-css-vars@https://registry.npmjs.org/fbjs-css-vars/-/fbjs-css-vars-1.0.2.tgz. Extracting by manifest.
867 silly tarball no local data for fbjs@https://registry.npmjs.org/fbjs/-/fbjs-3.0.5.tgz. Extracting by manifest.
868 silly tarball no local data for expo-status-bar@https://registry.npmjs.org/expo-status-bar/-/expo-status-bar-3.0.9.tgz. Extracting by manifest.
869 silly tarball no local data for expo-modules-core@https://registry.npmjs.org/expo-modules-core/-/expo-modules-core-3.0.29.tgz. Extracting by manifest.
870 silly tarball no local data for expo-server@https://registry.npmjs.org/expo-server/-/expo-server-1.0.5.tgz. Extracting by manifest.
871 silly tarball no local data for expo-modules-autolinking@https://registry.npmjs.org/expo-modules-autolinking/-/expo-modules-autolinking-3.0.24.tgz. Extracting by manifest.
872 silly tarball no local data for fast-deep-equal@https://registry.npmjs.org/fast-deep-equal/-/fast-deep-equal-3.1.3.tgz. Extracting by manifest.
873 silly tarball no local data for env-editor@https://registry.npmjs.org/env-editor/-/env-editor-0.4.2.tgz. Extracting by manifest.
874 silly tarball no local data for electron-to-chromium@https://registry.npmjs.org/electron-to-chromium/-/electron-to-chromium-1.5.328.tgz. Extracting by manifest.
875 silly tarball no local data for dotenv@https://registry.npmjs.org/dotenv/-/dotenv-16.4.7.tgz. Extracting by manifest.
876 silly tarball no local data for dotenv-expand@https://registry.npmjs.org/dotenv-expand/-/dotenv-expand-11.0.7.tgz. Extracting by manifest.
877 silly tarball no local data for deep-extend@https://registry.npmjs.org/deep-extend/-/deep-extend-0.6.0.tgz. Extracting by manifest.
878 silly tarball no local data for decode-uri-component@https://registry.npmjs.org/decode-uri-component/-/decode-uri-component-0.2.2.tgz. Extracting by manifest.
879 silly tarball no local data for css-in-js-utils@https://registry.npmjs.org/css-in-js-utils/-/css-in-js-utils-3.1.0.tgz. Extracting by manifest.
880 silly tarball no local data for cross-fetch@https://registry.npmjs.org/cross-fetch/-/cross-fetch-3.2.0.tgz. Extracting by manifest.
881 silly tarball no local data for color-string@https://registry.npmjs.org/color-string/-/color-string-1.9.1.tgz. Extracting by manifest.
882 silly tarball no local data for color@https://registry.npmjs.org/color/-/color-4.2.3.tgz. Extracting by manifest.
883 silly tarball no local data for chownr@https://registry.npmjs.org/chownr/-/chownr-3.0.0.tgz. Extracting by manifest.
884 silly tarball no local data for caniuse-lite@https://registry.npmjs.org/caniuse-lite/-/caniuse-lite-1.0.30001781.tgz. Extracting by manifest.
885 silly tarball no local data for buffer@https://registry.npmjs.org/buffer/-/buffer-5.7.1.tgz. Extracting by manifest.
886 silly tarball no local data for browserslist@https://registry.npmjs.org/browserslist/-/browserslist-4.28.1.tgz. Extracting by manifest.
887 silly tarball no local data for brace-expansion@https://registry.npmjs.org/brace-expansion/-/brace-expansion-2.0.3.tgz. Extracting by manifest.
888 silly tarball no local data for baseline-browser-mapping@https://registry.npmjs.org/baseline-browser-mapping/-/baseline-browser-mapping-2.10.12.tgz. Extracting by manifest.
889 silly tarball no local data for babel-plugin-syntax-hermes-parser@https://registry.npmjs.org/babel-plugin-syntax-hermes-parser/-/babel-plugin-syntax-hermes-parser-0.29.1.tgz. Extracting by manifest.
890 silly tarball no local data for async-limiter@https://registry.npmjs.org/async-limiter/-/async-limiter-1.0.1.tgz. Extracting by manifest.
891 silly tarball no local data for any-promise@https://registry.npmjs.org/any-promise/-/any-promise-1.3.0.tgz. Extracting by manifest.
892 silly tarball no local data for @xmldom/xmldom@https://registry.npmjs.org/@xmldom/xmldom/-/xmldom-0.8.11.tgz. Extracting by manifest.
893 silly tarball no local data for @urql/core@https://registry.npmjs.org/@urql/core/-/core-5.2.0.tgz. Extracting by manifest.
894 silly tarball no local data for @urql/exchange-retry@https://registry.npmjs.org/@urql/exchange-retry/-/exchange-retry-1.3.2.tgz. Extracting by manifest.
895 silly tarball no local data for @types/hammerjs@https://registry.npmjs.org/@types/hammerjs/-/hammerjs-2.0.46.tgz. Extracting by manifest.
896 silly tarball no local data for @react-navigation/native@https://registry.npmjs.org/@react-navigation/native/-/native-7.2.2.tgz. Extracting by manifest.
897 silly tarball no local data for @react-navigation/elements@https://registry.npmjs.org/@react-navigation/elements/-/elements-2.9.14.tgz. Extracting by manifest.
898 silly tarball no local data for @react-navigation/drawer@https://registry.npmjs.org/@react-navigation/drawer/-/drawer-7.9.8.tgz. Extracting by manifest.
899 silly tarball no local data for @react-navigation/routers@https://registry.npmjs.org/@react-navigation/routers/-/routers-7.5.3.tgz. Extracting by manifest.
900 silly tarball no local data for @react-navigation/bottom-tabs@https://registry.npmjs.org/@react-navigation/bottom-tabs/-/bottom-tabs-7.15.9.tgz. Extracting by manifest.
901 silly tarball no local data for @react-native/metro-config@https://registry.npmjs.org/@react-native/metro-config/-/metro-config-0.84.1.tgz. Extracting by manifest.
902 silly tarball no local data for @react-native/js-polyfills@https://registry.npmjs.org/@react-native/js-polyfills/-/js-polyfills-0.81.5.tgz. Extracting by manifest.
903 silly tarball no local data for @react-native/normalize-colors@https://registry.npmjs.org/@react-native/normalize-colors/-/normalize-colors-0.81.5.tgz. Extracting by manifest.
904 silly tarball no local data for @react-navigation/core@https://registry.npmjs.org/@react-navigation/core/-/core-7.17.2.tgz. Extracting by manifest.
905 silly tarball no local data for @react-native/gradle-plugin@https://registry.npmjs.org/@react-native/gradle-plugin/-/gradle-plugin-0.81.5.tgz. Extracting by manifest.
906 silly tarball no local data for @react-native/dev-middleware@https://registry.npmjs.org/@react-native/dev-middleware/-/dev-middleware-0.81.5.tgz. Extracting by manifest.
907 silly tarball no local data for @react-native/metro-babel-transformer@https://registry.npmjs.org/@react-native/metro-babel-transformer/-/metro-babel-transformer-0.84.1.tgz. Extracting by manifest.
908 silly tarball no local data for @react-native/codegen@https://registry.npmjs.org/@react-native/codegen/-/codegen-0.81.5.tgz. Extracting by manifest.
909 silly tarball no local data for @react-native/babel-preset@https://registry.npmjs.org/@react-native/babel-preset/-/babel-preset-0.81.5.tgz. Extracting by manifest.
910 silly tarball no local data for @react-native/community-cli-plugin@https://registry.npmjs.org/@react-native/community-cli-plugin/-/community-cli-plugin-0.81.5.tgz. Extracting by manifest.
911 silly tarball no local data for @react-native/debugger-frontend@https://registry.npmjs.org/@react-native/debugger-frontend/-/debugger-frontend-0.81.5.tgz. Extracting by manifest.
912 silly tarball no local data for @react-native-picker/picker@https://registry.npmjs.org/@react-native-picker/picker/-/picker-2.11.1.tgz. Extracting by manifest.
913 silly tarball no local data for @react-native/babel-plugin-codegen@https://registry.npmjs.org/@react-native/babel-plugin-codegen/-/babel-plugin-codegen-0.81.5.tgz. Extracting by manifest.
914 silly tarball no local data for @react-native/assets-registry@https://registry.npmjs.org/@react-native/assets-registry/-/assets-registry-0.81.5.tgz. Extracting by manifest.
915 silly tarball no local data for @isaacs/fs-minipass@https://registry.npmjs.org/@isaacs/fs-minipass/-/fs-minipass-4.0.1.tgz. Extracting by manifest.
916 silly tarball no local data for @expo/schema-utils@https://registry.npmjs.org/@expo/schema-utils/-/schema-utils-0.1.8.tgz. Extracting by manifest.
917 silly tarball no local data for @expo/plist@https://registry.npmjs.org/@expo/plist/-/plist-0.4.8.tgz. Extracting by manifest.
918 silly tarball no local data for @expo/metro-runtime@https://registry.npmjs.org/@expo/metro-runtime/-/metro-runtime-6.1.2.tgz. Extracting by manifest.
919 silly tarball no local data for @expo/fingerprint@https://registry.npmjs.org/@expo/fingerprint/-/fingerprint-0.15.4.tgz. Extracting by manifest.
920 silly tarball no local data for @expo/env@https://registry.npmjs.org/@expo/env/-/env-2.0.11.tgz. Extracting by manifest.
921 silly tarball no local data for @expo/devtools@https://registry.npmjs.org/@expo/devtools/-/devtools-0.1.8.tgz. Extracting by manifest.
922 silly tarball no local data for @expo/config-types@https://registry.npmjs.org/@expo/config-types/-/config-types-54.0.10.tgz. Extracting by manifest.
923 silly tarball no local data for @expo/config-plugins@https://registry.npmjs.org/@expo/config-plugins/-/config-plugins-54.0.4.tgz. Extracting by manifest.
924 silly tarball no local data for @expo/config@https://registry.npmjs.org/@expo/config/-/config-12.0.13.tgz. Extracting by manifest.
925 silly tarball no local data for @egjs/hammerjs@https://registry.npmjs.org/@egjs/hammerjs/-/hammerjs-2.0.17.tgz. Extracting by manifest.
926 silly tarball no local data for @babel/plugin-transform-template-literals@https://registry.npmjs.org/@babel/plugin-transform-template-literals/-/plugin-transform-template-literals-7.27.1.tgz. Extracting by manifest.
927 silly tarball no local data for @babel/highlight@https://registry.npmjs.org/@babel/highlight/-/highlight-7.25.9.tgz. Extracting by manifest.
928 silly tarball no local data for @0no-co/graphql.web@https://registry.npmjs.org/@0no-co/graphql.web/-/graphql.web-1.2.0.tgz. Extracting by manifest.
929 silly tarball no local data for @babel/code-frame@https://registry.npmjs.org/@babel/code-frame/-/code-frame-7.10.4.tgz. Extracting by manifest.
930 silly tarball no local data for picomatch@https://registry.npmjs.org/picomatch/-/picomatch-3.0.2.tgz. Extracting by manifest.
931 silly tarball no local data for hermes-parser@https://registry.npmjs.org/hermes-parser/-/hermes-parser-0.29.1.tgz. Extracting by manifest.
932 silly tarball no local data for hermes-estree@https://registry.npmjs.org/hermes-estree/-/hermes-estree-0.29.1.tgz. Extracting by manifest.
933 silly tarball no local data for expo-keep-awake@https://registry.npmjs.org/expo-keep-awake/-/expo-keep-awake-15.0.8.tgz. Extracting by manifest.
934 silly tarball no local data for expo-font@https://registry.npmjs.org/expo-font/-/expo-font-14.0.11.tgz. Extracting by manifest.
935 silly tarball no local data for expo-file-system@https://registry.npmjs.org/expo-file-system/-/expo-file-system-19.0.21.tgz. Extracting by manifest.
936 silly tarball no local data for expo-constants@https://registry.npmjs.org/expo-constants/-/expo-constants-18.0.13.tgz. Extracting by manifest.
937 silly tarball no local data for expo-asset@https://registry.npmjs.org/expo-asset/-/expo-asset-12.0.12.tgz. Extracting by manifest.
938 silly tarball no local data for babel-preset-expo@https://registry.npmjs.org/babel-preset-expo/-/babel-preset-expo-54.0.10.tgz. Extracting by manifest.
939 silly tarball no local data for @expo/cli@https://registry.npmjs.org/@expo/cli/-/cli-54.0.23.tgz. Extracting by manifest.
940 silly tarball no local data for @expo/metro-config@https://registry.npmjs.org/@expo/metro-config/-/metro-config-54.0.14.tgz. Extracting by manifest.
941 silly tarball no local data for @expo/prebuild-config@https://registry.npmjs.org/@expo/prebuild-config/-/prebuild-config-54.0.8.tgz. Extracting by manifest.
942 silly tarball no local data for webidl-conversions@https://registry.npmjs.org/webidl-conversions/-/webidl-conversions-3.0.1.tgz. Extracting by manifest.
943 silly tarball no local data for yallist@https://registry.npmjs.org/yallist/-/yallist-5.0.0.tgz. Extracting by manifest.
944 silly tarball no local data for commander@https://registry.npmjs.org/commander/-/commander-4.1.1.tgz. Extracting by manifest.
945 silly tarball no local data for resolve@https://registry.npmjs.org/resolve/-/resolve-1.7.1.tgz. Extracting by manifest.
946 silly tarball no local data for @react-native/normalize-colors@https://registry.npmjs.org/@react-native/normalize-colors/-/normalize-colors-0.74.89.tgz. Extracting by manifest.
947 silly tarball no local data for memoize-one@https://registry.npmjs.org/memoize-one/-/memoize-one-6.0.0.tgz. Extracting by manifest.
948 silly tarball no local data for ws@https://registry.npmjs.org/ws/-/ws-6.2.3.tgz. Extracting by manifest.
949 silly tarball no local data for @react-native/virtualized-lists@https://registry.npmjs.org/@react-native/virtualized-lists/-/virtualized-lists-0.81.5.tgz. Extracting by manifest.
950 silly tarball no local data for react-is@https://registry.npmjs.org/react-is/-/react-is-16.13.1.tgz. Extracting by manifest.
951 silly tarball no local data for minimatch@https://registry.npmjs.org/minimatch/-/minimatch-10.2.4.tgz. Extracting by manifest.
952 silly tarball no local data for promise@https://registry.npmjs.org/promise/-/promise-7.3.1.tgz. Extracting by manifest.
953 silly tarball no local data for hermes-parser@https://registry.npmjs.org/hermes-parser/-/hermes-parser-0.29.1.tgz. Extracting by manifest.
954 silly tarball no local data for hermes-estree@https://registry.npmjs.org/hermes-estree/-/hermes-estree-0.29.1.tgz. Extracting by manifest.
955 silly tarball no local data for react-is@https://registry.npmjs.org/react-is/-/react-is-19.2.4.tgz. Extracting by manifest.
956 silly tarball no local data for ws@https://registry.npmjs.org/ws/-/ws-6.2.3.tgz. Extracting by manifest.
957 silly tarball no local data for @react-native/babel-preset@https://registry.npmjs.org/@react-native/babel-preset/-/babel-preset-0.84.1.tgz. Extracting by manifest.
958 silly tarball no local data for hermes-estree@https://registry.npmjs.org/hermes-estree/-/hermes-estree-0.29.1.tgz. Extracting by manifest.
959 silly tarball no local data for hermes-parser@https://registry.npmjs.org/hermes-parser/-/hermes-parser-0.29.1.tgz. Extracting by manifest.
960 silly tarball no local data for @react-native/babel-plugin-codegen@https://registry.npmjs.org/@react-native/babel-plugin-codegen/-/babel-plugin-codegen-0.84.1.tgz. Extracting by manifest.
961 http fetch POST 200 https://registry.npmjs.org/-/npm/v1/security/advisories/bulk 1214ms
962 silly audit report {
962 silly audit report   '@xmldom/xmldom': [
962 silly audit report     {
962 silly audit report       id: 1115765,
962 silly audit report       url: 'https://github.com/advisories/GHSA-wh4c-j3r5-mjhp',
962 silly audit report       title: 'xmldom: XML injection via unsafe CDATA serialization allows attacker-controlled markup insertion',
962 silly audit report       severity: 'high',
962 silly audit report       vulnerable_versions: '<0.8.12',
962 silly audit report       cwe: [Array],
962 silly audit report       cvss: [Object]
962 silly audit report     }
962 silly audit report   ]
962 silly audit report }
963 silly packumentCache corgi:https://registry.npmjs.org/@xmldom%2fxmldom cache-miss
964 warn deprecated inflight@1.0.6: This module is not supported, and leaks memory. Do not use it. Check out lru-cache if you want a good and tested way to coalesce async requests by a key value, which is much more comprehensive and powerful.
965 http fetch GET 200 https://registry.npmjs.org/strict-uri-encode/-/strict-uri-encode-2.0.0.tgz 1474ms (cache miss)
966 warn deprecated rimraf@3.0.2: Rimraf versions prior to v4 are no longer supported
967 http fetch GET 200 https://registry.npmjs.org/warn-once/-/warn-once-0.1.1.tgz 1518ms (cache miss)
968 http fetch GET 200 https://registry.npmjs.org/strip-json-comments/-/strip-json-comments-2.0.1.tgz 1514ms (cache miss)
969 http fetch GET 200 https://registry.npmjs.org/resolve.exports/-/resolve.exports-2.0.3.tgz 1510ms (cache miss)
970 http fetch GET 200 https://registry.npmjs.org/yocto-queue/-/yocto-queue-0.1.0.tgz 1545ms (cache miss)
971 http fetch GET 200 https://registry.npmjs.org/thenify-all/-/thenify-all-1.6.0.tgz 1543ms (cache miss)
972 http fetch GET 200 https://registry.npmjs.org/simple-swizzle/-/simple-swizzle-0.2.4.tgz 1540ms (cache miss)
973 warn deprecated glob@7.2.3: Old versions of glob are not supported, and contain widely publicized security vulnerabilities, which have been fixed in the current version. Please update. Support for old versions may be purchased (at exorbitant rates) by contacting i@izs.me
974 http fetch GET 200 https://registry.npmjs.org/thenify/-/thenify-3.3.1.tgz 1568ms (cache miss)
975 http fetch GET 200 https://registry.npmjs.org/split-on-first/-/split-on-first-1.1.0.tgz 1567ms (cache miss)
976 warn deprecated glob@7.2.3: Old versions of glob are not supported, and contain widely publicized security vulnerabilities, which have been fixed in the current version. Please update. Support for old versions may be purchased (at exorbitant rates) by contacting i@izs.me
977 http fetch GET 200 https://registry.npmjs.org/setimmediate/-/setimmediate-1.0.5.tgz 1567ms (cache miss)
978 warn deprecated glob@7.2.3: Old versions of glob are not supported, and contain widely publicized security vulnerabilities, which have been fixed in the current version. Please update. Support for old versions may be purchased (at exorbitant rates) by contacting i@izs.me
979 warn deprecated glob@7.2.3: Old versions of glob are not supported, and contain widely publicized security vulnerabilities, which have been fixed in the current version. Please update. Support for old versions may be purchased (at exorbitant rates) by contacting i@izs.me
980 http fetch GET 200 https://registry.npmjs.org/require-from-string/-/require-from-string-2.0.2.tgz 1580ms (cache miss)
981 http fetch GET 200 https://registry.npmjs.org/rc/-/rc-1.2.8.tgz 1643ms (cache miss)
982 http fetch GET 200 https://registry.npmjs.org/postcss-value-parser/-/postcss-value-parser-4.2.0.tgz 1681ms (cache miss)
983 http fetch GET 200 https://registry.npmjs.org/pretty-bytes/-/pretty-bytes-5.6.0.tgz 1683ms (cache miss)
984 http fetch GET 200 https://registry.npmjs.org/p-limit/-/p-limit-3.1.0.tgz 1699ms (cache miss)
985 http fetch GET 200 https://registry.npmjs.org/object-assign/-/object-assign-4.1.1.tgz 1731ms (cache miss)
986 http fetch GET 200 https://registry.npmjs.org/lines-and-columns/-/lines-and-columns-1.2.4.tgz 1729ms (cache miss)
987 http fetch GET 200 https://registry.npmjs.org/query-string/-/query-string-7.1.3.tgz 1752ms (cache miss)
988 http fetch GET 200 https://registry.npmjs.org/is-arrayish/-/is-arrayish-0.3.4.tgz 1764ms (cache miss)
989 http fetch GET 200 https://registry.npmjs.org/ini/-/ini-1.3.8.tgz 1764ms (cache miss)
990 http fetch GET 200 https://registry.npmjs.org/hyphenate-style-name/-/hyphenate-style-name-1.1.0.tgz 1764ms (cache miss)
991 http fetch GET 200 https://registry.npmjs.org/ieee754/-/ieee754-1.2.1.tgz 1766ms (cache miss)
992 http fetch GET 200 https://registry.npmjs.org/webidl-conversions/-/webidl-conversions-5.0.0.tgz 1836ms (cache miss)
993 http fetch GET 200 https://registry.npmjs.org/freeport-async/-/freeport-async-2.0.0.tgz 1822ms (cache miss)
994 http fetch GET 200 https://registry.npmjs.org/filter-obj/-/filter-obj-1.1.0.tgz 1818ms (cache miss)
995 http fetch GET 200 https://registry.npmjs.org/hoist-non-react-statics/-/hoist-non-react-statics-3.3.2.tgz 1824ms (cache miss)
996 http fetch GET 200 https://registry.npmjs.org/expo-status-bar/-/expo-status-bar-3.0.9.tgz 1828ms (cache miss)
997 http fetch GET 200 https://registry.npmjs.org/fbjs-css-vars/-/fbjs-css-vars-1.0.2.tgz 1830ms (cache miss)
998 http fetch GET 200 https://registry.npmjs.org/punycode/-/punycode-2.3.1.tgz 1865ms (cache miss)
999 http fetch GET 200 https://registry.npmjs.org/use-latest-callback/-/use-latest-callback-0.2.6.tgz 1893ms (cache miss)
1000 http fetch GET 200 https://registry.npmjs.org/fast-deep-equal/-/fast-deep-equal-3.1.3.tgz 1863ms (cache miss)
1001 http fetch GET 200 https://registry.npmjs.org/env-editor/-/env-editor-0.4.2.tgz 1864ms (cache miss)
1002 http fetch GET 200 https://registry.npmjs.org/dotenv-expand/-/dotenv-expand-11.0.7.tgz 1862ms (cache miss)
1003 http fetch GET 200 https://registry.npmjs.org/deep-extend/-/deep-extend-0.6.0.tgz 1879ms (cache miss)
1004 http fetch GET 200 https://registry.npmjs.org/nested-error-stacks/-/nested-error-stacks-2.0.1.tgz 1920ms (cache miss)
1005 http fetch GET 200 https://registry.npmjs.org/decode-uri-component/-/decode-uri-component-0.2.2.tgz 1904ms (cache miss)
1006 http fetch GET 200 https://registry.npmjs.org/color/-/color-4.2.3.tgz 1915ms (cache miss)
1007 http fetch GET 200 https://registry.npmjs.org/babel-plugin-syntax-hermes-parser/-/babel-plugin-syntax-hermes-parser-0.29.1.tgz 1922ms (cache miss)
1008 http fetch GET 200 https://registry.npmjs.org/brace-expansion/-/brace-expansion-2.0.3.tgz 1930ms (cache miss)
1009 http fetch GET 200 https://registry.npmjs.org/any-promise/-/any-promise-1.3.0.tgz 1928ms (cache miss)
1010 http fetch GET 200 https://registry.npmjs.org/async-limiter/-/async-limiter-1.0.1.tgz 1930ms (cache miss)
1011 http fetch GET 200 https://registry.npmjs.org/@types/hammerjs/-/hammerjs-2.0.46.tgz 1933ms (cache miss)
1012 http fetch GET 200 https://registry.npmjs.org/color-string/-/color-string-1.9.1.tgz 1952ms (cache miss)
1013 http fetch GET 200 https://registry.npmjs.org/@react-native/normalize-colors/-/normalize-colors-0.81.5.tgz 1951ms (cache miss)
1014 http fetch GET 200 https://registry.npmjs.org/@react-native/js-polyfills/-/js-polyfills-0.81.5.tgz 1953ms (cache miss)
1015 http fetch GET 200 https://registry.npmjs.org/@react-native/assets-registry/-/assets-registry-0.81.5.tgz 2044ms (cache miss)
1016 http fetch GET 200 https://registry.npmjs.org/@urql/exchange-retry/-/exchange-retry-1.3.2.tgz 2052ms (cache miss)
1017 http fetch GET 200 https://registry.npmjs.org/@expo/plist/-/plist-0.4.8.tgz 2044ms (cache miss)
1018 http fetch GET 200 https://registry.npmjs.org/@react-native/metro-config/-/metro-config-0.84.1.tgz 2072ms (cache miss)
1019 http fetch GET 200 https://registry.npmjs.org/@react-native/metro-babel-transformer/-/metro-babel-transformer-0.84.1.tgz 2072ms (cache miss)
1020 http fetch GET 200 https://registry.npmjs.org/styleq/-/styleq-0.1.3.tgz 2159ms (cache miss)
1021 http fetch GET 200 https://registry.npmjs.org/node-fetch/-/node-fetch-2.7.0.tgz 2151ms (cache miss)
1022 http fetch GET 200 https://registry.npmjs.org/whatwg-url/-/whatwg-url-5.0.0.tgz 2176ms (cache miss)
1023 http fetch GET 200 https://registry.npmjs.org/ts-interface-checker/-/ts-interface-checker-0.1.13.tgz 2173ms (cache miss)
1024 http fetch GET 200 https://registry.npmjs.org/sf-symbols-typescript/-/sf-symbols-typescript-2.2.0.tgz 2184ms (cache miss)
1025 http fetch GET 200 https://registry.npmjs.org/@babel/plugin-transform-template-literals/-/plugin-transform-template-literals-7.27.1.tgz 2144ms (cache miss)
1026 http fetch GET 200 https://registry.npmjs.org/mz/-/mz-2.7.0.tgz 2191ms (cache miss)
1027 http fetch GET 200 https://registry.npmjs.org/react-freeze/-/react-freeze-1.0.4.tgz 2210ms (cache miss)
1028 http fetch GET 200 https://registry.npmjs.org/buffer/-/buffer-5.7.1.tgz 2186ms (cache miss)
1029 http fetch GET 200 https://registry.npmjs.org/@react-native/babel-plugin-codegen/-/babel-plugin-codegen-0.81.5.tgz 2196ms (cache miss)
1030 http fetch GET 200 https://registry.npmjs.org/@babel/code-frame/-/code-frame-7.10.4.tgz 2208ms (cache miss)
1031 http fetch GET 200 https://registry.npmjs.org/@expo/env/-/env-2.0.11.tgz 2247ms (cache miss)
1032 http fetch GET 200 https://registry.npmjs.org/@expo/config-types/-/config-types-54.0.10.tgz 2246ms (cache miss)
1033 http fetch GET 200 https://registry.npmjs.org/browserslist/-/browserslist-4.28.1.tgz 2294ms (cache miss)
1034 http fetch GET 200 https://registry.npmjs.org/baseline-browser-mapping/-/baseline-browser-mapping-2.10.12.tgz 2352ms (cache miss)
1035 http fetch GET 200 https://registry.npmjs.org/ua-parser-js/-/ua-parser-js-1.0.41.tgz 2419ms (cache miss)
1036 http fetch GET 200 https://registry.npmjs.org/dotenv/-/dotenv-16.4.7.tgz 2387ms (cache miss)
1037 http fetch GET 200 https://registry.npmjs.org/tr46/-/tr46-0.0.3.tgz 2434ms (cache miss)
1038 http fetch GET 200 https://registry.npmjs.org/@react-native/babel-preset/-/babel-preset-0.81.5.tgz 2385ms (cache miss)
1039 http fetch GET 200 https://registry.npmjs.org/webidl-conversions/-/webidl-conversions-3.0.1.tgz 2372ms (cache miss)
1040 http fetch GET 200 https://registry.npmjs.org/react-native-is-edge-to-edge/-/react-native-is-edge-to-edge-1.3.1.tgz 2430ms (cache miss)
1041 http fetch GET 200 https://registry.npmjs.org/whatwg-url-without-unicode/-/whatwg-url-without-unicode-8.0.0-3.tgz 2476ms (cache miss)
1042 http fetch GET 200 https://registry.npmjs.org/electron-to-chromium/-/electron-to-chromium-1.5.328.tgz 2448ms (cache miss)
1043 http fetch GET 200 https://registry.npmjs.org/@babel/highlight/-/highlight-7.25.9.tgz 2425ms (cache miss)
1044 http fetch GET 200 https://registry.npmjs.org/requireg/-/requireg-0.2.2.tgz 2489ms (cache miss)
1045 http fetch GET 200 https://registry.npmjs.org/@react-native/normalize-colors/-/normalize-colors-0.74.89.tgz 2455ms (cache miss)
1046 http fetch GET 200 https://registry.npmjs.org/scheduler/-/scheduler-0.26.0.tgz 2526ms (cache miss)
1047 http fetch GET 200 https://registry.npmjs.org/react-is/-/react-is-16.13.1.tgz 2475ms (cache miss)
1048 http fetch GET 200 https://registry.npmjs.org/commander/-/commander-4.1.1.tgz 2532ms (cache miss)
1049 http fetch GET 200 https://registry.npmjs.org/react-is/-/react-is-19.2.4.tgz 2529ms (cache miss)
1050 http fetch GET 200 https://registry.npmjs.org/cross-fetch/-/cross-fetch-3.2.0.tgz 2565ms (cache miss)
1051 http fetch GET 200 https://registry.npmjs.org/lan-network/-/lan-network-0.1.7.tgz 2617ms (cache miss)
1052 http fetch GET 200 https://registry.npmjs.org/picomatch/-/picomatch-3.0.2.tgz 2584ms (cache miss)
1053 http fetch GET 200 https://registry.npmjs.org/use-sync-external-store/-/use-sync-external-store-1.6.0.tgz 2658ms (cache miss)
1054 http fetch GET 200 https://registry.npmjs.org/@xmldom/xmldom/-/xmldom-0.8.11.tgz 2612ms (cache miss)
1055 http fetch GET 200 https://registry.npmjs.org/@0no-co/graphql.web/-/graphql.web-1.2.0.tgz 2607ms (cache miss)
1056 http fetch GET 200 https://registry.npmjs.org/@xmldom%2fxmldom 1715ms (cache miss)
1057 silly packumentCache corgi:https://registry.npmjs.org/@xmldom%2fxmldom set size:undefined disposed:false
1058 http fetch GET 200 https://registry.npmjs.org/chownr/-/chownr-3.0.0.tgz 2688ms (cache miss)
1059 http fetch GET 200 https://registry.npmjs.org/@react-native/babel-preset/-/babel-preset-0.84.1.tgz 2678ms (cache miss)
1060 http fetch GET 200 https://registry.npmjs.org/@react-native/babel-plugin-codegen/-/babel-plugin-codegen-0.84.1.tgz 2720ms (cache miss)
1061 silly packumentCache corgi:https://registry.npmjs.org/@expo%2fplist cache-miss
1062 silly packumentCache corgi:https://registry.npmjs.org/plist cache-miss
1063 http fetch GET 200 https://registry.npmjs.org/@expo/schema-utils/-/schema-utils-0.1.8.tgz 2781ms (cache miss)
1064 http fetch GET 200 https://registry.npmjs.org/@isaacs/fs-minipass/-/fs-minipass-4.0.1.tgz 2786ms (cache miss)
1065 http fetch GET 200 https://registry.npmjs.org/memoize-one/-/memoize-one-6.0.0.tgz 2850ms (cache miss)
1066 http fetch GET 200 https://registry.npmjs.org/minimist/-/minimist-1.2.8.tgz 2924ms (cache miss)
1067 http fetch GET 200 https://registry.npmjs.org/@urql/core/-/core-5.2.0.tgz 2951ms (cache miss)
1068 http fetch GET 200 https://registry.npmjs.org/yallist/-/yallist-5.0.0.tgz 2946ms (cache miss)
1069 http fetch GET 200 https://registry.npmjs.org/ws/-/ws-6.2.3.tgz 2945ms (cache miss)
1070 http fetch GET 200 https://registry.npmjs.org/plist 260ms (cache miss)
1071 silly packumentCache corgi:https://registry.npmjs.org/plist set size:undefined disposed:false
1072 http fetch GET 200 https://registry.npmjs.org/ws/-/ws-6.2.3.tgz 3004ms (cache miss)
1073 http fetch GET 200 https://registry.npmjs.org/@expo%2fplist 322ms (cache miss)
1074 silly packumentCache corgi:https://registry.npmjs.org/@expo%2fplist set size:undefined disposed:false
1075 http fetch GET 200 https://registry.npmjs.org/minizlib/-/minizlib-3.1.0.tgz 3122ms (cache miss)
1076 http fetch GET 200 https://registry.npmjs.org/react/-/react-19.1.0.tgz 3143ms (cache miss)
1077 http fetch GET 200 https://registry.npmjs.org/qrcode-terminal/-/qrcode-terminal-0.11.0.tgz 3145ms (cache miss)
1078 http fetch GET 200 https://registry.npmjs.org/hermes-estree/-/hermes-estree-0.29.1.tgz 3181ms (cache miss)
1079 http fetch GET 200 https://registry.npmjs.org/hermes-estree/-/hermes-estree-0.29.1.tgz 3281ms (cache miss)
1080 http fetch GET 200 https://registry.npmjs.org/wonka/-/wonka-6.3.6.tgz 3370ms (cache miss)
1081 http fetch GET 200 https://registry.npmjs.org/hermes-estree/-/hermes-estree-0.29.1.tgz 3300ms (cache miss)
1082 http fetch GET 200 https://registry.npmjs.org/@react-native/virtualized-lists/-/virtualized-lists-0.81.5.tgz 3462ms (cache miss)
1083 http fetch GET 200 https://registry.npmjs.org/babel-preset-expo/-/babel-preset-expo-54.0.10.tgz 3477ms (cache miss)
1084 http fetch GET 200 https://registry.npmjs.org/css-in-js-utils/-/css-in-js-utils-3.1.0.tgz 3618ms (cache miss)
1085 http fetch GET 200 https://registry.npmjs.org/promise/-/promise-7.3.1.tgz 3607ms (cache miss)
1086 http fetch GET 200 https://registry.npmjs.org/expo-constants/-/expo-constants-18.0.13.tgz 3906ms (cache miss)
1087 http fetch GET 200 https://registry.npmjs.org/@expo/config/-/config-12.0.13.tgz 3939ms (cache miss)
1088 http fetch GET 200 https://registry.npmjs.org/@expo/devtools/-/devtools-0.1.8.tgz 3982ms (cache miss)
1089 http fetch GET 200 https://registry.npmjs.org/@react-navigation/routers/-/routers-7.5.3.tgz 4009ms (cache miss)
1090 http fetch GET 200 https://registry.npmjs.org/@react-native/community-cli-plugin/-/community-cli-plugin-0.81.5.tgz 4009ms (cache miss)
1091 http fetch GET 200 https://registry.npmjs.org/minimatch/-/minimatch-9.0.9.tgz 4078ms (cache miss)
1092 http fetch GET 200 https://registry.npmjs.org/inline-style-prefixer/-/inline-style-prefixer-7.0.1.tgz 4092ms (cache miss)
1093 http fetch GET 200 https://registry.npmjs.org/minimatch/-/minimatch-10.2.4.tgz 4182ms (cache miss)
1094 http fetch GET 200 https://registry.npmjs.org/@react-native/dev-middleware/-/dev-middleware-0.81.5.tgz 4214ms (cache miss)
1095 http fetch GET 200 https://registry.npmjs.org/expo-keep-awake/-/expo-keep-awake-15.0.8.tgz 4430ms (cache miss)
1096 http fetch GET 200 https://registry.npmjs.org/resolve/-/resolve-1.7.1.tgz 4429ms (cache miss)
1097 http fetch GET 200 https://registry.npmjs.org/react-dom/-/react-dom-19.1.0.tgz 4612ms (cache miss)
1098 http fetch GET 200 https://registry.npmjs.org/hermes-parser/-/hermes-parser-0.29.1.tgz 4738ms (cache miss)
1099 http fetch GET 200 https://registry.npmjs.org/@expo/fingerprint/-/fingerprint-0.15.4.tgz 4753ms (cache miss)
1100 http fetch GET 200 https://registry.npmjs.org/react-native-drawer-layout/-/react-native-drawer-layout-4.2.2.tgz 4835ms (cache miss)
1101 http fetch GET 200 https://registry.npmjs.org/hermes-parser/-/hermes-parser-0.29.1.tgz 4777ms (cache miss)
1102 http fetch GET 200 https://registry.npmjs.org/hermes-parser/-/hermes-parser-0.29.1.tgz 4781ms (cache miss)
1103 http fetch GET 200 https://registry.npmjs.org/@egjs/hammerjs/-/hammerjs-2.0.17.tgz 4998ms (cache miss)
1104 http fetch GET 200 https://registry.npmjs.org/@react-navigation/drawer/-/drawer-7.9.8.tgz 5268ms (cache miss)
1105 http fetch GET 200 https://registry.npmjs.org/expo-font/-/expo-font-14.0.11.tgz 5376ms (cache miss)
1106 http fetch GET 200 https://registry.npmjs.org/expo-asset/-/expo-asset-12.0.12.tgz 5502ms (cache miss)
1107 http fetch GET 200 https://registry.npmjs.org/@expo/metro-config/-/metro-config-54.0.14.tgz 5753ms (cache miss)
1108 http fetch GET 200 https://registry.npmjs.org/@react-navigation/native/-/native-7.2.2.tgz 5792ms (cache miss)
1109 http fetch GET 200 https://registry.npmjs.org/@react-navigation/bottom-tabs/-/bottom-tabs-7.15.9.tgz 5946ms (cache miss)
1110 http fetch GET 200 https://registry.npmjs.org/@expo/metro-runtime/-/metro-runtime-6.1.2.tgz 5965ms (cache miss)
1111 http fetch GET 200 https://registry.npmjs.org/fbjs/-/fbjs-3.0.5.tgz 6006ms (cache miss)
1112 http fetch GET 200 https://registry.npmjs.org/@react-native/gradle-plugin/-/gradle-plugin-0.81.5.tgz 5994ms (cache miss)
1113 http fetch GET 200 https://registry.npmjs.org/undici/-/undici-6.24.1.tgz 6056ms (cache miss)
1114 http fetch GET 200 https://registry.npmjs.org/expo-server/-/expo-server-1.0.5.tgz 6404ms (cache miss)
1115 http fetch GET 200 https://registry.npmjs.org/react-native-safe-area-context/-/react-native-safe-area-context-5.6.2.tgz 6540ms (cache miss)
1116 http fetch GET 200 https://registry.npmjs.org/expo-file-system/-/expo-file-system-19.0.21.tgz 6501ms (cache miss)
1117 http fetch GET 200 https://registry.npmjs.org/@react-native-picker/picker/-/picker-2.11.1.tgz 6599ms (cache miss)
1118 http fetch GET 200 https://registry.npmjs.org/@react-native/codegen/-/codegen-0.81.5.tgz 6617ms (cache miss)
1119 http fetch GET 200 https://registry.npmjs.org/@expo/prebuild-config/-/prebuild-config-54.0.8.tgz 6610ms (cache miss)
1120 http fetch GET 200 https://registry.npmjs.org/sucrase/-/sucrase-3.35.1.tgz 6698ms (cache miss)
1121 http fetch GET 200 https://registry.npmjs.org/expo-modules-autolinking/-/expo-modules-autolinking-3.0.24.tgz 6741ms (cache miss)
1122 http fetch GET 200 https://registry.npmjs.org/@react-navigation/elements/-/elements-2.9.14.tgz 6823ms (cache miss)
1123 http fetch GET 200 https://registry.npmjs.org/tar/-/tar-7.5.13.tgz 6872ms (cache miss)
1124 http fetch GET 200 https://registry.npmjs.org/@expo/config-plugins/-/config-plugins-54.0.4.tgz 6874ms (cache miss)
1125 http fetch GET 200 https://registry.npmjs.org/expo/-/expo-54.0.33.tgz 7407ms (cache miss)
1126 http fetch GET 200 https://registry.npmjs.org/@react-navigation/core/-/core-7.17.2.tgz 7383ms (cache miss)
1127 http fetch GET 200 https://registry.npmjs.org/react-native-worklets/-/react-native-worklets-0.8.1.tgz 8014ms (cache miss)
1128 http fetch GET 200 https://registry.npmjs.org/caniuse-lite/-/caniuse-lite-1.0.30001781.tgz 9025ms (cache miss)
1129 http fetch GET 200 https://registry.npmjs.org/react-native-web/-/react-native-web-0.21.2.tgz 11311ms (cache miss)
1130 http fetch GET 200 https://registry.npmjs.org/expo-modules-core/-/expo-modules-core-3.0.29.tgz 12121ms (cache miss)
1131 http fetch GET 200 https://registry.npmjs.org/@expo/cli/-/cli-54.0.23.tgz 12566ms (cache miss)
1132 http fetch GET 200 https://registry.npmjs.org/@react-native/debugger-frontend/-/debugger-frontend-0.81.5.tgz 12699ms (cache miss)
1133 http fetch GET 200 https://registry.npmjs.org/react-native-screens/-/react-native-screens-4.16.0.tgz 12867ms (cache miss)
1134 http fetch GET 200 https://registry.npmjs.org/react-native-gesture-handler/-/react-native-gesture-handler-2.28.0.tgz 13083ms (cache miss)
1135 http fetch GET 200 https://registry.npmjs.org/react-native-reanimated/-/react-native-reanimated-4.3.0.tgz 15821ms (cache miss)
1136 http fetch GET 200 https://registry.npmjs.org/react-native/-/react-native-0.81.5.tgz 27694ms (cache miss)
1137 silly ADD node_modules/expo
1138 silly ADD node_modules/expo/node_modules/ws
1139 silly ADD node_modules/expo/node_modules/supports-color
1140 silly ADD node_modules/expo/node_modules/picomatch
1141 silly ADD node_modules/expo/node_modules/hermes-parser
1142 silly ADD node_modules/expo/node_modules/hermes-estree
1143 silly ADD node_modules/expo/node_modules/has-flag
1144 silly ADD node_modules/expo/node_modules/expo-keep-awake
1145 silly ADD node_modules/expo/node_modules/expo-font
1146 silly ADD node_modules/expo/node_modules/expo-file-system
1147 silly ADD node_modules/expo/node_modules/expo-constants
1148 silly ADD node_modules/expo/node_modules/expo-asset
1149 silly ADD node_modules/expo/node_modules/color-name
1150 silly ADD node_modules/expo/node_modules/color-convert
1151 silly ADD node_modules/expo/node_modules/ci-info
1152 silly ADD node_modules/expo/node_modules/chalk
1153 silly ADD node_modules/expo/node_modules/babel-preset-expo
1154 silly ADD node_modules/expo/node_modules/ansi-styles
1155 silly ADD node_modules/expo/node_modules/@expo/vector-icons
1156 silly ADD node_modules/expo/node_modules/@expo/metro-config
1157 silly ADD node_modules/expo/node_modules/@expo/cli
1158 silly ADD node_modules/expo/node_modules/@expo/cli/node_modules/@expo/prebuild-config
1159 silly ADD node_modules/expo/node_modules/@babel/code-frame
1160 silly ADD node_modules/yocto-queue
1161 silly ADD node_modules/yargs-parser
1162 silly ADD node_modules/yargs
1163 silly ADD node_modules/yaml
1164 silly ADD node_modules/yallist
1165 silly ADD node_modules/y18n
1166 silly ADD node_modules/xmlbuilder
1167 silly ADD node_modules/xml2js
1168 silly ADD node_modules/xml2js/node_modules/xmlbuilder
1169 silly ADD node_modules/xcode
1170 silly ADD node_modules/ws
1171 silly ADD node_modules/write-file-atomic
1172 silly ADD node_modules/wrappy
1173 silly ADD node_modules/wrap-ansi
1174 silly ADD node_modules/wrap-ansi/node_modules/color-name
1175 silly ADD node_modules/wrap-ansi/node_modules/color-convert
1176 silly ADD node_modules/wrap-ansi/node_modules/ansi-styles
1177 silly ADD node_modules/wonka
1178 silly ADD node_modules/which
1179 silly ADD node_modules/whatwg-url-without-unicode
1180 silly ADD node_modules/whatwg-url
1181 silly ADD node_modules/whatwg-url/node_modules/webidl-conversions
1182 silly ADD node_modules/whatwg-fetch
1183 silly ADD node_modules/webidl-conversions
1184 silly ADD node_modules/wcwidth
1185 silly ADD node_modules/warn-once
1186 silly ADD node_modules/walker
1187 silly ADD node_modules/vlq
1188 silly ADD node_modules/vary
1189 silly ADD node_modules/validate-npm-package-name
1190 silly ADD node_modules/uuid
1191 silly ADD node_modules/utils-merge
1192 silly ADD node_modules/use-sync-external-store
1193 silly ADD node_modules/use-latest-callback
1194 silly ADD node_modules/update-browserslist-db
1195 silly ADD node_modules/unpipe
1196 silly ADD node_modules/unicode-property-aliases-ecmascript
1197 silly ADD node_modules/unicode-match-property-value-ecmascript
1198 silly ADD node_modules/unicode-match-property-ecmascript
1199 silly ADD node_modules/unicode-canonical-property-names-ecmascript
1200 silly ADD node_modules/undici-types
1201 silly ADD node_modules/undici
1202 silly ADD node_modules/ua-parser-js
1203 silly ADD node_modules/type-fest
1204 silly ADD node_modules/type-detect
1205 silly ADD node_modules/ts-interface-checker
1206 silly ADD node_modules/tr46
1207 silly ADD node_modules/toidentifier
1208 silly ADD node_modules/to-regex-range
1209 silly ADD node_modules/tmpl
1210 silly ADD node_modules/tinyglobby
1211 silly ADD node_modules/tinyglobby/node_modules/picomatch
1212 silly ADD node_modules/tinyglobby/node_modules/fdir
1213 silly ADD node_modules/throat
1214 silly ADD node_modules/thenify-all
1215 silly ADD node_modules/thenify
1216 silly ADD node_modules/test-exclude
1217 silly ADD node_modules/test-exclude/node_modules/minimatch
1218 silly ADD node_modules/test-exclude/node_modules/glob
1219 silly ADD node_modules/test-exclude/node_modules/brace-expansion
1220 silly ADD node_modules/terser
1221 silly ADD node_modules/terser/node_modules/commander
1222 silly ADD node_modules/terminal-link
1223 silly ADD node_modules/tar
1224 silly ADD node_modules/tar/node_modules/yallist
1225 silly ADD node_modules/supports-preserve-symlinks-flag
1226 silly ADD node_modules/supports-hyperlinks
1227 silly ADD node_modules/supports-hyperlinks/node_modules/supports-color
1228 silly ADD node_modules/supports-hyperlinks/node_modules/has-flag
1229 silly ADD node_modules/supports-color
1230 silly ADD node_modules/sucrase
1231 silly ADD node_modules/sucrase/node_modules/commander
1232 silly ADD node_modules/styleq
1233 silly ADD node_modules/structured-headers
1234 silly ADD node_modules/strip-json-comments
1235 silly ADD node_modules/strip-ansi
1236 silly ADD node_modules/string-width
1237 silly ADD node_modules/strict-uri-encode
1238 silly ADD node_modules/stream-buffers
1239 silly ADD node_modules/statuses
1240 silly ADD node_modules/stacktrace-parser
1241 silly ADD node_modules/stackframe
1242 silly ADD node_modules/stack-utils
1243 silly ADD node_modules/stack-utils/node_modules/escape-string-regexp
1244 silly ADD node_modules/sprintf-js
1245 silly ADD node_modules/split-on-first
1246 silly ADD node_modules/source-map-support
1247 silly ADD node_modules/source-map-support/node_modules/source-map
1248 silly ADD node_modules/source-map-js
1249 silly ADD node_modules/source-map
1250 silly ADD node_modules/slugify
1251 silly ADD node_modules/slash
1252 silly ADD node_modules/sisteransi
1253 silly ADD node_modules/simple-swizzle
1254 silly ADD node_modules/simple-plist
1255 silly ADD node_modules/signal-exit
1256 silly ADD node_modules/shell-quote
1257 silly ADD node_modules/shebang-regex
1258 silly ADD node_modules/shebang-command
1259 silly ADD node_modules/sf-symbols-typescript
1260 silly ADD node_modules/setprototypeof
1261 silly ADD node_modules/setimmediate
1262 silly ADD node_modules/serve-static
1263 silly ADD node_modules/serve-static/node_modules/encodeurl
1264 silly ADD node_modules/serialize-error
1265 silly ADD node_modules/send
1266 silly ADD node_modules/send/node_modules/statuses
1267 silly ADD node_modules/send/node_modules/on-finished
1268 silly ADD node_modules/send/node_modules/encodeurl
1269 silly ADD node_modules/send/node_modules/debug
1270 silly ADD node_modules/send/node_modules/debug/node_modules/ms
1271 silly ADD node_modules/semver
1272 silly ADD node_modules/scheduler
1273 silly ADD node_modules/sax
1274 silly ADD node_modules/safe-buffer
1275 silly ADD node_modules/rimraf
1276 silly ADD node_modules/rimraf/node_modules/minimatch
1277 silly ADD node_modules/rimraf/node_modules/glob
1278 silly ADD node_modules/rimraf/node_modules/brace-expansion
1279 silly ADD node_modules/restore-cursor
1280 silly ADD node_modules/resolve.exports
1281 silly ADD node_modules/resolve-workspace-root
1282 silly ADD node_modules/resolve-from
1283 silly ADD node_modules/resolve
1284 silly ADD node_modules/requireg
1285 silly ADD node_modules/requireg/node_modules/resolve
1286 silly ADD node_modules/require-from-string
1287 silly ADD node_modules/require-directory
1288 silly ADD node_modules/regjsparser
1289 silly ADD node_modules/regjsgen
1290 silly ADD node_modules/regexpu-core
1291 silly ADD node_modules/regenerator-runtime
1292 silly ADD node_modules/regenerate-unicode-properties
1293 silly ADD node_modules/regenerate
1294 silly ADD node_modules/react-refresh
1295 silly ADD node_modules/react-native-worklets
1296 silly ADD node_modules/react-native-web
1297 silly ADD node_modules/react-native-web/node_modules/memoize-one
1298 silly ADD node_modules/react-native-web/node_modules/@react-native/normalize-colors
1299 silly ADD node_modules/react-native-screens
1300 silly ADD node_modules/react-native-safe-area-context
1301 silly ADD node_modules/react-native-reanimated
1302 silly ADD node_modules/react-native-is-edge-to-edge
1303 silly ADD node_modules/react-native-gesture-handler
1304 silly ADD node_modules/react-native-drawer-layout
1305 silly ADD node_modules/react-native
1306 silly ADD node_modules/react-native/node_modules/ws
1307 silly ADD node_modules/react-native/node_modules/minimatch
1308 silly ADD node_modules/react-native/node_modules/glob
1309 silly ADD node_modules/react-native/node_modules/commander
1310 silly ADD node_modules/react-native/node_modules/brace-expansion
1311 silly ADD node_modules/react-native/node_modules/@react-native/virtualized-lists
1312 silly ADD node_modules/react-is
1313 silly ADD node_modules/react-freeze
1314 silly ADD node_modules/react-dom
1315 silly ADD node_modules/react-devtools-core
1316 silly ADD node_modules/react
1317 silly ADD node_modules/rc
1318 silly ADD node_modules/range-parser
1319 silly ADD node_modules/queue
1320 silly ADD node_modules/query-string
1321 silly ADD node_modules/qrcode-terminal
1322 silly ADD node_modules/punycode
1323 silly ADD node_modules/prompts
1324 silly ADD node_modules/promise
1325 silly ADD node_modules/progress
1326 silly ADD node_modules/proc-log
1327 silly ADD node_modules/pretty-format
1328 silly ADD node_modules/pretty-format/node_modules/ansi-styles
1329 silly ADD node_modules/pretty-bytes
1330 silly ADD node_modules/postcss-value-parser
1331 silly ADD node_modules/postcss
1332 silly ADD node_modules/pngjs
1333 silly ADD node_modules/plist
1334 silly ADD node_modules/pirates
1335 silly ADD node_modules/picomatch
1336 silly ADD node_modules/picocolors
1337 silly ADD node_modules/path-scurry
1338 silly ADD node_modules/path-scurry/node_modules/lru-cache
1339 silly ADD node_modules/path-parse
1340 silly ADD node_modules/path-key
1341 silly ADD node_modules/path-is-absolute
1342 silly ADD node_modules/path-exists
1343 silly ADD node_modules/parseurl
1344 silly ADD node_modules/parse-png
1345 silly ADD node_modules/p-try
1346 silly ADD node_modules/p-locate
1347 silly ADD node_modules/p-locate/node_modules/p-limit
1348 silly ADD node_modules/p-limit
1349 silly ADD node_modules/ora
1350 silly ADD node_modules/ora/node_modules/strip-ansi
1351 silly ADD node_modules/ora/node_modules/ansi-regex
1352 silly ADD node_modules/open
1353 silly ADD node_modules/onetime
1354 silly ADD node_modules/once
1355 silly ADD node_modules/on-headers
1356 silly ADD node_modules/on-finished
1357 silly ADD node_modules/object-assign
1358 silly ADD node_modules/ob1
1359 silly ADD node_modules/nullthrows
1360 silly ADD node_modules/npm-package-arg
1361 silly ADD node_modules/normalize-path
1362 silly ADD node_modules/node-releases
1363 silly ADD node_modules/node-int64
1364 silly ADD node_modules/node-forge
1365 silly ADD node_modules/node-fetch
1366 silly ADD node_modules/nested-error-stacks
1367 silly ADD node_modules/negotiator
1368 silly ADD node_modules/nanoid
1369 silly ADD node_modules/mz
1370 silly ADD node_modules/ms
1371 silly ADD node_modules/mkdirp
1372 silly ADD node_modules/minizlib
1373 silly ADD node_modules/minipass
1374 silly ADD node_modules/minimist
1375 silly ADD node_modules/minimatch
1376 silly ADD node_modules/mimic-fn
1377 silly ADD node_modules/mime-types
1378 silly ADD node_modules/mime-db
1379 silly ADD node_modules/mime
1380 silly ADD node_modules/micromatch
1381 silly ADD node_modules/metro-transform-worker
1382 silly ADD node_modules/metro-transform-plugins
1383 silly ADD node_modules/metro-symbolicate
1384 silly ADD node_modules/metro-source-map
1385 silly ADD node_modules/metro-runtime
1386 silly ADD node_modules/metro-resolver
1387 silly ADD node_modules/metro-minify-terser
1388 silly ADD node_modules/metro-file-map
1389 silly ADD node_modules/metro-core
1390 silly ADD node_modules/metro-config
1391 silly ADD node_modules/metro-cache-key
1392 silly ADD node_modules/metro-cache
1393 silly ADD node_modules/metro-babel-transformer
1394 silly ADD node_modules/metro
1395 silly ADD node_modules/metro/node_modules/supports-color
1396 silly ADD node_modules/metro/node_modules/has-flag
1397 silly ADD node_modules/metro/node_modules/color-name
1398 silly ADD node_modules/metro/node_modules/color-convert
1399 silly ADD node_modules/metro/node_modules/chalk
1400 silly ADD node_modules/metro/node_modules/ansi-styles
1401 silly ADD node_modules/metro/node_modules/@babel/code-frame
1402 silly ADD node_modules/merge-stream
1403 silly ADD node_modules/memoize-one
1404 silly ADD node_modules/marky
1405 silly ADD node_modules/makeerror
1406 silly ADD node_modules/lru-cache
1407 silly ADD node_modules/loose-envify
1408 silly ADD node_modules/log-symbols
1409 silly ADD node_modules/lodash.throttle
1410 silly ADD node_modules/lodash.debounce
1411 silly ADD node_modules/locate-path
1412 silly ADD node_modules/lines-and-columns
1413 silly ADD node_modules/lightningcss-win32-x64-msvc
1414 silly ADD node_modules/lightningcss
1415 silly ADD node_modules/lighthouse-logger
1416 silly ADD node_modules/lighthouse-logger/node_modules/ms
1417 silly ADD node_modules/lighthouse-logger/node_modules/debug
1418 silly ADD node_modules/leven
1419 silly ADD node_modules/lan-network
1420 silly ADD node_modules/kleur
1421 silly ADD node_modules/json5
1422 silly ADD node_modules/jsesc
1423 silly ADD node_modules/jsc-safe-url
1424 silly ADD node_modules/js-yaml
1425 silly ADD node_modules/js-tokens
1426 silly ADD node_modules/jimp-compact
1427 silly ADD node_modules/jest-worker
1428 silly ADD node_modules/jest-worker/node_modules/supports-color
1429 silly ADD node_modules/jest-worker/node_modules/has-flag
1430 silly ADD node_modules/jest-validate
1431 silly ADD node_modules/jest-validate/node_modules/supports-color
1432 silly ADD node_modules/jest-validate/node_modules/has-flag
1433 silly ADD node_modules/jest-validate/node_modules/color-name
1434 silly ADD node_modules/jest-validate/node_modules/color-convert
1435 silly ADD node_modules/jest-validate/node_modules/chalk
1436 silly ADD node_modules/jest-validate/node_modules/ansi-styles
1437 silly ADD node_modules/jest-util
1438 silly ADD node_modules/jest-util/node_modules/supports-color
1439 silly ADD node_modules/jest-util/node_modules/has-flag
1440 silly ADD node_modules/jest-util/node_modules/color-name
1441 silly ADD node_modules/jest-util/node_modules/color-convert
1442 silly ADD node_modules/jest-util/node_modules/ci-info
1443 silly ADD node_modules/jest-util/node_modules/chalk
1444 silly ADD node_modules/jest-util/node_modules/ansi-styles
1445 silly ADD node_modules/jest-regex-util
1446 silly ADD node_modules/jest-mock
1447 silly ADD node_modules/jest-message-util
1448 silly ADD node_modules/jest-message-util/node_modules/supports-color
1449 silly ADD node_modules/jest-message-util/node_modules/has-flag
1450 silly ADD node_modules/jest-message-util/node_modules/color-name
1451 silly ADD node_modules/jest-message-util/node_modules/color-convert
1452 silly ADD node_modules/jest-message-util/node_modules/chalk
1453 silly ADD node_modules/jest-message-util/node_modules/ansi-styles
1454 silly ADD node_modules/jest-message-util/node_modules/@babel/code-frame
1455 silly ADD node_modules/jest-haste-map
1456 silly ADD node_modules/jest-get-type
1457 silly ADD node_modules/jest-environment-node
1458 silly ADD node_modules/istanbul-lib-instrument
1459 silly ADD node_modules/istanbul-lib-instrument/node_modules/semver
1460 silly ADD node_modules/istanbul-lib-coverage
1461 silly ADD node_modules/isexe
1462 silly ADD node_modules/is-wsl
1463 silly ADD node_modules/is-number
1464 silly ADD node_modules/is-fullwidth-code-point
1465 silly ADD node_modules/is-docker
1466 silly ADD node_modules/is-core-module
1467 silly ADD node_modules/is-arrayish
1468 silly ADD node_modules/invariant
1469 silly ADD node_modules/inline-style-prefixer
1470 silly ADD node_modules/ini
1471 silly ADD node_modules/inherits
1472 silly ADD node_modules/inflight
1473 silly ADD node_modules/imurmurhash
1474 silly ADD node_modules/image-size
1475 silly ADD node_modules/ignore
1476 silly ADD node_modules/ieee754
1477 silly ADD node_modules/hyphenate-style-name
1478 silly ADD node_modules/https-proxy-agent
1479 silly ADD node_modules/http-errors
1480 silly ADD node_modules/http-errors/node_modules/statuses
1481 silly ADD node_modules/hosted-git-info
1482 silly ADD node_modules/hosted-git-info/node_modules/lru-cache
1483 silly ADD node_modules/hoist-non-react-statics
1484 silly ADD node_modules/hoist-non-react-statics/node_modules/react-is
1485 silly ADD node_modules/hermes-parser
1486 silly ADD node_modules/hermes-estree
1487 silly ADD node_modules/hasown
1488 silly ADD node_modules/has-flag
1489 silly ADD node_modules/graceful-fs
1490 silly ADD node_modules/glob
1491 silly ADD node_modules/glob/node_modules/minimatch
1492 silly ADD node_modules/glob/node_modules/brace-expansion
1493 silly ADD node_modules/glob/node_modules/balanced-match
1494 silly ADD node_modules/getenv
1495 silly ADD node_modules/get-package-type
1496 silly ADD node_modules/get-caller-file
1497 silly ADD node_modules/gensync
1498 silly ADD node_modules/function-bind
1499 silly ADD node_modules/fs.realpath
1500 silly ADD node_modules/fresh
1501 silly ADD node_modules/freeport-async
1502 silly ADD node_modules/fontfaceobserver
1503 silly ADD node_modules/flow-enums-runtime
1504 silly ADD node_modules/find-up
1505 silly ADD node_modules/finalhandler
1506 silly ADD node_modules/finalhandler/node_modules/ms
1507 silly ADD node_modules/finalhandler/node_modules/debug
1508 silly ADD node_modules/filter-obj
1509 silly ADD node_modules/fill-range
1510 silly ADD node_modules/fbjs-css-vars
1511 silly ADD node_modules/fbjs
1512 silly ADD node_modules/fbjs/node_modules/promise
1513 silly ADD node_modules/fb-watchman
1514 silly ADD node_modules/fast-json-stable-stringify
1515 silly ADD node_modules/fast-deep-equal
1516 silly ADD node_modules/exponential-backoff
1517 silly ADD node_modules/expo-status-bar
1518 silly ADD node_modules/expo-server
1519 silly ADD node_modules/expo-modules-core
1520 silly ADD node_modules/expo-modules-autolinking
1521 silly ADD node_modules/expo-modules-autolinking/node_modules/supports-color
1522 silly ADD node_modules/expo-modules-autolinking/node_modules/has-flag
1523 silly ADD node_modules/expo-modules-autolinking/node_modules/color-name
1524 silly ADD node_modules/expo-modules-autolinking/node_modules/color-convert
1525 silly ADD node_modules/expo-modules-autolinking/node_modules/chalk
1526 silly ADD node_modules/expo-modules-autolinking/node_modules/ansi-styles
1527 silly ADD node_modules/event-target-shim
1528 silly ADD node_modules/etag
1529 silly ADD node_modules/esprima
1530 silly ADD node_modules/escape-string-regexp
1531 silly ADD node_modules/escape-html
1532 silly ADD node_modules/escalade
1533 silly ADD node_modules/error-stack-parser
1534 silly ADD node_modules/env-editor
1535 silly ADD node_modules/encodeurl
1536 silly ADD node_modules/emoji-regex
1537 silly ADD node_modules/electron-to-chromium
1538 silly ADD node_modules/ee-first
1539 silly ADD node_modules/dotenv-expand
1540 silly ADD node_modules/dotenv
1541 silly ADD node_modules/detect-libc
1542 silly ADD node_modules/destroy
1543 silly ADD node_modules/depd
1544 silly ADD node_modules/define-lazy-prop
1545 silly ADD node_modules/defaults
1546 silly ADD node_modules/deepmerge
1547 silly ADD node_modules/deep-extend
1548 silly ADD node_modules/decode-uri-component
1549 silly ADD node_modules/debug
1550 silly ADD node_modules/css-in-js-utils
1551 silly ADD node_modules/cross-spawn
1552 silly ADD node_modules/cross-fetch
1553 silly ADD node_modules/core-js-compat
1554 silly ADD node_modules/convert-source-map
1555 silly ADD node_modules/connect
1556 silly ADD node_modules/connect/node_modules/ms
1557 silly ADD node_modules/connect/node_modules/debug
1558 silly ADD node_modules/concat-map
1559 silly ADD node_modules/compression
1560 silly ADD node_modules/compression/node_modules/negotiator
1561 silly ADD node_modules/compression/node_modules/ms
1562 silly ADD node_modules/compression/node_modules/debug
1563 silly ADD node_modules/compressible
1564 silly ADD node_modules/commander
1565 silly ADD node_modules/color-string
1566 silly ADD node_modules/color-name
1567 silly ADD node_modules/color-convert
1568 silly ADD node_modules/color
1569 silly ADD node_modules/color/node_modules/color-name
1570 silly ADD node_modules/color/node_modules/color-convert
1571 silly ADD node_modules/clone
1572 silly ADD node_modules/cliui
1573 silly ADD node_modules/cli-spinners
1574 silly ADD node_modules/cli-cursor
1575 silly ADD node_modules/ci-info
1576 silly ADD node_modules/chromium-edge-launcher
1577 silly ADD node_modules/chromium-edge-launcher/node_modules/escape-string-regexp
1578 silly ADD node_modules/chrome-launcher
1579 silly ADD node_modules/chrome-launcher/node_modules/escape-string-regexp
1580 silly ADD node_modules/chownr
1581 silly ADD node_modules/chalk
1582 silly ADD node_modules/caniuse-lite
1583 silly ADD node_modules/camelcase
1584 silly ADD node_modules/bytes
1585 silly ADD node_modules/buffer-from
1586 silly ADD node_modules/buffer
1587 silly ADD node_modules/bser
1588 silly ADD node_modules/browserslist
1589 silly ADD node_modules/braces
1590 silly ADD node_modules/brace-expansion
1591 silly ADD node_modules/bplist-parser
1592 silly ADD node_modules/bplist-creator
1593 silly ADD node_modules/big-integer
1594 silly ADD node_modules/better-opn
1595 silly ADD node_modules/better-opn/node_modules/open
1596 silly ADD node_modules/baseline-browser-mapping
1597 silly ADD node_modules/base64-js
1598 silly ADD node_modules/balanced-match
1599 silly ADD node_modules/babel-preset-jest
1600 silly ADD node_modules/babel-preset-current-node-syntax
1601 silly ADD node_modules/babel-plugin-transform-flow-enums
1602 silly ADD node_modules/babel-plugin-syntax-hermes-parser
1603 silly ADD node_modules/babel-plugin-syntax-hermes-parser/node_modules/hermes-parser
1604 silly ADD node_modules/babel-plugin-syntax-hermes-parser/node_modules/hermes-estree
1605 silly ADD node_modules/babel-plugin-react-native-web
1606 silly ADD node_modules/babel-plugin-react-compiler
1607 silly ADD node_modules/babel-plugin-polyfill-regenerator
1608 silly ADD node_modules/babel-plugin-polyfill-corejs3
1609 silly ADD node_modules/babel-plugin-polyfill-corejs2
1610 silly ADD node_modules/babel-plugin-polyfill-corejs2/node_modules/semver
1611 silly ADD node_modules/babel-plugin-jest-hoist
1612 silly ADD node_modules/babel-plugin-istanbul
1613 silly ADD node_modules/babel-jest
1614 silly ADD node_modules/babel-jest/node_modules/supports-color
1615 silly ADD node_modules/babel-jest/node_modules/has-flag
1616 silly ADD node_modules/babel-jest/node_modules/color-name
1617 silly ADD node_modules/babel-jest/node_modules/color-convert
1618 silly ADD node_modules/babel-jest/node_modules/chalk
1619 silly ADD node_modules/babel-jest/node_modules/ansi-styles
1620 silly ADD node_modules/async-limiter
1621 silly ADD node_modules/asap
1622 silly ADD node_modules/argparse
1623 silly ADD node_modules/arg
1624 silly ADD node_modules/anymatch
1625 silly ADD node_modules/any-promise
1626 silly ADD node_modules/ansi-styles
1627 silly ADD node_modules/ansi-regex
1628 silly ADD node_modules/ansi-escapes
1629 silly ADD node_modules/ansi-escapes/node_modules/type-fest
1630 silly ADD node_modules/anser
1631 silly ADD node_modules/agent-base
1632 silly ADD node_modules/acorn
1633 silly ADD node_modules/accepts
1634 silly ADD node_modules/abort-controller
1635 silly ADD node_modules/@xmldom/xmldom
1636 silly ADD node_modules/@urql/exchange-retry
1637 silly ADD node_modules/@urql/core
1638 silly ADD node_modules/@ungap/structured-clone
1639 silly ADD node_modules/@types/yargs-parser
1640 silly ADD node_modules/@types/yargs
1641 silly ADD node_modules/@types/stack-utils
1642 silly ADD node_modules/@types/node
1643 silly ADD node_modules/@types/istanbul-reports
1644 silly ADD node_modules/@types/istanbul-lib-report
1645 silly ADD node_modules/@types/istanbul-lib-coverage
1646 silly ADD node_modules/@types/hammerjs
1647 silly ADD node_modules/@types/graceful-fs
1648 silly ADD node_modules/@types/babel__traverse
1649 silly ADD node_modules/@types/babel__template
1650 silly ADD node_modules/@types/babel__generator
1651 silly ADD node_modules/@types/babel__core
1652 silly ADD node_modules/@sinonjs/fake-timers
1653 silly ADD node_modules/@sinonjs/commons
1654 silly ADD node_modules/@sinclair/typebox
1655 silly ADD node_modules/@react-navigation/routers
1656 silly ADD node_modules/@react-navigation/native
1657 silly ADD node_modules/@react-navigation/native/node_modules/escape-string-regexp
1658 silly ADD node_modules/@react-navigation/elements
1659 silly ADD node_modules/@react-navigation/drawer
1660 silly ADD node_modules/@react-navigation/core
1661 silly ADD node_modules/@react-navigation/core/node_modules/react-is
1662 silly ADD node_modules/@react-navigation/core/node_modules/escape-string-regexp
1663 silly ADD node_modules/@react-navigation/bottom-tabs
1664 silly ADD node_modules/@react-native/normalize-colors
1665 silly ADD node_modules/@react-native/metro-config
1666 silly ADD node_modules/@react-native/metro-config/node_modules/@react-native/js-polyfills
1667 silly ADD node_modules/@react-native/metro-babel-transformer
1668 silly ADD node_modules/@react-native/metro-babel-transformer/node_modules/babel-plugin-syntax-hermes-parser
1669 silly ADD node_modules/@react-native/metro-babel-transformer/node_modules/@react-native/codegen
1670 silly ADD node_modules/@react-native/metro-babel-transformer/node_modules/@react-native/babel-preset
1671 silly ADD node_modules/@react-native/metro-babel-transformer/node_modules/@react-native/babel-plugin-codegen
1672 silly ADD node_modules/@react-native/js-polyfills
1673 silly ADD node_modules/@react-native/gradle-plugin
1674 silly ADD node_modules/@react-native/dev-middleware
1675 silly ADD node_modules/@react-native/dev-middleware/node_modules/ws
1676 silly ADD node_modules/@react-native/debugger-frontend
1677 silly ADD node_modules/@react-native/community-cli-plugin
1678 silly ADD node_modules/@react-native/codegen
1679 silly ADD node_modules/@react-native/codegen/node_modules/minimatch
1680 silly ADD node_modules/@react-native/codegen/node_modules/hermes-parser
1681 silly ADD node_modules/@react-native/codegen/node_modules/hermes-estree
1682 silly ADD node_modules/@react-native/codegen/node_modules/glob
1683 silly ADD node_modules/@react-native/codegen/node_modules/brace-expansion
1684 silly ADD node_modules/@react-native/babel-preset
1685 silly ADD node_modules/@react-native/babel-plugin-codegen
1686 silly ADD node_modules/@react-native/assets-registry
1687 silly ADD node_modules/@react-native-picker/picker
1688 silly ADD node_modules/@jridgewell/trace-mapping
1689 silly ADD node_modules/@jridgewell/sourcemap-codec
1690 silly ADD node_modules/@jridgewell/source-map
1691 silly ADD node_modules/@jridgewell/resolve-uri
1692 silly ADD node_modules/@jridgewell/remapping
1693 silly ADD node_modules/@jridgewell/gen-mapping
1694 silly ADD node_modules/@jest/types
1695 silly ADD node_modules/@jest/types/node_modules/supports-color
1696 silly ADD node_modules/@jest/types/node_modules/has-flag
1697 silly ADD node_modules/@jest/types/node_modules/color-name
1698 silly ADD node_modules/@jest/types/node_modules/color-convert
1699 silly ADD node_modules/@jest/types/node_modules/chalk
1700 silly ADD node_modules/@jest/types/node_modules/ansi-styles
1701 silly ADD node_modules/@jest/transform
1702 silly ADD node_modules/@jest/transform/node_modules/supports-color
1703 silly ADD node_modules/@jest/transform/node_modules/has-flag
1704 silly ADD node_modules/@jest/transform/node_modules/color-name
1705 silly ADD node_modules/@jest/transform/node_modules/color-convert
1706 silly ADD node_modules/@jest/transform/node_modules/chalk
1707 silly ADD node_modules/@jest/transform/node_modules/ansi-styles
1708 silly ADD node_modules/@jest/schemas
1709 silly ADD node_modules/@jest/fake-timers
1710 silly ADD node_modules/@jest/environment
1711 silly ADD node_modules/@jest/create-cache-key-function
1712 silly ADD node_modules/@istanbuljs/schema
1713 silly ADD node_modules/@istanbuljs/load-nyc-config
1714 silly ADD node_modules/@istanbuljs/load-nyc-config/node_modules/camelcase
1715 silly ADD node_modules/@isaacs/ttlcache
1716 silly ADD node_modules/@isaacs/fs-minipass
1717 silly ADD node_modules/@expo/xcpretty
1718 silly ADD node_modules/@expo/xcpretty/node_modules/supports-color
1719 silly ADD node_modules/@expo/xcpretty/node_modules/js-yaml
1720 silly ADD node_modules/@expo/xcpretty/node_modules/has-flag
1721 silly ADD node_modules/@expo/xcpretty/node_modules/color-name
1722 silly ADD node_modules/@expo/xcpretty/node_modules/color-convert
1723 silly ADD node_modules/@expo/xcpretty/node_modules/chalk
1724 silly ADD node_modules/@expo/xcpretty/node_modules/argparse
1725 silly ADD node_modules/@expo/xcpretty/node_modules/ansi-styles
1726 silly ADD node_modules/@expo/xcpretty/node_modules/@babel/code-frame
1727 silly ADD node_modules/@expo/ws-tunnel
1728 silly ADD node_modules/@expo/sudo-prompt
1729 silly ADD node_modules/@expo/spawn-async
1730 silly ADD node_modules/@expo/sdk-runtime-versions
1731 silly ADD node_modules/@expo/schema-utils
1732 silly ADD node_modules/@expo/plist
1733 silly ADD node_modules/@expo/package-manager
1734 silly ADD node_modules/@expo/package-manager/node_modules/supports-color
1735 silly ADD node_modules/@expo/package-manager/node_modules/has-flag
1736 silly ADD node_modules/@expo/package-manager/node_modules/color-name
1737 silly ADD node_modules/@expo/package-manager/node_modules/color-convert
1738 silly ADD node_modules/@expo/package-manager/node_modules/chalk
1739 silly ADD node_modules/@expo/package-manager/node_modules/ansi-styles
1740 silly ADD node_modules/@expo/osascript
1741 silly ADD node_modules/@expo/metro-runtime
1742 silly ADD node_modules/@expo/metro
1743 silly ADD node_modules/@expo/json-file
1744 silly ADD node_modules/@expo/json-file/node_modules/@babel/code-frame
1745 silly ADD node_modules/@expo/image-utils
1746 silly ADD node_modules/@expo/image-utils/node_modules/supports-color
1747 silly ADD node_modules/@expo/image-utils/node_modules/has-flag
1748 silly ADD node_modules/@expo/image-utils/node_modules/color-name
1749 silly ADD node_modules/@expo/image-utils/node_modules/color-convert
1750 silly ADD node_modules/@expo/image-utils/node_modules/chalk
1751 silly ADD node_modules/@expo/image-utils/node_modules/ansi-styles
1752 silly ADD node_modules/@expo/fingerprint
1753 silly ADD node_modules/@expo/fingerprint/node_modules/supports-color
1754 silly ADD node_modules/@expo/fingerprint/node_modules/has-flag
1755 silly ADD node_modules/@expo/fingerprint/node_modules/color-name
1756 silly ADD node_modules/@expo/fingerprint/node_modules/color-convert
1757 silly ADD node_modules/@expo/fingerprint/node_modules/chalk
1758 silly ADD node_modules/@expo/fingerprint/node_modules/ansi-styles
1759 silly ADD node_modules/@expo/env
1760 silly ADD node_modules/@expo/env/node_modules/supports-color
1761 silly ADD node_modules/@expo/env/node_modules/has-flag
1762 silly ADD node_modules/@expo/env/node_modules/color-name
1763 silly ADD node_modules/@expo/env/node_modules/color-convert
1764 silly ADD node_modules/@expo/env/node_modules/chalk
1765 silly ADD node_modules/@expo/env/node_modules/ansi-styles
1766 silly ADD node_modules/@expo/devtools
1767 silly ADD node_modules/@expo/devtools/node_modules/supports-color
1768 silly ADD node_modules/@expo/devtools/node_modules/has-flag
1769 silly ADD node_modules/@expo/devtools/node_modules/color-name
1770 silly ADD node_modules/@expo/devtools/node_modules/color-convert
1771 silly ADD node_modules/@expo/devtools/node_modules/chalk
1772 silly ADD node_modules/@expo/devtools/node_modules/ansi-styles
1773 silly ADD node_modules/@expo/devcert
1774 silly ADD node_modules/@expo/devcert/node_modules/debug
1775 silly ADD node_modules/@expo/config-types
1776 silly ADD node_modules/@expo/config-plugins
1777 silly ADD node_modules/@expo/config-plugins/node_modules/supports-color
1778 silly ADD node_modules/@expo/config-plugins/node_modules/has-flag
1779 silly ADD node_modules/@expo/config-plugins/node_modules/color-name
1780 silly ADD node_modules/@expo/config-plugins/node_modules/color-convert
1781 silly ADD node_modules/@expo/config-plugins/node_modules/chalk
1782 silly ADD node_modules/@expo/config-plugins/node_modules/ansi-styles
1783 silly ADD node_modules/@expo/config
1784 silly ADD node_modules/@expo/code-signing-certificates
1785 silly ADD node_modules/@egjs/hammerjs
1786 silly ADD node_modules/@babel/types
1787 silly ADD node_modules/@babel/traverse--for-generate-function-map
1788 silly ADD node_modules/@babel/traverse--for-generate-function-map/node_modules/@babel/code-frame
1789 silly ADD node_modules/@babel/traverse
1790 silly ADD node_modules/@babel/traverse/node_modules/@babel/code-frame
1791 silly ADD node_modules/@babel/template
1792 silly ADD node_modules/@babel/template/node_modules/@babel/code-frame
1793 silly ADD node_modules/@babel/runtime
1794 silly ADD node_modules/@babel/preset-typescript
1795 silly ADD node_modules/@babel/preset-react
1796 silly ADD node_modules/@babel/plugin-transform-unicode-regex
1797 silly ADD node_modules/@babel/plugin-transform-typescript
1798 silly ADD node_modules/@babel/plugin-transform-template-literals
1799 silly ADD node_modules/@babel/plugin-transform-sticky-regex
1800 silly ADD node_modules/@babel/plugin-transform-spread
1801 silly ADD node_modules/@babel/plugin-transform-shorthand-properties
1802 silly ADD node_modules/@babel/plugin-transform-runtime
1803 silly ADD node_modules/@babel/plugin-transform-runtime/node_modules/semver
1804 silly ADD node_modules/@babel/plugin-transform-regenerator
1805 silly ADD node_modules/@babel/plugin-transform-react-pure-annotations
1806 silly ADD node_modules/@babel/plugin-transform-react-jsx-source
1807 silly ADD node_modules/@babel/plugin-transform-react-jsx-self
1808 silly ADD node_modules/@babel/plugin-transform-react-jsx-development
1809 silly ADD node_modules/@babel/plugin-transform-react-jsx
1810 silly ADD node_modules/@babel/plugin-transform-react-display-name
1811 silly ADD node_modules/@babel/plugin-transform-private-property-in-object
1812 silly ADD node_modules/@babel/plugin-transform-private-methods
1813 silly ADD node_modules/@babel/plugin-transform-parameters
1814 silly ADD node_modules/@babel/plugin-transform-optional-chaining
1815 silly ADD node_modules/@babel/plugin-transform-optional-catch-binding
1816 silly ADD node_modules/@babel/plugin-transform-object-rest-spread
1817 silly ADD node_modules/@babel/plugin-transform-numeric-separator
1818 silly ADD node_modules/@babel/plugin-transform-nullish-coalescing-operator
1819 silly ADD node_modules/@babel/plugin-transform-named-capturing-groups-regex
1820 silly ADD node_modules/@babel/plugin-transform-modules-commonjs
1821 silly ADD node_modules/@babel/plugin-transform-logical-assignment-operators
1822 silly ADD node_modules/@babel/plugin-transform-literals
1823 silly ADD node_modules/@babel/plugin-transform-function-name
1824 silly ADD node_modules/@babel/plugin-transform-for-of
1825 silly ADD node_modules/@babel/plugin-transform-flow-strip-types
1826 silly ADD node_modules/@babel/plugin-transform-export-namespace-from
1827 silly ADD node_modules/@babel/plugin-transform-destructuring
1828 silly ADD node_modules/@babel/plugin-transform-computed-properties
1829 silly ADD node_modules/@babel/plugin-transform-classes
1830 silly ADD node_modules/@babel/plugin-transform-class-static-block
1831 silly ADD node_modules/@babel/plugin-transform-class-properties
1832 silly ADD node_modules/@babel/plugin-transform-block-scoping
1833 silly ADD node_modules/@babel/plugin-transform-async-to-generator
1834 silly ADD node_modules/@babel/plugin-transform-async-generator-functions
1835 silly ADD node_modules/@babel/plugin-transform-arrow-functions
1836 silly ADD node_modules/@babel/plugin-syntax-typescript
1837 silly ADD node_modules/@babel/plugin-syntax-top-level-await
1838 silly ADD node_modules/@babel/plugin-syntax-private-property-in-object
1839 silly ADD node_modules/@babel/plugin-syntax-optional-chaining
1840 silly ADD node_modules/@babel/plugin-syntax-optional-catch-binding
1841 silly ADD node_modules/@babel/plugin-syntax-object-rest-spread
1842 silly ADD node_modules/@babel/plugin-syntax-numeric-separator
1843 silly ADD node_modules/@babel/plugin-syntax-nullish-coalescing-operator
1844 silly ADD node_modules/@babel/plugin-syntax-logical-assignment-operators
1845 silly ADD node_modules/@babel/plugin-syntax-jsx
1846 silly ADD node_modules/@babel/plugin-syntax-json-strings
1847 silly ADD node_modules/@babel/plugin-syntax-import-meta
1848 silly ADD node_modules/@babel/plugin-syntax-import-attributes
1849 silly ADD node_modules/@babel/plugin-syntax-flow
1850 silly ADD node_modules/@babel/plugin-syntax-export-default-from
1851 silly ADD node_modules/@babel/plugin-syntax-dynamic-import
1852 silly ADD node_modules/@babel/plugin-syntax-decorators
1853 silly ADD node_modules/@babel/plugin-syntax-class-static-block
1854 silly ADD node_modules/@babel/plugin-syntax-class-properties
1855 silly ADD node_modules/@babel/plugin-syntax-bigint
1856 silly ADD node_modules/@babel/plugin-syntax-async-generators
1857 silly ADD node_modules/@babel/plugin-proposal-export-default-from
1858 silly ADD node_modules/@babel/plugin-proposal-decorators
1859 silly ADD node_modules/@babel/parser
1860 silly ADD node_modules/@babel/highlight
1861 silly ADD node_modules/@babel/helpers
1862 silly ADD node_modules/@babel/helper-wrap-function
1863 silly ADD node_modules/@babel/helper-validator-option
1864 silly ADD node_modules/@babel/helper-validator-identifier
1865 silly ADD node_modules/@babel/helper-string-parser
1866 silly ADD node_modules/@babel/helper-skip-transparent-expression-wrappers
1867 silly ADD node_modules/@babel/helper-replace-supers
1868 silly ADD node_modules/@babel/helper-remap-async-to-generator
1869 silly ADD node_modules/@babel/helper-plugin-utils
1870 silly ADD node_modules/@babel/helper-optimise-call-expression
1871 silly ADD node_modules/@babel/helper-module-transforms
1872 silly ADD node_modules/@babel/helper-module-imports
1873 silly ADD node_modules/@babel/helper-member-expression-to-functions
1874 silly ADD node_modules/@babel/helper-globals
1875 silly ADD node_modules/@babel/helper-define-polyfill-provider
1876 silly ADD node_modules/@babel/helper-create-regexp-features-plugin
1877 silly ADD node_modules/@babel/helper-create-regexp-features-plugin/node_modules/semver
1878 silly ADD node_modules/@babel/helper-create-class-features-plugin
1879 silly ADD node_modules/@babel/helper-create-class-features-plugin/node_modules/semver
1880 silly ADD node_modules/@babel/helper-compilation-targets
1881 silly ADD node_modules/@babel/helper-compilation-targets/node_modules/semver
1882 silly ADD node_modules/@babel/helper-annotate-as-pure
1883 silly ADD node_modules/@babel/generator
1884 silly ADD node_modules/@babel/core
1885 silly ADD node_modules/@babel/core/node_modules/semver
1886 silly ADD node_modules/@babel/core/node_modules/@babel/code-frame
1887 silly ADD node_modules/@babel/compat-data
1888 silly ADD node_modules/@babel/code-frame
1889 silly ADD node_modules/@0no-co/graphql.web
1890 verbose cwd C:\Users\aimee\Downloads\calculadora-e-temporizador-main
1891 verbose os Windows_NT 10.0.26200
1892 verbose node v24.14.0
1893 verbose npm  v11.9.0
1894 verbose exit 0
1895 info ok
